timestamp,price
2026-03-02 14:47:00+00:00,66770.67
2026-03-02 14:48:00+00:00,66805.02
2026-03-02 14:49:00+00:00,66991.69
2026-03-02 14:50:00+00:00,67181.76
2026-03-02 14:51:00+00:00,67062.84
2026-03-02 14:52:00+00:00,67092.11
2026-03-02 14:53:00+00:00,66951.52
2026-03-02 14:54:00+00:00,66975.65
2026-03-02 14:55:00+00:00,67002.6
2026-03-02 14:56:00+00:00,66945.79
2026-03-02 14:57:00+00:00,67029.99
2026-03-02 14:58:00+00:00,67101.44
2026-03-02 14:59:00+00:00,67180.89
2026-03-02 15:00:00+00:00,67014.99
2026-03-02 15:01:00+00:00,67365.0
2026-03-02 15:02:00+00:00,67227.71
2026-03-02 15:03:00+00:00,67285.45
2026-03-02 15:04:00+00:00,67280.1
2026-03-02 15:05:00+00:00,67356.42
2026-03-02 15:06:00+00:00,67365.04
2026-03-02 15:07:00+00:00,67559.5
2026-03-02 15:08:00+00:00,67812.0
2026-03-02 15:09:00+00:00,67770.91
2026-03-02 15:10:00+00:00,67882.03
2026-03-02 15:11:00+00:00,68065.99
2026-03-02 15:12:00+00:00,68272.41
2026-03-02 15:13:00+00:00,68291.99
2026-03-02 15:14:00+00:00,68446.43
2026-03-02 15:15:00+00:00,68369.66
2026-03-02 15:16:00+00:00,68438.03
2026-03-02 15:17:00+00:00,68587.2
2026-03-02 15:18:00+00:00,68443.21
2026-03-02 15:19:00+00:00,68397.12
2026-03-02 15:20:00+00:00,68774.23
2026-03-02 15:21:00+00:00,68589.19
2026-03-02 15:22:00+00:00,68567.98
2026-03-02 15:23:00+00:00,68703.03
2026-03-02 15:24:00+00:00,68666.22
2026-03-02 15:25:00+00:00,68642.6
2026-03-02 15:26:00+00:00,68711.08
2026-03-02 15:27:00+00:00,68668.04
2026-03-02 15:28:00+00:00,68567.83
2026-03-02 15:29:00+00:00,68591.92
2026-03-02 15:30:00+00:00,68694.93
2026-03-02 15:31:00+00:00,68682.64
2026-03-02 15:32:00+00:00,68526.98
2026-03-02 15:33:00+00:00,68647.51
2026-03-02 15:34:00+00:00,68900.0
2026-03-02 15:35:00+00:00,68996.17
2026-03-02 15:36:00+00:00,69107.97
2026-03-02 15:37:00+00:00,69169.49
2026-03-02 15:38:00+00:00,69336.01
2026-03-02 15:39:00+00:00,69471.97
2026-03-02 15:40:00+00:00,69237.99
2026-03-02 15:41:00+00:00,69350.98
2026-03-02 15:42:00+00:00,69454.08
2026-03-02 15:43:00+00:00,69523.25
2026-03-02 15:44:00+00:00,69565.79
2026-03-02 15:45:00+00:00,69444.15
2026-03-02 15:46:00+00:00,69603.84
2026-03-02 15:47:00+00:00,69465.18
2026-03-02 15:48:00+00:00,69380.0
2026-03-02 15:49:00+00:00,69302.24
2026-03-02 15:50:00+00:00,69471.86
2026-03-02 15:51:00+00:00,69321.61
2026-03-02 15:52:00+00:00,69262.01
2026-03-02 15:53:00+00:00,68952.03
2026-03-02 15:54:00+00:00,68975.2
2026-03-02 15:55:00+00:00,69093.4
2026-03-02 15:56:00+00:00,68955.11
2026-03-02 15:57:00+00:00,69082.02
2026-03-02 15:58:00+00:00,69076.03
2026-03-02 15:59:00+00:00,69152.45
2026-03-02 16:00:00+00:00,69102.72
2026-03-02 16:01:00+00:00,69200.64
2026-03-02 16:02:00+00:00,69047.83
2026-03-02 16:03:00+00:00,69156.99
2026-03-02 16:04:00+00:00,69293.87
2026-03-02 16:05:00+00:00,69336.86
2026-03-02 16:06:00+00:00,69461.61
2026-03-02 16:07:00+00:00,69445.45
2026-03-02 16:08:00+00:00,69613.7
2026-03-02 16:09:00+00:00,69770.27
2026-03-02 16:10:00+00:00,69693.12
2026-03-02 16:11:00+00:00,69714.01
2026-03-02 16:12:00+00:00,69629.34
2026-03-02 16:13:00+00:00,69631.93
2026-03-02 16:14:00+00:00,69698.64
2026-03-02 16:15:00+00:00,69559.21
2026-03-02 16:16:00+00:00,69577.57
2026-03-02 16:17:00+00:00,69541.45
2026-03-02 16:18:00+00:00,69587.01
2026-03-02 16:19:00+00:00,69494.0
2026-03-02 16:20:00+00:00,69561.67
2026-03-02 16:21:00+00:00,69528.1
2026-03-02 16:22:00+00:00,69653.19
2026-03-02 16:23:00+00:00,69740.51
2026-03-02 16:24:00+00:00,69618.54
2026-03-02 16:25:00+00:00,69576.56
2026-03-02 16:26:00+00:00,69463.61
2026-03-02 16:27:00+00:00,69391.73
2026-03-02 16:28:00+00:00,69390.71
2026-03-02 16:29:00+00:00,69419.99
2026-03-02 16:30:00+00:00,69471.34
2026-03-02 16:31:00+00:00,69373.59
2026-03-02 16:32:00+00:00,69485.56
2026-03-02 16:33:00+00:00,69339.05
2026-03-02 16:34:00+00:00,69312.97
2026-03-02 16:35:00+00:00,69370.0
2026-03-02 16:36:00+00:00,69286.6
2026-03-02 16:37:00+00:00,69178.63
2026-03-02 16:38:00+00:00,69141.3
2026-03-02 16:39:00+00:00,69212.16
2026-03-02 16:40:00+00:00,69253.59
2026-03-02 16:41:00+00:00,69522.78
2026-03-02 16:42:00+00:00,69534.01
2026-03-02 16:43:00+00:00,69632.65
2026-03-02 16:44:00+00:00,69884.01
2026-03-02 16:45:00+00:00,69997.75
2026-03-02 16:46:00+00:00,70095.98
2026-03-02 16:47:00+00:00,69898.14
2026-03-02 16:48:00+00:00,69875.91
2026-03-02 16:49:00+00:00,69865.49
2026-03-02 16:50:00+00:00,69742.07
2026-03-02 16:51:00+00:00,69818.01
2026-03-02 16:52:00+00:00,69774.72
2026-03-02 16:53:00+00:00,69726.55
2026-03-02 16:54:00+00:00,69673.29
2026-03-02 16:55:00+00:00,69616.0
2026-03-02 16:56:00+00:00,69564.56
2026-03-02 16:57:00+00:00,69527.26
2026-03-02 16:58:00+00:00,69589.23
2026-03-02 16:59:00+00:00,69483.28
2026-03-02 17:00:00+00:00,69484.19
2026-03-02 17:01:00+00:00,69455.69
2026-03-02 17:02:00+00:00,69417.99
2026-03-02 17:03:00+00:00,69502.72
2026-03-02 17:04:00+00:00,69597.67
2026-03-02 17:05:00+00:00,69452.31
2026-03-02 17:06:00+00:00,69485.73
2026-03-02 17:07:00+00:00,69428.17
2026-03-02 17:08:00+00:00,69343.15
2026-03-02 17:09:00+00:00,69342.2
2026-03-02 17:10:00+00:00,69352.74
2026-03-02 17:11:00+00:00,69435.97
2026-03-02 17:12:00+00:00,69465.57
2026-03-02 17:13:00+00:00,69470.0
2026-03-02 17:14:00+00:00,69454.09
2026-03-02 17:15:00+00:00,69542.7
2026-03-02 17:16:00+00:00,69379.01
2026-03-02 17:17:00+00:00,69229.0
2026-03-02 17:18:00+00:00,69240.0
2026-03-02 17:19:00+00:00,69314.79
2026-03-02 17:20:00+00:00,69409.1
2026-03-02 17:21:00+00:00,69460.94
2026-03-02 17:22:00+00:00,69436.8
2026-03-02 17:23:00+00:00,69451.21
2026-03-02 17:24:00+00:00,69438.3
2026-03-02 17:25:00+00:00,69427.14
2026-03-02 17:26:00+00:00,69350.4
2026-03-02 17:27:00+00:00,69349.6
2026-03-02 17:28:00+00:00,69403.58
2026-03-02 17:29:00+00:00,69428.01
2026-03-02 17:30:00+00:00,69439.21
2026-03-02 17:31:00+00:00,69396.31
2026-03-02 17:32:00+00:00,69375.58
2026-03-02 17:33:00+00:00,69330.07
2026-03-02 17:34:00+00:00,69314.46
2026-03-02 17:35:00+00:00,69389.99
2026-03-02 17:36:00+00:00,69416.64
2026-03-02 17:37:00+00:00,69210.01
2026-03-02 17:38:00+00:00,69165.79
2026-03-02 17:39:00+00:00,69121.98
2026-03-02 17:40:00+00:00,69145.92
2026-03-02 17:41:00+00:00,69206.41
2026-03-02 17:42:00+00:00,69091.21
2026-03-02 17:43:00+00:00,68852.46
2026-03-02 17:44:00+00:00,68863.68
2026-03-02 17:45:00+00:00,68907.21
2026-03-02 17:46:00+00:00,68929.91
2026-03-02 17:47:00+00:00,69015.49
2026-03-02 17:48:00+00:00,68938.58
2026-03-02 17:49:00+00:00,68978.87
2026-03-02 17:50:00+00:00,68958.0
2026-03-02 17:51:00+00:00,69085.44
2026-03-02 17:52:00+00:00,69079.21
2026-03-02 17:53:00+00:00,69125.76
2026-03-02 17:54:00+00:00,69187.16
2026-03-02 17:55:00+00:00,69144.81
2026-03-02 17:56:00+00:00,69120.66
2026-03-02 17:57:00+00:00,69065.27
2026-03-02 17:58:00+00:00,69149.98
2026-03-02 17:59:00+00:00,69212.76
2026-03-02 18:00:00+00:00,69114.25
2026-03-02 18:01:00+00:00,68998.42
2026-03-02 18:02:00+00:00,68921.28
2026-03-02 18:03:00+00:00,68872.4
2026-03-02 18:04:00+00:00,68959.42
2026-03-02 18:05:00+00:00,69048.0
2026-03-02 18:06:00+00:00,69073.52
2026-03-02 18:07:00+00:00,69072.45
2026-03-02 18:08:00+00:00,69040.58
2026-03-02 18:09:00+00:00,69054.0
2026-03-02 18:10:00+00:00,69050.12
2026-03-02 18:11:00+00:00,69066.65
2026-03-02 18:12:00+00:00,69024.26
2026-03-02 18:13:00+00:00,69119.54
2026-03-02 18:14:00+00:00,69212.01
2026-03-02 18:15:00+00:00,69100.01
2026-03-02 18:16:00+00:00,69106.87
2026-03-02 18:17:00+00:00,69082.56
2026-03-02 18:18:00+00:00,69037.99
2026-03-02 18:19:00+00:00,69030.76
2026-03-02 18:20:00+00:00,69046.57
2026-03-02 18:21:00+00:00,69062.42
2026-03-02 18:22:00+00:00,69051.55
2026-03-02 18:23:00+00:00,69057.94
2026-03-02 18:24:00+00:00,69062.42
2026-03-02 18:25:00+00:00,69066.1
2026-03-02 18:26:00+00:00,69110.1
2026-03-02 18:27:00+00:00,69176.75
2026-03-02 18:28:00+00:00,69182.26
2026-03-02 18:29:00+00:00,69122.81
2026-03-02 18:30:00+00:00,69115.87
2026-03-02 18:31:00+00:00,69173.75
2026-03-02 18:32:00+00:00,69280.04
2026-03-02 18:33:00+00:00,69220.8
2026-03-02 18:34:00+00:00,69212.16
2026-03-02 18:35:00+00:00,69177.69
2026-03-02 18:36:00+00:00,69219.37
2026-03-02 18:37:00+00:00,69140.09
2026-03-02 18:38:00+00:00,69071.19
2026-03-02 18:39:00+00:00,69076.8
2026-03-02 18:40:00+00:00,69060.33
2026-03-02 18:41:00+00:00,68978.98
2026-03-02 18:42:00+00:00,69004.79
2026-03-02 18:43:00+00:00,69102.72
2026-03-02 18:44:00+00:00,69145.73
2026-03-02 18:45:00+00:00,69132.52
2026-03-02 18:46:00+00:00,69127.3
2026-03-02 18:47:00+00:00,69042.33
2026-03-02 18:48:00+00:00,69167.67
2026-03-02 18:49:00+00:00,69129.22
2026-03-02 18:50:00+00:00,69116.7
2026-03-02 18:51:00+00:00,69066.35
2026-03-02 18:52:00+00:00,69001.95
2026-03-02 18:53:00+00:00,69006.35
2026-03-02 18:54:00+00:00,69056.02
2026-03-02 18:55:00+00:00,68975.36
2026-03-02 18:56:00+00:00,69016.32
2026-03-02 18:57:00+00:00,68986.0
2026-03-02 18:58:00+00:00,68909.56
2026-03-02 18:59:00+00:00,68902.9
2026-03-02 19:00:00+00:00,68930.0
2026-03-02 19:01:00+00:00,68901.13
2026-03-02 19:02:00+00:00,68882.11
2026-03-02 19:03:00+00:00,68834.6
2026-03-02 19:04:00+00:00,68912.64
2026-03-02 19:05:00+00:00,68821.88
2026-03-02 19:06:00+00:00,68764.74
2026-03-02 19:07:00+00:00,68745.6
2026-03-02 19:08:00+00:00,68697.94
2026-03-02 19:09:00+00:00,68792.0
2026-03-02 19:10:00+00:00,68675.24
2026-03-02 19:11:00+00:00,68656.25
2026-03-02 19:12:00+00:00,68751.76
2026-03-02 19:13:00+00:00,68721.79
2026-03-02 19:14:00+00:00,68766.37
2026-03-02 19:15:00+00:00,68777.3
2026-03-02 19:16:00+00:00,68800.0
2026-03-02 19:17:00+00:00,68899.99
2026-03-02 19:18:00+00:00,68860.8
2026-03-02 19:19:00+00:00,68884.0
2026-03-02 19:20:00+00:00,68850.98
2026-03-02 19:21:00+00:00,68869.37
2026-03-02 19:22:00+00:00,68850.65
2026-03-02 19:23:00+00:00,68934.0
2026-03-02 19:24:00+00:00,68857.94
2026-03-02 19:25:00+00:00,68901.79
2026-03-02 19:26:00+00:00,68873.32
2026-03-02 19:27:00+00:00,68841.64
2026-03-02 19:28:00+00:00,68823.36
2026-03-02 19:29:00+00:00,68839.11
2026-03-02 19:30:00+00:00,68817.59
2026-03-02 19:31:00+00:00,68785.56
2026-03-02 19:32:00+00:00,68820.48
2026-03-02 19:33:00+00:00,68935.67
2026-03-02 19:34:00+00:00,68918.01
2026-03-02 19:35:00+00:00,68978.88
2026-03-02 19:36:00+00:00,69034.0
2026-03-02 19:37:00+00:00,68969.99
2026-03-02 19:38:00+00:00,68987.0
2026-03-02 19:39:00+00:00,68882.67
2026-03-02 19:40:00+00:00,68834.89
2026-03-02 19:41:00+00:00,68839.24
2026-03-02 19:42:00+00:00,68855.96
2026-03-02 19:43:00+00:00,68818.02
2026-03-02 19:44:00+00:00,68775.75
2026-03-02 19:45:00+00:00,68800.32
2026-03-02 19:46:00+00:00,68791.03
2026-03-02 19:47:00+00:00,68899.99
2026-03-02 19:48:00+00:00,68880.01
2026-03-02 19:49:00+00:00,68935.68
2026-03-02 19:50:00+00:00,68901.12
2026-03-02 19:51:00+00:00,68917.03
2026-03-02 19:52:00+00:00,68952.96
2026-03-02 19:53:00+00:00,68911.18
2026-03-02 19:54:00+00:00,68938.93
2026-03-02 19:55:00+00:00,68965.62
2026-03-02 19:56:00+00:00,68955.83
2026-03-02 19:57:00+00:00,68921.29
2026-03-02 19:58:00+00:00,68941.45
2026-03-02 19:59:00+00:00,68975.38
2026-03-02 20:00:00+00:00,68940.01
2026-03-02 20:01:00+00:00,68994.5
2026-03-02 20:02:00+00:00,69212.0
2026-03-02 20:03:00+00:00,69189.99
2026-03-02 20:04:00+00:00,69148.35
2026-03-02 20:05:00+00:00,69125.75
2026-03-02 20:06:00+00:00,68973.12
2026-03-02 20:07:00+00:00,68979.92
2026-03-02 20:08:00+00:00,68901.6
2026-03-02 20:09:00+00:00,68894.39
2026-03-02 20:10:00+00:00,68707.26
2026-03-02 20:11:00+00:00,68727.56
2026-03-02 20:12:00+00:00,68794.3
2026-03-02 20:13:00+00:00,68708.0
2026-03-02 20:14:00+00:00,68746.0
2026-03-02 20:15:00+00:00,68797.44
2026-03-02 20:16:00+00:00,68883.85
2026-03-02 20:17:00+00:00,68942.95
2026-03-02 20:18:00+00:00,68962.01
2026-03-02 20:19:00+00:00,68898.25
2026-03-02 20:20:00+00:00,68911.3
2026-03-02 20:21:00+00:00,68875.2
2026-03-02 20:22:00+00:00,68921.23
2026-03-02 20:23:00+00:00,68944.51
2026-03-02 20:24:00+00:00,69001.16
2026-03-02 20:25:00+00:00,68976.53
2026-03-02 20:26:00+00:00,68943.18
2026-03-02 20:27:00+00:00,68995.58
2026-03-02 20:28:00+00:00,69010.56
2026-03-02 20:29:00+00:00,68969.9
2026-03-02 20:30:00+00:00,68989.8
2026-03-02 20:31:00+00:00,69016.32
2026-03-02 20:32:00+00:00,69087.66
2026-03-02 20:33:00+00:00,69090.01
2026-03-02 20:34:00+00:00,69121.57
2026-03-02 20:35:00+00:00,69114.1
2026-03-02 20:36:00+00:00,69090.92
2026-03-02 20:37:00+00:00,69122.89
2026-03-02 20:38:00+00:00,69171.66
2026-03-02 20:39:00+00:00,69068.16
2026-03-02 20:40:00+00:00,69090.41
2026-03-02 20:41:00+00:00,69119.55
2026-03-02 20:42:00+00:00,69196.0
2026-03-02 20:43:00+00:00,69244.02
2026-03-02 20:44:00+00:00,69244.01
2026-03-02 20:45:00+00:00,69295.17
2026-03-02 20:46:00+00:00,69396.49
2026-03-02 20:47:00+00:00,69339.93
2026-03-02 20:48:00+00:00,69384.97
2026-03-02 20:49:00+00:00,69414.85
2026-03-02 20:50:00+00:00,69390.72
2026-03-02 20:51:00+00:00,69431.91
2026-03-02 20:52:00+00:00,69413.97
2026-03-02 20:53:00+00:00,69383.65
2026-03-02 20:54:00+00:00,69359.04
2026-03-02 20:55:00+00:00,69320.88
2026-03-02 20:56:00+00:00,69367.0
2026-03-02 20:57:00+00:00,69355.98
2026-03-02 20:58:00+00:00,69287.66
2026-03-02 20:59:00+00:00,69128.01
2026-03-02 21:00:00+00:00,69045.13
2026-03-02 21:01:00+00:00,69063.92
2026-03-02 21:02:00+00:00,69149.7
2026-03-02 21:03:00+00:00,69066.35
2026-03-02 21:04:00+00:00,69099.6
2026-03-02 21:05:00+00:00,69180.47
2026-03-02 21:06:00+00:00,69162.97
2026-03-02 21:07:00+00:00,69278.39
2026-03-02 21:08:00+00:00,69224.41
2026-03-02 21:09:00+00:00,69201.11
2026-03-02 21:10:00+00:00,69181.45
2026-03-02 21:11:00+00:00,69186.99
2026-03-02 21:12:00+00:00,69160.32
2026-03-02 21:13:00+00:00,69199.56
2026-03-02 21:14:00+00:00,69287.04
2026-03-02 21:15:00+00:00,69268.4
2026-03-02 21:16:00+00:00,69279.99
2026-03-02 21:17:00+00:00,69253.3
2026-03-02 21:18:00+00:00,69281.41
2026-03-02 21:19:00+00:00,69217.93
2026-03-02 21:20:00+00:00,69223.68
2026-03-02 21:21:00+00:00,69227.12
2026-03-02 21:22:00+00:00,69322.08
2026-03-02 21:23:00+00:00,69354.76
2026-03-02 21:24:00+00:00,69419.51
2026-03-02 21:25:00+00:00,69341.76
2026-03-02 21:26:00+00:00,69348.96
2026-03-02 21:27:00+00:00,69336.42
2026-03-02 21:28:00+00:00,69370.56
2026-03-02 21:29:00+00:00,69433.99
2026-03-02 21:30:00+00:00,69390.72
2026-03-02 21:31:00+00:00,69390.16
2026-03-02 21:32:00+00:00,69399.36
2026-03-02 21:33:00+00:00,69408.0
2026-03-02 21:34:00+00:00,69436.75
2026-03-02 21:35:00+00:00,69412.85
2026-03-02 21:36:00+00:00,69420.09
2026-03-02 21:37:00+00:00,69397.9
2026-03-02 21:38:00+00:00,69410.41
2026-03-02 21:39:00+00:00,69465.67
2026-03-02 21:40:00+00:00,69448.01
2026-03-02 21:41:00+00:00,69430.63
2026-03-02 21:42:00+00:00,69455.08
2026-03-02 21:43:00+00:00,69435.99
2026-03-02 21:44:00+00:00,69471.35
2026-03-02 21:45:00+00:00,69468.78
2026-03-02 21:46:00+00:00,69517.44
2026-03-02 21:47:00+00:00,69516.57
2026-03-02 21:48:00+00:00,69491.52
2026-03-02 21:49:00+00:00,69468.0
2026-03-02 21:50:00+00:00,69493.63
2026-03-02 21:51:00+00:00,69490.5
2026-03-02 21:52:00+00:00,69448.04
2026-03-02 21:53:00+00:00,69481.36
2026-03-02 21:54:00+00:00,69482.87
2026-03-02 21:55:00+00:00,69438.79
2026-03-02 21:56:00+00:00,69428.16
2026-03-02 21:57:00+00:00,69419.52
2026-03-02 21:58:00+00:00,69413.76
2026-03-02 21:59:00+00:00,69425.28
2026-03-02 22:00:00+00:00,69424.83
2026-03-02 22:01:00+00:00,69413.77
2026-03-02 22:02:00+00:00,69498.0
2026-03-02 22:03:00+00:00,69484.5
2026-03-02 22:04:00+00:00,69357.09
2026-03-02 22:05:00+00:00,69423.99
2026-03-02 22:06:00+00:00,69428.01
2026-03-02 22:07:00+00:00,69434.96
2026-03-02 22:08:00+00:00,69457.56
2026-03-02 22:09:00+00:00,69463.77
2026-03-02 22:10:00+00:00,69471.46
2026-03-02 22:11:00+00:00,69353.26
2026-03-02 22:12:00+00:00,69350.42
2026-03-02 22:13:00+00:00,69319.69
2026-03-02 22:14:00+00:00,69260.94
2026-03-02 22:15:00+00:00,69194.87
2026-03-02 22:16:00+00:00,69226.0
2026-03-02 22:17:00+00:00,69262.02
2026-03-02 22:18:00+00:00,69247.98
2026-03-02 22:19:00+00:00,69204.98
2026-03-02 22:20:00+00:00,69247.69
2026-03-02 22:21:00+00:00,69275.27
2026-03-02 22:22:00+00:00,69302.12
2026-03-02 22:23:00+00:00,69271.33
2026-03-02 22:24:00+00:00,69289.93
2026-03-02 22:25:00+00:00,69304.33
2026-03-02 22:26:00+00:00,69305.99
2026-03-02 22:27:00+00:00,69366.04
2026-03-02 22:28:00+00:00,69365.03
2026-03-02 22:29:00+00:00,69376.33
2026-03-02 22:30:00+00:00,69352.38
2026-03-02 22:31:00+00:00,69405.02
2026-03-02 22:32:00+00:00,69397.94
2026-03-02 22:33:00+00:00,69325.99
2026-03-02 22:34:00+00:00,69309.55
2026-03-02 22:35:00+00:00,69333.64
2026-03-02 22:36:00+00:00,69370.56
2026-03-02 22:37:00+00:00,69352.09
2026-03-02 22:38:00+00:00,69342.37
2026-03-02 22:39:00+00:00,69387.27
2026-03-02 22:40:00+00:00,69339.05
2026-03-02 22:41:00+00:00,69353.95
2026-03-02 22:42:00+00:00,69338.88
2026-03-02 22:43:00+00:00,69341.76
2026-03-02 22:44:00+00:00,69425.49
2026-03-02 22:45:00+00:00,69430.54
2026-03-02 22:46:00+00:00,69370.55
2026-03-02 22:47:00+00:00,69393.72
2026-03-02 22:48:00+00:00,69310.09
2026-03-02 22:49:00+00:00,69320.99
2026-03-02 22:50:00+00:00,69312.96
2026-03-02 22:51:00+00:00,69322.0
2026-03-02 22:52:00+00:00,69288.33
2026-03-02 22:53:00+00:00,69282.23
2026-03-02 22:54:00+00:00,69350.44
2026-03-02 22:55:00+00:00,69343.95
2026-03-02 22:56:00+00:00,69303.97
2026-03-02 22:57:00+00:00,69391.65
2026-03-02 22:58:00+00:00,69359.04
2026-03-02 22:59:00+00:00,69451.21
2026-03-02 23:00:00+00:00,69419.9
2026-03-02 23:01:00+00:00,69378.54
2026-03-02 23:02:00+00:00,69438.43
2026-03-02 23:03:00+00:00,69306.01
2026-03-02 23:04:00+00:00,69344.61
2026-03-02 23:05:00+00:00,69309.41
2026-03-02 23:06:00+00:00,69357.01
2026-03-02 23:07:00+00:00,69346.8
2026-03-02 23:08:00+00:00,69347.0
2026-03-02 23:09:00+00:00,69312.97
2026-03-02 23:10:00+00:00,69325.59
2026-03-02 23:11:00+00:00,69313.99
2026-03-02 23:12:00+00:00,69292.8
2026-03-02 23:13:00+00:00,69273.66
2026-03-02 23:14:00+00:00,69235.37
2026-03-02 23:15:00+00:00,69214.99
2026-03-02 23:16:00+00:00,69209.29
2026-03-02 23:17:00+00:00,69264.0
2026-03-02 23:18:00+00:00,69221.82
2026-03-02 23:19:00+00:00,69246.89
2026-03-02 23:20:00+00:00,69243.83
2026-03-02 23:21:00+00:00,69224.73
2026-03-02 23:22:00+00:00,69201.73
2026-03-02 23:23:00+00:00,69032.06
2026-03-02 23:24:00+00:00,69077.99
2026-03-02 23:25:00+00:00,69069.87
2026-03-02 23:26:00+00:00,69103.95
2026-03-02 23:27:00+00:00,69125.42
2026-03-02 23:28:00+00:00,69021.77
2026-03-02 23:29:00+00:00,69014.04
2026-03-02 23:30:00+00:00,68901.68
2026-03-02 23:31:00+00:00,68831.57
2026-03-02 23:32:00+00:00,68899.89
2026-03-02 23:33:00+00:00,68851.16
2026-03-02 23:34:00+00:00,68846.0
2026-03-02 23:35:00+00:00,68830.13
2026-03-02 23:36:00+00:00,68857.13
2026-03-02 23:37:00+00:00,68874.02
2026-03-02 23:38:00+00:00,68866.55
2026-03-02 23:39:00+00:00,68833.87
2026-03-02 23:40:00+00:00,68791.68
2026-03-02 23:41:00+00:00,68833.25
2026-03-02 23:42:00+00:00,68839.14
2026-03-02 23:43:00+00:00,68842.01
2026-03-02 23:44:00+00:00,68798.78
2026-03-02 23:45:00+00:00,68822.01
2026-03-02 23:46:00+00:00,68927.04
2026-03-02 23:47:00+00:00,68909.78
2026-03-02 23:48:00+00:00,68915.53
2026-03-02 23:49:00+00:00,68910.01
2026-03-02 23:50:00+00:00,68878.07
2026-03-02 23:51:00+00:00,68905.97
2026-03-02 23:52:00+00:00,68903.5
2026-03-02 23:53:00+00:00,68880.95
2026-03-02 23:54:00+00:00,68814.73
2026-03-02 23:55:00+00:00,68814.72
2026-03-02 23:56:00+00:00,68796.73
2026-03-02 23:57:00+00:00,68795.2
2026-03-02 23:58:00+00:00,68770.47
2026-03-02 23:59:00+00:00,68832.01
2026-03-03 00:00:00+00:00,68820.84
2026-03-03 00:01:00+00:00,68793.01
2026-03-03 00:02:00+00:00,68867.44
2026-03-03 00:03:00+00:00,68937.01
2026-03-03 00:04:00+00:00,68948.67
2026-03-03 00:05:00+00:00,68904.01
2026-03-03 00:06:00+00:00,68964.83
2026-03-03 00:07:00+00:00,68945.99
2026-03-03 00:08:00+00:00,68905.94
2026-03-03 00:09:00+00:00,68938.56
2026-03-03 00:10:00+00:00,68933.87
2026-03-03 00:11:00+00:00,68843.51
2026-03-03 00:12:00+00:00,68846.09
2026-03-03 00:13:00+00:00,68777.29
2026-03-03 00:14:00+00:00,68817.43
2026-03-03 00:15:00+00:00,68809.01
2026-03-03 00:16:00+00:00,68862.72
2026-03-03 00:17:00+00:00,68767.98
2026-03-03 00:18:00+00:00,68800.33
2026-03-03 00:19:00+00:00,68721.44
2026-03-03 00:20:00+00:00,68752.44
2026-03-03 00:21:00+00:00,68760.98
2026-03-03 00:22:00+00:00,68691.17
2026-03-03 00:23:00+00:00,68703.0
2026-03-03 00:24:00+00:00,68728.32
2026-03-03 00:25:00+00:00,68701.9
2026-03-03 00:26:00+00:00,68765.51
2026-03-03 00:27:00+00:00,68757.12
2026-03-03 00:28:00+00:00,68772.7
2026-03-03 00:29:00+00:00,68802.01
2026-03-03 00:30:00+00:00,68734.94
2026-03-03 00:31:00+00:00,68865.41
2026-03-03 00:32:00+00:00,68855.04
2026-03-03 00:33:00+00:00,68964.51
2026-03-03 00:34:00+00:00,68953.22
2026-03-03 00:35:00+00:00,68953.74
2026-03-03 00:36:00+00:00,69062.4
2026-03-03 00:37:00+00:00,69096.01
2026-03-03 00:38:00+00:00,69106.48
2026-03-03 00:39:00+00:00,69100.4
2026-03-03 00:40:00+00:00,69105.61
2026-03-03 00:41:00+00:00,69137.73
2026-03-03 00:42:00+00:00,69143.5
2026-03-03 00:43:00+00:00,69145.03
2026-03-03 00:44:00+00:00,69103.61
2026-03-03 00:45:00+00:00,69124.0
2026-03-03 00:46:00+00:00,69094.73
2026-03-03 00:47:00+00:00,68996.88
2026-03-03 00:48:00+00:00,68970.69
2026-03-03 00:49:00+00:00,68978.21
2026-03-03 00:50:00+00:00,68985.05
2026-03-03 00:51:00+00:00,68915.53
2026-03-03 00:52:00+00:00,68947.2
2026-03-03 00:53:00+00:00,68978.87
2026-03-03 00:54:00+00:00,68978.89
2026-03-03 00:55:00+00:00,68943.69
2026-03-03 00:56:00+00:00,68938.53
2026-03-03 00:57:00+00:00,68940.06
2026-03-03 00:58:00+00:00,69019.26
2026-03-03 00:59:00+00:00,69090.0
2026-03-03 01:00:00+00:00,69020.91
2026-03-03 01:01:00+00:00,68983.57
2026-03-03 01:02:00+00:00,68976.0
2026-03-03 01:03:00+00:00,69016.92
2026-03-03 01:04:00+00:00,69065.59
2026-03-03 01:05:00+00:00,69108.49
2026-03-03 01:06:00+00:00,69094.01
2026-03-03 01:07:00+00:00,69044.69
2026-03-03 01:08:00+00:00,69082.01
2026-03-03 01:09:00+00:00,69088.08
2026-03-03 01:10:00+00:00,69140.16
2026-03-03 01:11:00+00:00,69160.33
2026-03-03 01:12:00+00:00,69232.0
2026-03-03 01:13:00+00:00,69174.49
2026-03-03 01:14:00+00:00,69131.52
2026-03-03 01:15:00+00:00,68998.0
2026-03-03 01:16:00+00:00,69052.4
2026-03-03 01:17:00+00:00,68941.44
2026-03-03 01:18:00+00:00,68889.6
2026-03-03 01:19:00+00:00,68910.78
2026-03-03 01:20:00+00:00,68883.85
2026-03-03 01:21:00+00:00,68993.29
2026-03-03 01:22:00+00:00,68984.04
2026-03-03 01:23:00+00:00,69013.42
2026-03-03 01:24:00+00:00,69005.27
2026-03-03 01:25:00+00:00,69009.02
2026-03-03 01:26:00+00:00,69005.98
2026-03-03 01:27:00+00:00,68993.11
2026-03-03 01:28:00+00:00,68950.08
2026-03-03 01:29:00+00:00,68909.75
2026-03-03 01:30:00+00:00,68823.37
2026-03-03 01:31:00+00:00,68832.18
2026-03-03 01:32:00+00:00,68826.24
2026-03-03 01:33:00+00:00,68959.99
2026-03-03 01:34:00+00:00,68990.41
2026-03-03 01:35:00+00:00,68907.95
2026-03-03 01:36:00+00:00,68901.13
2026-03-03 01:37:00+00:00,68964.0
2026-03-03 01:38:00+00:00,68935.68
2026-03-03 01:39:00+00:00,68999.24
2026-03-03 01:40:00+00:00,68935.78
2026-03-03 01:41:00+00:00,68952.96
2026-03-03 01:42:00+00:00,68988.99
2026-03-03 01:43:00+00:00,69032.0
2026-03-03 01:44:00+00:00,69017.94
2026-03-03 01:45:00+00:00,68941.44
2026-03-03 01:46:00+00:00,68868.87
2026-03-03 01:47:00+00:00,68915.52
2026-03-03 01:48:00+00:00,68975.85
2026-03-03 01:49:00+00:00,69045.12
2026-03-03 01:50:00+00:00,68949.7
2026-03-03 01:51:00+00:00,68886.96
2026-03-03 01:52:00+00:00,68905.99
2026-03-03 01:53:00+00:00,68895.37
2026-03-03 01:54:00+00:00,68863.98
2026-03-03 01:55:00+00:00,68866.57
2026-03-03 01:56:00+00:00,68829.12
2026-03-03 01:57:00+00:00,68805.05
2026-03-03 01:58:00+00:00,68777.29
2026-03-03 01:59:00+00:00,68753.77
2026-03-03 02:00:00+00:00,68680.01
2026-03-03 02:01:00+00:00,68617.24
2026-03-03 02:02:00+00:00,68515.2
2026-03-03 02:03:00+00:00,68472.9
2026-03-03 02:04:00+00:00,68564.84
2026-03-03 02:05:00+00:00,68526.19
2026-03-03 02:06:00+00:00,68561.29
2026-03-03 02:07:00+00:00,68602.02
2026-03-03 02:08:00+00:00,68604.47
2026-03-03 02:09:00+00:00,68621.76
2026-03-03 02:10:00+00:00,68643.99
2026-03-03 02:11:00+00:00,68640.33
2026-03-03 02:12:00+00:00,68676.48
2026-03-03 02:13:00+00:00,68622.0
2026-03-03 02:14:00+00:00,68589.97
2026-03-03 02:15:00+00:00,68615.98
2026-03-03 02:16:00+00:00,68581.45
2026-03-03 02:17:00+00:00,68572.81
2026-03-03 02:18:00+00:00,68512.33
2026-03-03 02:19:00+00:00,68532.0
2026-03-03 02:20:00+00:00,68402.4
2026-03-03 02:21:00+00:00,68239.99
2026-03-03 02:22:00+00:00,68336.64
2026-03-03 02:23:00+00:00,68313.6
2026-03-03 02:24:00+00:00,68375.24
2026-03-03 02:25:00+00:00,68394.25
2026-03-03 02:26:00+00:00,68454.68
2026-03-03 02:27:00+00:00,68431.83
2026-03-03 02:28:00+00:00,68420.17
2026-03-03 02:29:00+00:00,68448.76
2026-03-03 02:30:00+00:00,68501.88
2026-03-03 02:31:00+00:00,68440.79
2026-03-03 02:32:00+00:00,68466.24
2026-03-03 02:33:00+00:00,68459.19
2026-03-03 02:34:00+00:00,68488.87
2026-03-03 02:35:00+00:00,68414.29
2026-03-03 02:36:00+00:00,68408.64
2026-03-03 02:37:00+00:00,68425.46
2026-03-03 02:38:00+00:00,68434.0
2026-03-03 02:39:00+00:00,68394.02
2026-03-03 02:40:00+00:00,68380.79
2026-03-03 02:41:00+00:00,68448.96
2026-03-03 02:42:00+00:00,68432.8
2026-03-03 02:43:00+00:00,68431.69
2026-03-03 02:44:00+00:00,68457.5
2026-03-03 02:45:00+00:00,68507.87
2026-03-03 02:46:00+00:00,68590.8
2026-03-03 02:47:00+00:00,68575.67
2026-03-03 02:48:00+00:00,68594.97
2026-03-03 02:49:00+00:00,68578.71
2026-03-03 02:50:00+00:00,68524.87
2026-03-03 02:51:00+00:00,68506.14
2026-03-03 02:52:00+00:00,68497.92
2026-03-03 02:53:00+00:00,68476.37
2026-03-03 02:54:00+00:00,68469.46
2026-03-03 02:55:00+00:00,68520.01
2026-03-03 02:56:00+00:00,68497.23
2026-03-03 02:57:00+00:00,68486.4
2026-03-03 02:58:00+00:00,68548.94
2026-03-03 02:59:00+00:00,68503.67
2026-03-03 03:00:00+00:00,68507.3
2026-03-03 03:01:00+00:00,68512.05
2026-03-03 03:02:00+00:00,68514.97
2026-03-03 03:03:00+00:00,68428.81
2026-03-03 03:04:00+00:00,68400.0
2026-03-03 03:05:00+00:00,68394.92
2026-03-03 03:06:00+00:00,68404.0
2026-03-03 03:07:00+00:00,68413.37
2026-03-03 03:08:00+00:00,68366.27
2026-03-03 03:09:00+00:00,68357.81
2026-03-03 03:10:00+00:00,68372.59
2026-03-03 03:11:00+00:00,68352.83
2026-03-03 03:12:00+00:00,68397.12
2026-03-03 03:13:00+00:00,68444.39
2026-03-03 03:14:00+00:00,68451.84
2026-03-03 03:15:00+00:00,68459.75
2026-03-03 03:16:00+00:00,68431.38
2026-03-03 03:17:00+00:00,68431.68
2026-03-03 03:18:00+00:00,68268.17
2026-03-03 03:19:00+00:00,68314.03
2026-03-03 03:20:00+00:00,68289.98
2026-03-03 03:21:00+00:00,68276.14
2026-03-03 03:22:00+00:00,68261.75
2026-03-03 03:23:00+00:00,68302.35
2026-03-03 03:24:00+00:00,68325.12
2026-03-03 03:25:00+00:00,68323.75
2026-03-03 03:26:00+00:00,68379.25
2026-03-03 03:27:00+00:00,68354.05
2026-03-03 03:28:00+00:00,68374.6
2026-03-03 03:29:00+00:00,68416.4
2026-03-03 03:30:00+00:00,68386.86
2026-03-03 03:31:00+00:00,68347.83
2026-03-03 03:32:00+00:00,68450.89
2026-03-03 03:33:00+00:00,68476.38
2026-03-03 03:34:00+00:00,68471.99
2026-03-03 03:35:00+00:00,68462.01
2026-03-03 03:36:00+00:00,68495.04
2026-03-03 03:37:00+00:00,68477.76
2026-03-03 03:38:00+00:00,68481.99
2026-03-03 03:39:00+00:00,68463.36
2026-03-03 03:40:00+00:00,68390.96
2026-03-03 03:41:00+00:00,68379.94
2026-03-03 03:42:00+00:00,68379.84
2026-03-03 03:43:00+00:00,68408.8
2026-03-03 03:44:00+00:00,68405.77
2026-03-03 03:45:00+00:00,68416.0
2026-03-03 03:46:00+00:00,68385.59
2026-03-03 03:47:00+00:00,68345.27
2026-03-03 03:48:00+00:00,68347.95
2026-03-03 03:49:00+00:00,68345.99
2026-03-03 03:50:00+00:00,68344.73
2026-03-03 03:51:00+00:00,68345.29
2026-03-03 03:52:00+00:00,68348.16
2026-03-03 03:53:00+00:00,68343.83
2026-03-03 03:54:00+00:00,68319.36
2026-03-03 03:55:00+00:00,68333.76
2026-03-03 03:56:00+00:00,68342.41
2026-03-03 03:57:00+00:00,68353.92
2026-03-03 03:58:00+00:00,68364.11
2026-03-03 03:59:00+00:00,68366.38
2026-03-03 04:00:00+00:00,68422.02
2026-03-03 04:01:00+00:00,68414.4
2026-03-03 04:02:00+00:00,68411.94
2026-03-03 04:03:00+00:00,68393.99
2026-03-03 04:04:00+00:00,68422.71
2026-03-03 04:05:00+00:00,68434.07
2026-03-03 04:06:00+00:00,68431.58
2026-03-03 04:07:00+00:00,68399.98
2026-03-03 04:08:00+00:00,68371.2
2026-03-03 04:09:00+00:00,68319.57
2026-03-03 04:10:00+00:00,68369.77
2026-03-03 04:11:00+00:00,68322.25
2026-03-03 04:12:00+00:00,68392.99
2026-03-03 04:13:00+00:00,68425.0
2026-03-03 04:14:00+00:00,68363.51
2026-03-03 04:15:00+00:00,68349.1
2026-03-03 04:16:00+00:00,68296.32
2026-03-03 04:17:00+00:00,68316.11
2026-03-03 04:18:00+00:00,68335.24
2026-03-03 04:19:00+00:00,68365.43
2026-03-03 04:20:00+00:00,68382.51
2026-03-03 04:21:00+00:00,68356.7
2026-03-03 04:22:00+00:00,68371.38
2026-03-03 04:23:00+00:00,68343.23
2026-03-03 04:24:00+00:00,68341.91
2026-03-03 04:25:00+00:00,68348.5
2026-03-03 04:26:00+00:00,68323.53
2026-03-03 04:27:00+00:00,68339.51
2026-03-03 04:28:00+00:00,68287.97
2026-03-03 04:29:00+00:00,68318.79
2026-03-03 04:30:00+00:00,68364.3
2026-03-03 04:31:00+00:00,68360.1
2026-03-03 04:32:00+00:00,68366.6
2026-03-03 04:33:00+00:00,68371.19
2026-03-03 04:34:00+00:00,68346.01
2026-03-03 04:35:00+00:00,68371.2
2026-03-03 04:36:00+00:00,68356.81
2026-03-03 04:37:00+00:00,68322.73
2026-03-03 04:38:00+00:00,68262.04
2026-03-03 04:39:00+00:00,68255.98
2026-03-03 04:40:00+00:00,68195.52
2026-03-03 04:41:00+00:00,68184.0
2026-03-03 04:42:00+00:00,68189.54
2026-03-03 04:43:00+00:00,68187.97
2026-03-03 04:44:00+00:00,68189.06
2026-03-03 04:45:00+00:00,68189.27
2026-03-03 04:46:00+00:00,68158.09
2026-03-03 04:47:00+00:00,68149.32
2026-03-03 04:48:00+00:00,68077.45
2026-03-03 04:49:00+00:00,68088.96
2026-03-03 04:50:00+00:00,68076.0
2026-03-03 04:51:00+00:00,68054.01
2026-03-03 04:52:00+00:00,68114.87
2026-03-03 04:53:00+00:00,68120.06
2026-03-03 04:54:00+00:00,68119.96
2026-03-03 04:55:00+00:00,68101.7
2026-03-03 04:56:00+00:00,68114.58
2026-03-03 04:57:00+00:00,68113.34
2026-03-03 04:58:00+00:00,68108.85
2026-03-03 04:59:00+00:00,68116.11
2026-03-03 05:00:00+00:00,68152.31
2026-03-03 05:01:00+00:00,68080.0
2026-03-03 05:02:00+00:00,68097.58
2026-03-03 05:03:00+00:00,68155.11
2026-03-03 05:04:00+00:00,68133.91
2026-03-03 05:05:00+00:00,68076.5
2026-03-03 05:06:00+00:00,68139.99
2026-03-03 05:07:00+00:00,68282.1
2026-03-03 05:08:00+00:00,68291.9
2026-03-03 05:09:00+00:00,68287.68
2026-03-03 05:10:00+00:00,68287.67
2026-03-03 05:11:00+00:00,68262.5
2026-03-03 05:12:00+00:00,68260.32
2026-03-03 05:13:00+00:00,68263.51
2026-03-03 05:14:00+00:00,68384.48
2026-03-03 05:15:00+00:00,68406.24
2026-03-03 05:16:00+00:00,68463.36
2026-03-03 05:17:00+00:00,68474.46
2026-03-03 05:18:00+00:00,68457.6
2026-03-03 05:19:00+00:00,68509.45
2026-03-03 05:20:00+00:00,68433.2
2026-03-03 05:21:00+00:00,68424.3
2026-03-03 05:22:00+00:00,68342.4
2026-03-03 05:23:00+00:00,68322.22
2026-03-03 05:24:00+00:00,68416.39
2026-03-03 05:25:00+00:00,68412.52
2026-03-03 05:26:00+00:00,68390.39
2026-03-03 05:27:00+00:00,68419.86
2026-03-03 05:28:00+00:00,68402.88
2026-03-03 05:29:00+00:00,68402.89
2026-03-03 05:30:00+00:00,68329.14
2026-03-03 05:31:00+00:00,68296.3
2026-03-03 05:32:00+00:00,68318.31
2026-03-03 05:33:00+00:00,68287.67
2026-03-03 05:34:00+00:00,68212.8
2026-03-03 05:35:00+00:00,68209.35
2026-03-03 05:36:00+00:00,68178.66
2026-03-03 05:37:00+00:00,68103.35
2026-03-03 05:38:00+00:00,68090.0
2026-03-03 05:39:00+00:00,68150.0
2026-03-03 05:40:00+00:00,68108.13
2026-03-03 05:41:00+00:00,68122.45
2026-03-03 05:42:00+00:00,68118.96
2026-03-03 05:43:00+00:00,68068.8
2026-03-03 05:44:00+00:00,68075.47
2026-03-03 05:45:00+00:00,68091.35
2026-03-03 05:46:00+00:00,68049.88
2026-03-03 05:47:00+00:00,67979.8
2026-03-03 05:48:00+00:00,67905.44
2026-03-03 05:49:00+00:00,67860.43
2026-03-03 05:50:00+00:00,67868.01
2026-03-03 05:51:00+00:00,67877.01
2026-03-03 05:52:00+00:00,67939.15
2026-03-03 05:53:00+00:00,67965.11
2026-03-03 05:54:00+00:00,67948.81
2026-03-03 05:55:00+00:00,67919.03
2026-03-03 05:56:00+00:00,67860.75
2026-03-03 05:57:00+00:00,67853.16
2026-03-03 05:58:00+00:00,67879.31
2026-03-03 05:59:00+00:00,67935.06
2026-03-03 06:00:00+00:00,67987.99
2026-03-03 06:01:00+00:00,67979.53
2026-03-03 06:02:00+00:00,67933.37
2026-03-03 06:03:00+00:00,67939.21
2026-03-03 06:04:00+00:00,67893.12
2026-03-03 06:05:00+00:00,67881.6
2026-03-03 06:06:00+00:00,67930.0
2026-03-03 06:07:00+00:00,67922.27
2026-03-03 06:08:00+00:00,67884.47
2026-03-03 06:09:00+00:00,67927.68
2026-03-03 06:10:00+00:00,67909.81
2026-03-03 06:11:00+00:00,67884.46
2026-03-03 06:12:00+00:00,67858.59
2026-03-03 06:13:00+00:00,67884.58
2026-03-03 06:14:00+00:00,67956.48
2026-03-03 06:15:00+00:00,67935.24
2026-03-03 06:16:00+00:00,67885.99
2026-03-03 06:17:00+00:00,67913.16
2026-03-03 06:18:00+00:00,67953.99
2026-03-03 06:19:00+00:00,67939.21
2026-03-03 06:20:00+00:00,67927.68
2026-03-03 06:21:00+00:00,67927.68
2026-03-03 06:22:00+00:00,67944.97
2026-03-03 06:23:00+00:00,67987.58
2026-03-03 06:24:00+00:00,67884.48
2026-03-03 06:25:00+00:00,67916.4
2026-03-03 06:26:00+00:00,67932.13
2026-03-03 06:27:00+00:00,67953.03
2026-03-03 06:28:00+00:00,67963.08
2026-03-03 06:29:00+00:00,67892.26
2026-03-03 06:30:00+00:00,67924.79
2026-03-03 06:31:00+00:00,67878.61
2026-03-03 06:32:00+00:00,67888.49
2026-03-03 06:33:00+00:00,67913.28
2026-03-03 06:34:00+00:00,67876.9
2026-03-03 06:35:00+00:00,67932.0
2026-03-03 06:36:00+00:00,67880.64
2026-03-03 06:37:00+00:00,67873.76
2026-03-03 06:38:00+00:00,67884.47
2026-03-03 06:39:00+00:00,67924.8
2026-03-03 06:40:00+00:00,67921.92
2026-03-03 06:41:00+00:00,67930.56
2026-03-03 06:42:00+00:00,67977.11
2026-03-03 06:43:00+00:00,67966.19
2026-03-03 06:44:00+00:00,67987.72
2026-03-03 06:45:00+00:00,67939.86
2026-03-03 06:46:00+00:00,67929.3
2026-03-03 06:47:00+00:00,67910.41
2026-03-03 06:48:00+00:00,67840.33
2026-03-03 06:49:00+00:00,67859.88
2026-03-03 06:50:00+00:00,67964.58
2026-03-03 06:51:00+00:00,67930.25
2026-03-03 06:52:00+00:00,67974.61
2026-03-03 06:53:00+00:00,67988.15
2026-03-03 06:54:00+00:00,68015.75
2026-03-03 06:55:00+00:00,68058.41
2026-03-03 06:56:00+00:00,68059.98
2026-03-03 06:57:00+00:00,68097.75
2026-03-03 06:58:00+00:00,68138.01
2026-03-03 06:59:00+00:00,68095.89
2026-03-03 07:00:00+00:00,68051.52
2026-03-03 07:01:00+00:00,68037.12
2026-03-03 07:02:00+00:00,67991.04
2026-03-03 07:03:00+00:00,67950.0
2026-03-03 07:04:00+00:00,68114.08
2026-03-03 07:05:00+00:00,68080.32
2026-03-03 07:06:00+00:00,68037.0
2026-03-03 07:07:00+00:00,68036.45
2026-03-03 07:08:00+00:00,68000.37
2026-03-03 07:09:00+00:00,68034.0
2026-03-03 07:10:00+00:00,68028.98
2026-03-03 07:11:00+00:00,67994.92
2026-03-03 07:12:00+00:00,68039.84
2026-03-03 07:13:00+00:00,68072.68
2026-03-03 07:14:00+00:00,68155.19
2026-03-03 07:15:00+00:00,68221.64
2026-03-03 07:16:00+00:00,68155.68
2026-03-03 07:17:00+00:00,68092.02
2026-03-03 07:18:00+00:00,68094.72
2026-03-03 07:19:00+00:00,68205.67
2026-03-03 07:20:00+00:00,68152.96
2026-03-03 07:21:00+00:00,68173.75
2026-03-03 07:22:00+00:00,68204.15
2026-03-03 07:23:00+00:00,68174.3
2026-03-03 07:24:00+00:00,68240.57
2026-03-03 07:25:00+00:00,68192.0
2026-03-03 07:26:00+00:00,68183.99
2026-03-03 07:27:00+00:00,68176.49
2026-03-03 07:28:00+00:00,68212.8
2026-03-03 07:29:00+00:00,68234.65
2026-03-03 07:30:00+00:00,68198.69
2026-03-03 07:31:00+00:00,68178.24
2026-03-03 07:32:00+00:00,68175.86
2026-03-03 07:33:00+00:00,68155.19
2026-03-03 07:34:00+00:00,68129.54
2026-03-03 07:35:00+00:00,68083.21
2026-03-03 07:36:00+00:00,68097.6
2026-03-03 07:37:00+00:00,68101.09
2026-03-03 07:38:00+00:00,68066.13
2026-03-03 07:39:00+00:00,68080.32
2026-03-03 07:40:00+00:00,68120.64
2026-03-03 07:41:00+00:00,68088.97
2026-03-03 07:42:00+00:00,68152.0
2026-03-03 07:43:00+00:00,68160.97
2026-03-03 07:44:00+00:00,68207.04
2026-03-03 07:45:00+00:00,68238.71
2026-03-03 07:46:00+00:00,68192.92
2026-03-03 07:47:00+00:00,68189.76
2026-03-03 07:48:00+00:00,68173.99
2026-03-03 07:49:00+00:00,68160.01
2026-03-03 07:50:00+00:00,68134.21
2026-03-03 07:51:00+00:00,68153.07
2026-03-03 07:52:00+00:00,68174.2
2026-03-03 07:53:00+00:00,68190.55
2026-03-03 07:54:00+00:00,68204.53
2026-03-03 07:55:00+00:00,68184.0
2026-03-03 07:56:00+00:00,68178.01
2026-03-03 07:57:00+00:00,68193.98
2026-03-03 07:58:00+00:00,68186.99
2026-03-03 07:59:00+00:00,68164.02
2026-03-03 08:00:00+00:00,68154.16
2026-03-03 08:01:00+00:00,68186.02
2026-03-03 08:02:00+00:00,68184.36
2026-03-03 08:03:00+00:00,68197.33
2026-03-03 08:04:00+00:00,68152.05
2026-03-03 08:05:00+00:00,68176.52
2026-03-03 08:06:00+00:00,68154.88
2026-03-03 08:07:00+00:00,68126.59
2026-03-03 08:08:00+00:00,68100.78
2026-03-03 08:09:00+00:00,68154.99
2026-03-03 08:10:00+00:00,68227.02
2026-03-03 08:11:00+00:00,68242.76
2026-03-03 08:12:00+00:00,68214.32
2026-03-03 08:13:00+00:00,68183.64
2026-03-03 08:14:00+00:00,67999.88
2026-03-03 08:15:00+00:00,68007.73
2026-03-03 08:16:00+00:00,67968.11
2026-03-03 08:17:00+00:00,68038.0
2026-03-03 08:18:00+00:00,68056.97
2026-03-03 08:19:00+00:00,67990.58
2026-03-03 08:20:00+00:00,67866.23
2026-03-03 08:21:00+00:00,67905.86
2026-03-03 08:22:00+00:00,67934.02
2026-03-03 08:23:00+00:00,67935.71
2026-03-03 08:24:00+00:00,67926.19
2026-03-03 08:25:00+00:00,67766.86
2026-03-03 08:26:00+00:00,67840.78
2026-03-03 08:27:00+00:00,67812.46
2026-03-03 08:28:00+00:00,67780.76
2026-03-03 08:29:00+00:00,67740.01
2026-03-03 08:30:00+00:00,67687.94
2026-03-03 08:31:00+00:00,67649.65
2026-03-03 08:32:00+00:00,67617.44
2026-03-03 08:33:00+00:00,67660.62
2026-03-03 08:34:00+00:00,67620.02
2026-03-03 08:35:00+00:00,67685.18
2026-03-03 08:36:00+00:00,67703.8
2026-03-03 08:37:00+00:00,67590.4
2026-03-03 08:38:00+00:00,67547.96
2026-03-03 08:39:00+00:00,67503.99
2026-03-03 08:40:00+00:00,67491.47
2026-03-03 08:41:00+00:00,67385.72
2026-03-03 08:42:00+00:00,67366.88
2026-03-03 08:43:00+00:00,67353.25
2026-03-03 08:44:00+00:00,67337.51
2026-03-03 08:45:00+00:00,67345.51
2026-03-03 08:46:00+00:00,67225.98
2026-03-03 08:47:00+00:00,67205.99
2026-03-03 08:48:00+00:00,67151.02
2026-03-03 08:49:00+00:00,67136.1
2026-03-03 08:50:00+00:00,67099.3
2026-03-03 08:51:00+00:00,67101.59
2026-03-03 08:52:00+00:00,67085.14
2026-03-03 08:53:00+00:00,67137.98
2026-03-03 08:54:00+00:00,67100.58
2026-03-03 08:55:00+00:00,66991.98
2026-03-03 08:56:00+00:00,66907.02
2026-03-03 08:57:00+00:00,66971.96
2026-03-03 08:58:00+00:00,66954.98
2026-03-03 08:59:00+00:00,66992.02
2026-03-03 09:00:00+00:00,67059.68
2026-03-03 09:01:00+00:00,67015.92
2026-03-03 09:02:00+00:00,67010.09
2026-03-03 09:03:00+00:00,66986.1
2026-03-03 09:04:00+00:00,66958.0
2026-03-03 09:05:00+00:00,67046.01
2026-03-03 09:06:00+00:00,67037.27
2026-03-03 09:07:00+00:00,67060.0
2026-03-03 09:08:00+00:00,67150.24
2026-03-03 09:09:00+00:00,67150.25
2026-03-03 09:10:00+00:00,67101.01
2026-03-03 09:11:00+00:00,67087.98
2026-03-03 09:12:00+00:00,67074.0
2026-03-03 09:13:00+00:00,67083.31
2026-03-03 09:14:00+00:00,67089.86
2026-03-03 09:15:00+00:00,67093.64
2026-03-03 09:16:00+00:00,67042.31
2026-03-03 09:17:00+00:00,67084.94
2026-03-03 09:18:00+00:00,67075.19
2026-03-03 09:19:00+00:00,67124.77
2026-03-03 09:20:00+00:00,67062.52
2026-03-03 09:21:00+00:00,67003.09
2026-03-03 09:22:00+00:00,67018.01
2026-03-03 09:23:00+00:00,67012.0
2026-03-03 09:24:00+00:00,66997.42
2026-03-03 09:25:00+00:00,66929.97
2026-03-03 09:26:00+00:00,66722.92
2026-03-03 09:27:00+00:00,66650.0
2026-03-03 09:28:00+00:00,66604.0
2026-03-03 09:29:00+00:00,66612.0
2026-03-03 09:30:00+00:00,66612.66
2026-03-03 09:31:00+00:00,66369.97
2026-03-03 09:32:00+00:00,66448.4
2026-03-03 09:33:00+00:00,66578.59
2026-03-03 09:34:00+00:00,66603.93
2026-03-03 09:35:00+00:00,66572.01
2026-03-03 09:36:00+00:00,66553.29
2026-03-03 09:37:00+00:00,66571.68
2026-03-03 09:38:00+00:00,66650.0
2026-03-03 09:39:00+00:00,66632.36
2026-03-03 09:40:00+00:00,66559.01
2026-03-03 09:41:00+00:00,66523.81
2026-03-03 09:42:00+00:00,66549.36
2026-03-03 09:43:00+00:00,66528.38
2026-03-03 09:44:00+00:00,66530.48
2026-03-03 09:45:00+00:00,66510.67
2026-03-03 09:46:00+00:00,66458.43
2026-03-03 09:47:00+00:00,66437.08
2026-03-03 09:48:00+00:00,66461.03
2026-03-03 09:49:00+00:00,66444.01
2026-03-03 09:50:00+00:00,66398.14
2026-03-03 09:51:00+00:00,66450.0
2026-03-03 09:52:00+00:00,66494.44
2026-03-03 09:53:00+00:00,66520.02
2026-03-03 09:54:00+00:00,66527.63
2026-03-03 09:55:00+00:00,66591.99
2026-03-03 09:56:00+00:00,66604.05
2026-03-03 09:57:00+00:00,66627.37
2026-03-03 09:58:00+00:00,66646.51
2026-03-03 09:59:00+00:00,66642.61
2026-03-03 10:00:00+00:00,66553.11
2026-03-03 10:01:00+00:00,66536.14
2026-03-03 10:02:00+00:00,66474.95
2026-03-03 10:03:00+00:00,66550.28
2026-03-03 10:04:00+00:00,66611.55
2026-03-03 10:05:00+00:00,66530.48
2026-03-03 10:06:00+00:00,66569.21
2026-03-03 10:07:00+00:00,66513.49
2026-03-03 10:08:00+00:00,66524.81
2026-03-03 10:09:00+00:00,66482.36
2026-03-03 10:10:00+00:00,66475.4
2026-03-03 10:11:00+00:00,66468.2
2026-03-03 10:12:00+00:00,66541.79
2026-03-03 10:13:00+00:00,66541.79
2026-03-03 10:14:00+00:00,66488.69
2026-03-03 10:15:00+00:00,66496.52
2026-03-03 10:16:00+00:00,66445.56
2026-03-03 10:17:00+00:00,66558.78
2026-03-03 10:18:00+00:00,66533.25
2026-03-03 10:19:00+00:00,66530.47
2026-03-03 10:20:00+00:00,66550.75
2026-03-03 10:21:00+00:00,66602.25
2026-03-03 10:22:00+00:00,66564.44
2026-03-03 10:23:00+00:00,66665.99
2026-03-03 10:24:00+00:00,66624.01
2026-03-03 10:25:00+00:00,66607.88
2026-03-03 10:26:00+00:00,66513.48
2026-03-03 10:27:00+00:00,66505.01
2026-03-03 10:28:00+00:00,66499.34
2026-03-03 10:29:00+00:00,66505.01
2026-03-03 10:30:00+00:00,66496.7
2026-03-03 10:31:00+00:00,66496.25
2026-03-03 10:32:00+00:00,66516.32
2026-03-03 10:33:00+00:00,66473.88
2026-03-03 10:34:00+00:00,66490.39
2026-03-03 10:35:00+00:00,66507.82
2026-03-03 10:36:00+00:00,66514.88
2026-03-03 10:37:00+00:00,66530.47
2026-03-03 10:38:00+00:00,66514.54
2026-03-03 10:39:00+00:00,66440.96
2026-03-03 10:40:00+00:00,66564.01
2026-03-03 10:41:00+00:00,66592.99
2026-03-03 10:42:00+00:00,66663.1
2026-03-03 10:43:00+00:00,66646.5
2026-03-03 10:44:00+00:00,66699.24
2026-03-03 10:45:00+00:00,66731.41
2026-03-03 10:46:00+00:00,66791.68
2026-03-03 10:47:00+00:00,66819.65
2026-03-03 10:48:00+00:00,66867.96
2026-03-03 10:49:00+00:00,66964.01
2026-03-03 10:50:00+00:00,66833.29
2026-03-03 10:51:00+00:00,66779.51
2026-03-03 10:52:00+00:00,66782.0
2026-03-03 10:53:00+00:00,66768.08
2026-03-03 10:54:00+00:00,66745.55
2026-03-03 10:55:00+00:00,66723.46
2026-03-03 10:56:00+00:00,66691.79
2026-03-03 10:57:00+00:00,66700.0
2026-03-03 10:58:00+00:00,66745.31
2026-03-03 10:59:00+00:00,66846.0
2026-03-03 11:00:00+00:00,66830.44
2026-03-03 11:01:00+00:00,66864.08
2026-03-03 11:02:00+00:00,66933.16
2026-03-03 11:03:00+00:00,66966.61
2026-03-03 11:04:00+00:00,66963.17
2026-03-03 11:05:00+00:00,66915.36
2026-03-03 11:06:00+00:00,66906.86
2026-03-03 11:07:00+00:00,66850.0
2026-03-03 11:08:00+00:00,66811.8
2026-03-03 11:09:00+00:00,66963.42
2026-03-03 11:10:00+00:00,66995.46
2026-03-03 11:11:00+00:00,67008.74
2026-03-03 11:12:00+00:00,66957.81
2026-03-03 11:13:00+00:00,66934.4
2026-03-03 11:14:00+00:00,66948.27
2026-03-03 11:15:00+00:00,66901.21
2026-03-03 11:16:00+00:00,66801.99
2026-03-03 11:17:00+00:00,66765.37
2026-03-03 11:18:00+00:00,66762.53
2026-03-03 11:19:00+00:00,66771.99
2026-03-03 11:20:00+00:00,66802.01
2026-03-03 11:21:00+00:00,66898.02
2026-03-03 11:22:00+00:00,66921.01
2026-03-03 11:23:00+00:00,66944.01
2026-03-03 11:24:00+00:00,66963.22
2026-03-03 11:25:00+00:00,66920.01
2026-03-03 11:26:00+00:00,66879.03
2026-03-03 11:27:00+00:00,66864.01
2026-03-03 11:28:00+00:00,66860.3
2026-03-03 11:29:00+00:00,66816.3
2026-03-03 11:30:00+00:00,66885.19
2026-03-03 11:31:00+00:00,66899.02
2026-03-03 11:32:00+00:00,66848.73
2026-03-03 11:33:00+00:00,66858.75
2026-03-03 11:34:00+00:00,66866.58
2026-03-03 11:35:00+00:00,66978.01
2026-03-03 11:36:00+00:00,67006.98
2026-03-03 11:37:00+00:00,67014.0
2026-03-03 11:38:00+00:00,67005.44
2026-03-03 11:39:00+00:00,67046.02
2026-03-03 11:40:00+00:00,67050.15
2026-03-03 11:41:00+00:00,67043.89
2026-03-03 11:42:00+00:00,67022.9
2026-03-03 11:43:00+00:00,67004.03
2026-03-03 11:44:00+00:00,67059.98
2026-03-03 11:45:00+00:00,67073.83
2026-03-03 11:46:00+00:00,67103.57
2026-03-03 11:47:00+00:00,67122.5
2026-03-03 11:48:00+00:00,67141.76
2026-03-03 11:49:00+00:00,67043.06
2026-03-03 11:50:00+00:00,67022.42
2026-03-03 11:51:00+00:00,66996.95
2026-03-03 11:52:00+00:00,66984.01
2026-03-03 11:53:00+00:00,66982.0
2026-03-03 11:54:00+00:00,66986.09
2026-03-03 11:55:00+00:00,66960.62
2026-03-03 11:56:00+00:00,66999.63
2026-03-03 11:57:00+00:00,67019.58
2026-03-03 11:58:00+00:00,67070.46
2026-03-03 11:59:00+00:00,67008.74
2026-03-03 12:00:00+00:00,67082.32
2026-03-03 12:01:00+00:00,67101.63
2026-03-03 12:02:00+00:00,67143.18
2026-03-03 12:03:00+00:00,67175.72
2026-03-03 12:04:00+00:00,67222.39
2026-03-03 12:05:00+00:00,67261.17
2026-03-03 12:06:00+00:00,67359.66
2026-03-03 12:07:00+00:00,67356.99
2026-03-03 12:08:00+00:00,67376.19
2026-03-03 12:09:00+00:00,67484.44
2026-03-03 12:10:00+00:00,67512.48
2026-03-03 12:11:00+00:00,67634.16
2026-03-03 12:12:00+00:00,67837.93
2026-03-03 12:13:00+00:00,67741.71
2026-03-03 12:14:00+00:00,67727.56
2026-03-03 12:15:00+00:00,67614.37
2026-03-03 12:16:00+00:00,67552.67
2026-03-03 12:17:00+00:00,67515.36
2026-03-03 12:18:00+00:00,67601.71
2026-03-03 12:19:00+00:00,67514.77
2026-03-03 12:20:00+00:00,67460.01
2026-03-03 12:21:00+00:00,67478.55
2026-03-03 12:22:00+00:00,67449.79
2026-03-03 12:23:00+00:00,67430.87
2026-03-03 12:24:00+00:00,67518.66
2026-03-03 12:25:00+00:00,67545.77
2026-03-03 12:26:00+00:00,67563.2
2026-03-03 12:27:00+00:00,67532.31
2026-03-03 12:28:00+00:00,67583.27
2026-03-03 12:29:00+00:00,67557.76
2026-03-03 12:30:00+00:00,67525.42
2026-03-03 12:31:00+00:00,67442.78
2026-03-03 12:32:00+00:00,67433.99
2026-03-03 12:33:00+00:00,67414.3
2026-03-03 12:34:00+00:00,67406.99
2026-03-03 12:35:00+00:00,67402.01
2026-03-03 12:36:00+00:00,67312.35
2026-03-03 12:37:00+00:00,67311.55
2026-03-03 12:38:00+00:00,67389.38
2026-03-03 12:39:00+00:00,67408.99
2026-03-03 12:40:00+00:00,67328.02
2026-03-03 12:41:00+00:00,67364.94
2026-03-03 12:42:00+00:00,67343.99
2026-03-03 12:43:00+00:00,67329.85
2026-03-03 12:44:00+00:00,67345.22
2026-03-03 12:45:00+00:00,67327.96
2026-03-03 12:46:00+00:00,67390.34
2026-03-03 12:47:00+00:00,67345.99
2026-03-03 12:48:00+00:00,67334.19
2026-03-03 12:49:00+00:00,67369.1
2026-03-03 12:50:00+00:00,67279.45
2026-03-03 12:51:00+00:00,67271.95
2026-03-03 12:52:00+00:00,67287.12
2026-03-03 12:53:00+00:00,67302.59
2026-03-03 12:54:00+00:00,67376.05
2026-03-03 12:55:00+00:00,67429.59
2026-03-03 12:56:00+00:00,67438.96
2026-03-03 12:57:00+00:00,67398.41
2026-03-03 12:58:00+00:00,67391.36
2026-03-03 12:59:00+00:00,67381.94
2026-03-03 13:00:00+00:00,67330.7
2026-03-03 13:01:00+00:00,67288.91
2026-03-03 13:02:00+00:00,67175.7
2026-03-03 13:03:00+00:00,67210.68
2026-03-03 13:04:00+00:00,67130.44
2026-03-03 13:05:00+00:00,67161.39
2026-03-03 13:06:00+00:00,67204.0
2026-03-03 13:07:00+00:00,67198.36
2026-03-03 13:08:00+00:00,67193.28
2026-03-03 13:09:00+00:00,67178.01
2026-03-03 13:10:00+00:00,67220.66
2026-03-03 13:11:00+00:00,67176.02
2026-03-03 13:12:00+00:00,67107.27
2026-03-03 13:13:00+00:00,67056.05
2026-03-03 13:14:00+00:00,66959.7
2026-03-03 13:15:00+00:00,67129.7
2026-03-03 13:16:00+00:00,67119.11
2026-03-03 13:17:00+00:00,67138.92
2026-03-03 13:18:00+00:00,67079.49
2026-03-03 13:19:00+00:00,67107.78
2026-03-03 13:20:00+00:00,67153.32
2026-03-03 13:21:00+00:00,67135.35
2026-03-03 13:22:00+00:00,67113.53
2026-03-03 13:23:00+00:00,67080.05
2026-03-03 13:24:00+00:00,67081.97
2026-03-03 13:25:00+00:00,67030.01
2026-03-03 13:26:00+00:00,67077.94
2026-03-03 13:27:00+00:00,67120.0
2026-03-03 13:28:00+00:00,67104.26
2026-03-03 13:29:00+00:00,67090.67
2026-03-03 13:30:00+00:00,67015.84
2026-03-03 13:31:00+00:00,66929.7
2026-03-03 13:32:00+00:00,66961.7
2026-03-03 13:33:00+00:00,67031.38
2026-03-03 13:34:00+00:00,67017.23
2026-03-03 13:35:00+00:00,67005.9
2026-03-03 13:36:00+00:00,67005.4
2026-03-03 13:37:00+00:00,66969.62
2026-03-03 13:38:00+00:00,66988.03
2026-03-03 13:39:00+00:00,66960.63
2026-03-03 13:40:00+00:00,66954.99
2026-03-03 13:41:00+00:00,67000.0
2026-03-03 13:42:00+00:00,66926.66
2026-03-03 13:43:00+00:00,66887.89
2026-03-03 13:44:00+00:00,66840.59
2026-03-03 13:45:00+00:00,66704.01
2026-03-03 13:46:00+00:00,66728.57
2026-03-03 13:47:00+00:00,66692.52
2026-03-03 13:48:00+00:00,66774.01
2026-03-03 13:49:00+00:00,66733.07
2026-03-03 13:50:00+00:00,66827.77
2026-03-03 13:51:00+00:00,66845.29
2026-03-03 13:52:00+00:00,66889.88
2026-03-03 13:53:00+00:00,66912.51
2026-03-03 13:54:00+00:00,66898.38
2026-03-03 13:55:00+00:00,66856.28
2026-03-03 13:56:00+00:00,66845.61
2026-03-03 13:57:00+00:00,66909.92
2026-03-03 13:58:00+00:00,66923.96
2026-03-03 13:59:00+00:00,66920.05
2026-03-03 14:00:00+00:00,66943.97
2026-03-03 14:01:00+00:00,66900.5
2026-03-03 14:02:00+00:00,66979.48
2026-03-03 14:03:00+00:00,67062.99
2026-03-03 14:04:00+00:00,67197.41
2026-03-03 14:05:00+00:00,67127.07
2026-03-03 14:06:00+00:00,67137.61
2026-03-03 14:07:00+00:00,67130.43
2026-03-03 14:08:00+00:00,67229.02
2026-03-03 14:09:00+00:00,67194.02
2026-03-03 14:10:00+00:00,67116.28
2026-03-03 14:11:00+00:00,67086.05
2026-03-03 14:12:00+00:00,67176.02
2026-03-03 14:13:00+00:00,67121.94
2026-03-03 14:14:00+00:00,67150.25
2026-03-03 14:15:00+00:00,67108.0
2026-03-03 14:16:00+00:00,67049.9
2026-03-03 14:17:00+00:00,67120.44
2026-03-03 14:18:00+00:00,67155.9
2026-03-03 14:19:00+00:00,67094.0
2026-03-03 14:20:00+00:00,67100.38
2026-03-03 14:21:00+00:00,67122.95
2026-03-03 14:22:00+00:00,67274.76
2026-03-03 14:23:00+00:00,67286.09
2026-03-03 14:24:00+00:00,67161.05
2026-03-03 14:25:00+00:00,67157.7
2026-03-03 14:26:00+00:00,67157.46
2026-03-03 14:27:00+00:00,67149.01
2026-03-03 14:28:00+00:00,67116.27
2026-03-03 14:29:00+00:00,67094.0
2026-03-03 14:30:00+00:00,67318.02
2026-03-03 14:31:00+00:00,67227.26
2026-03-03 14:32:00+00:00,67132.99
2026-03-03 14:33:00+00:00,66875.64
2026-03-03 14:34:00+00:00,66864.0
2026-03-03 14:35:00+00:00,66827.63
2026-03-03 14:36:00+00:00,66884.38
2026-03-03 14:37:00+00:00,67125.02
2026-03-03 14:38:00+00:00,67054.0
2026-03-03 14:39:00+00:00,66971.95
2026-03-03 14:40:00+00:00,66743.32
2026-03-03 14:41:00+00:00,66739.4
2026-03-03 14:42:00+00:00,66461.78
2026-03-03 14:43:00+00:00,66615.28
2026-03-03 14:44:00+00:00,66442.73
2026-03-03 14:45:00+00:00,66490.16
2026-03-03 14:46:00+00:00,66588.64
2026-03-03 14:47:00+00:00,66482.0
2026-03-03 14:48:00+00:00,66443.49
2026-03-03 14:49:00+00:00,66275.67
2026-03-03 14:50:00+00:00,66329.69
2026-03-03 14:51:00+00:00,66382.0
2026-03-03 14:52:00+00:00,66471.35
2026-03-03 14:53:00+00:00,66725.92
2026-03-03 14:54:00+00:00,66771.5
2026-03-03 14:55:00+00:00,66797.46
2026-03-03 14:56:00+00:00,66613.32
2026-03-03 14:57:00+00:00,66695.96
2026-03-03 14:58:00+00:00,66553.11
2026-03-03 14:59:00+00:00,66550.32
2026-03-03 15:00:00+00:00,66563.82
2026-03-03 15:01:00+00:00,66601.22
2026-03-03 15:02:00+00:00,66604.0
2026-03-03 15:03:00+00:00,66636.01
2026-03-03 15:04:00+00:00,66617.87
2026-03-03 15:05:00+00:00,66727.54
2026-03-03 15:06:00+00:00,66736.27
2026-03-03 15:07:00+00:00,66678.0
2026-03-03 15:08:00+00:00,66636.64
2026-03-03 15:09:00+00:00,66697.99
2026-03-03 15:10:00+00:00,66616.46
2026-03-03 15:11:00+00:00,66627.67
2026-03-03 15:12:00+00:00,66713.94
2026-03-03 15:13:00+00:00,66708.76
2026-03-03 15:14:00+00:00,66856.37
2026-03-03 15:15:00+00:00,66985.16
2026-03-03 15:16:00+00:00,66823.21
2026-03-03 15:17:00+00:00,66788.0
2026-03-03 15:18:00+00:00,66636.0
2026-03-03 15:19:00+00:00,66542.0
2026-03-03 15:20:00+00:00,66558.78
2026-03-03 15:21:00+00:00,66546.79
2026-03-03 15:22:00+00:00,66526.01
2026-03-03 15:23:00+00:00,66708.69
2026-03-03 15:24:00+00:00,66705.83
2026-03-03 15:25:00+00:00,66715.1
2026-03-03 15:26:00+00:00,66771.19
2026-03-03 15:27:00+00:00,66829.22
2026-03-03 15:28:00+00:00,66814.97
2026-03-03 15:29:00+00:00,66807.69
2026-03-03 15:30:00+00:00,66850.25
2026-03-03 15:31:00+00:00,67186.89
2026-03-03 15:32:00+00:00,67209.67
2026-03-03 15:33:00+00:00,67201.19
2026-03-03 15:34:00+00:00,67239.22
2026-03-03 15:35:00+00:00,67303.39
2026-03-03 15:36:00+00:00,67470.04
2026-03-03 15:37:00+00:00,67361.99
2026-03-03 15:38:00+00:00,67379.47
2026-03-03 15:39:00+00:00,67562.04
2026-03-03 15:40:00+00:00,67636.99
2026-03-03 15:41:00+00:00,67625.0
2026-03-03 15:42:00+00:00,67659.63
2026-03-03 15:43:00+00:00,67494.89
2026-03-03 15:44:00+00:00,67519.99
2026-03-03 15:45:00+00:00,67618.56
2026-03-03 15:46:00+00:00,67648.32
2026-03-03 15:47:00+00:00,67775.24
2026-03-03 15:48:00+00:00,67703.07
2026-03-03 15:49:00+00:00,67761.3
2026-03-03 15:50:00+00:00,67628.0
2026-03-03 15:51:00+00:00,67656.37
2026-03-03 15:52:00+00:00,67674.0
2026-03-03 15:53:00+00:00,67569.99
2026-03-03 15:54:00+00:00,67568.14
2026-03-03 15:55:00+00:00,67496.02
2026-03-03 15:56:00+00:00,67588.88
2026-03-03 15:57:00+00:00,67569.68
2026-03-03 15:58:00+00:00,67666.19
2026-03-03 15:59:00+00:00,67724.0
2026-03-03 16:00:00+00:00,67733.34
2026-03-03 16:01:00+00:00,67743.99
2026-03-03 16:02:00+00:00,67665.34
2026-03-03 16:03:00+00:00,67778.63
2026-03-03 16:04:00+00:00,67938.63
2026-03-03 16:05:00+00:00,68169.64
2026-03-03 16:06:00+00:00,68239.79
2026-03-03 16:07:00+00:00,68256.77
2026-03-03 16:08:00+00:00,68364.13
2026-03-03 16:09:00+00:00,68508.64
2026-03-03 16:10:00+00:00,68420.91
2026-03-03 16:11:00+00:00,68441.6
2026-03-03 16:12:00+00:00,68280.02
2026-03-03 16:13:00+00:00,68378.25
2026-03-03 16:14:00+00:00,68472.56
2026-03-03 16:15:00+00:00,68495.89
2026-03-03 16:16:00+00:00,68406.0
2026-03-03 16:17:00+00:00,68392.73
2026-03-03 16:18:00+00:00,68335.94
2026-03-03 16:19:00+00:00,68372.8
2026-03-03 16:20:00+00:00,68460.31
2026-03-03 16:21:00+00:00,68432.25
2026-03-03 16:22:00+00:00,68375.63
2026-03-03 16:23:00+00:00,68540.0
2026-03-03 16:24:00+00:00,68888.44
2026-03-03 16:25:00+00:00,68953.06
2026-03-03 16:26:00+00:00,68983.76
2026-03-03 16:27:00+00:00,68836.92
2026-03-03 16:28:00+00:00,68820.02
2026-03-03 16:29:00+00:00,68828.44
2026-03-03 16:30:00+00:00,68736.0
2026-03-03 16:31:00+00:00,68661.0
2026-03-03 16:32:00+00:00,68508.0
2026-03-03 16:33:00+00:00,68335.33
2026-03-03 16:34:00+00:00,68377.1
2026-03-03 16:35:00+00:00,68354.0
2026-03-03 16:36:00+00:00,68353.99
2026-03-03 16:37:00+00:00,68150.6
2026-03-03 16:38:00+00:00,67883.86
2026-03-03 16:39:00+00:00,67863.78
2026-03-03 16:40:00+00:00,67840.0
2026-03-03 16:41:00+00:00,67800.41
2026-03-03 16:42:00+00:00,67630.08
2026-03-03 16:43:00+00:00,67530.0
2026-03-03 16:44:00+00:00,67739.99
2026-03-03 16:45:00+00:00,67915.01
2026-03-03 16:46:00+00:00,68158.17
2026-03-03 16:47:00+00:00,68144.01
2026-03-03 16:48:00+00:00,68161.99
2026-03-03 16:49:00+00:00,68078.0
2026-03-03 16:50:00+00:00,68098.29
2026-03-03 16:51:00+00:00,68052.01
2026-03-03 16:52:00+00:00,68089.04
2026-03-03 16:53:00+00:00,68173.38
2026-03-03 16:54:00+00:00,68248.27
2026-03-03 16:55:00+00:00,68315.36
2026-03-03 16:56:00+00:00,68443.0
2026-03-03 16:57:00+00:00,68341.66
2026-03-03 16:58:00+00:00,68288.43
2026-03-03 16:59:00+00:00,68177.31
2026-03-03 17:00:00+00:00,68081.96
2026-03-03 17:01:00+00:00,67996.41
2026-03-03 17:02:00+00:00,68016.21
2026-03-03 17:03:00+00:00,67929.65
2026-03-03 17:04:00+00:00,68004.9
2026-03-03 17:05:00+00:00,68089.8
2026-03-03 17:06:00+00:00,68020.65
2026-03-03 17:07:00+00:00,68018.68
2026-03-03 17:08:00+00:00,67957.51
2026-03-03 17:09:00+00:00,67908.68
2026-03-03 17:10:00+00:00,67837.92
2026-03-03 17:11:00+00:00,67771.98
2026-03-03 17:12:00+00:00,67740.63
2026-03-03 17:13:00+00:00,67783.18
2026-03-03 17:14:00+00:00,67945.48
2026-03-03 17:15:00+00:00,67940.56
2026-03-03 17:16:00+00:00,67897.36
2026-03-03 17:17:00+00:00,67966.0
2026-03-03 17:18:00+00:00,68019.14
2026-03-03 17:19:00+00:00,68092.7
2026-03-03 17:20:00+00:00,67951.73
2026-03-03 17:21:00+00:00,67993.58
2026-03-03 17:22:00+00:00,68212.07
2026-03-03 17:23:00+00:00,68234.13
2026-03-03 17:24:00+00:00,68236.96
2026-03-03 17:25:00+00:00,68222.81
2026-03-03 17:26:00+00:00,68140.75
2026-03-03 17:27:00+00:00,68172.89
2026-03-03 17:28:00+00:00,68194.5
2026-03-03 17:29:00+00:00,68235.33
2026-03-03 17:30:00+00:00,68143.58
2026-03-03 17:31:00+00:00,68006.1
2026-03-03 17:32:00+00:00,67908.01
2026-03-03 17:33:00+00:00,67820.94
2026-03-03 17:34:00+00:00,67876.06
2026-03-03 17:35:00+00:00,67862.0
2026-03-03 17:36:00+00:00,67976.57
2026-03-03 17:37:00+00:00,68018.63
2026-03-03 17:38:00+00:00,67942.65
2026-03-03 17:39:00+00:00,68002.0
2026-03-03 17:40:00+00:00,68033.2
2026-03-03 17:41:00+00:00,68010.55
2026-03-03 17:42:00+00:00,68064.37
2026-03-03 17:43:00+00:00,68164.96
2026-03-03 17:44:00+00:00,68148.03
2026-03-03 17:45:00+00:00,68122.11
2026-03-03 17:46:00+00:00,68055.87
2026-03-03 17:47:00+00:00,68088.29
2026-03-03 17:48:00+00:00,68225.64
2026-03-03 17:49:00+00:00,68287.91
2026-03-03 17:50:00+00:00,68264.19
2026-03-03 17:51:00+00:00,68333.99
2026-03-03 17:52:00+00:00,68376.51
2026-03-03 17:53:00+00:00,68310.56
2026-03-03 17:54:00+00:00,68287.9
2026-03-03 17:55:00+00:00,68239.79
2026-03-03 17:56:00+00:00,68269.6
2026-03-03 17:57:00+00:00,68307.38
2026-03-03 17:58:00+00:00,68260.08
2026-03-03 17:59:00+00:00,68318.25
2026-03-03 18:00:00+00:00,68376.73
2026-03-03 18:01:00+00:00,68412.42
2026-03-03 18:02:00+00:00,68380.95
2026-03-03 18:03:00+00:00,68278.79
2026-03-03 18:04:00+00:00,68273.72
2026-03-03 18:05:00+00:00,68325.99
2026-03-03 18:06:00+00:00,68293.56
2026-03-03 18:07:00+00:00,68278.59
2026-03-03 18:08:00+00:00,68293.66
2026-03-03 18:09:00+00:00,68271.41
2026-03-03 18:10:00+00:00,68263.65
2026-03-03 18:11:00+00:00,68019.06
2026-03-03 18:12:00+00:00,68072.84
2026-03-03 18:13:00+00:00,67987.93
2026-03-03 18:14:00+00:00,68089.8
2026-03-03 18:15:00+00:00,68208.67
2026-03-03 18:16:00+00:00,68316.21
2026-03-03 18:17:00+00:00,68375.63
2026-03-03 18:18:00+00:00,68290.73
2026-03-03 18:19:00+00:00,68302.05
2026-03-03 18:20:00+00:00,68407.98
2026-03-03 18:21:00+00:00,68462.9
2026-03-03 18:22:00+00:00,68536.95
2026-03-03 18:23:00+00:00,68511.95
2026-03-03 18:24:00+00:00,68494.0
2026-03-03 18:25:00+00:00,68512.07
2026-03-03 18:26:00+00:00,68562.02
2026-03-03 18:27:00+00:00,68542.61
2026-03-03 18:28:00+00:00,68556.5
2026-03-03 18:29:00+00:00,68474.04
2026-03-03 18:30:00+00:00,68501.99
2026-03-03 18:31:00+00:00,68550.22
2026-03-03 18:32:00+00:00,68735.93
2026-03-03 18:33:00+00:00,68784.0
2026-03-03 18:34:00+00:00,68681.99
2026-03-03 18:35:00+00:00,68763.62
2026-03-03 18:36:00+00:00,68846.0
2026-03-03 18:37:00+00:00,68735.0
2026-03-03 18:38:00+00:00,68799.37
2026-03-03 18:39:00+00:00,68774.71
2026-03-03 18:40:00+00:00,68798.88
2026-03-03 18:41:00+00:00,68778.0
2026-03-03 18:42:00+00:00,68752.54
2026-03-03 18:43:00+00:00,68735.05
2026-03-03 18:44:00+00:00,68697.2
2026-03-03 18:45:00+00:00,68651.69
2026-03-03 18:46:00+00:00,68602.03
2026-03-03 18:47:00+00:00,68650.14
2026-03-03 18:48:00+00:00,68630.66
2026-03-03 18:49:00+00:00,68737.87
2026-03-03 18:50:00+00:00,68733.93
2026-03-03 18:51:00+00:00,68789.79
2026-03-03 18:52:00+00:00,68737.87
2026-03-03 18:53:00+00:00,68691.79
2026-03-03 18:54:00+00:00,68740.19
2026-03-03 18:55:00+00:00,68582.21
2026-03-03 18:56:00+00:00,68614.99
2026-03-03 18:57:00+00:00,68659.82
2026-03-03 18:58:00+00:00,68671.51
2026-03-03 18:59:00+00:00,68649.04
2026-03-03 19:00:00+00:00,68610.0
2026-03-03 19:01:00+00:00,68668.17
2026-03-03 19:02:00+00:00,68541.92
2026-03-03 19:03:00+00:00,68621.99
2026-03-03 19:04:00+00:00,68655.8
2026-03-03 19:05:00+00:00,68679.27
2026-03-03 19:06:00+00:00,68587.88
2026-03-03 19:07:00+00:00,68495.99
2026-03-03 19:08:00+00:00,68404.62
2026-03-03 19:09:00+00:00,68395.44
2026-03-03 19:10:00+00:00,68402.27
2026-03-03 19:11:00+00:00,68528.45
2026-03-03 19:12:00+00:00,68525.62
2026-03-03 19:13:00+00:00,68612.47
2026-03-03 19:14:00+00:00,68624.68
2026-03-03 19:15:00+00:00,68655.8
2026-03-03 19:16:00+00:00,68531.28
2026-03-03 19:17:00+00:00,68545.42
2026-03-03 19:18:00+00:00,68588.98
2026-03-03 19:19:00+00:00,68669.95
2026-03-03 19:20:00+00:00,68791.64
2026-03-03 19:21:00+00:00,68781.17
2026-03-03 19:22:00+00:00,68824.9
2026-03-03 19:23:00+00:00,68834.0
2026-03-03 19:24:00+00:00,68805.98
2026-03-03 19:25:00+00:00,68888.3
2026-03-03 19:26:00+00:00,68727.5
2026-03-03 19:27:00+00:00,68620.01
2026-03-03 19:28:00+00:00,68650.14
2026-03-03 19:29:00+00:00,68651.6
2026-03-03 19:30:00+00:00,68656.01
2026-03-03 19:31:00+00:00,68565.24
2026-03-03 19:32:00+00:00,68540.19
2026-03-03 19:33:00+00:00,68508.13
2026-03-03 19:34:00+00:00,68497.31
2026-03-03 19:35:00+00:00,68401.15
2026-03-03 19:36:00+00:00,68437.89
2026-03-03 19:37:00+00:00,68702.82
2026-03-03 19:38:00+00:00,68647.99
2026-03-03 19:39:00+00:00,68612.85
2026-03-03 19:40:00+00:00,68684.09
2026-03-03 19:41:00+00:00,68709.57
2026-03-03 19:42:00+00:00,68650.14
2026-03-03 19:43:00+00:00,68641.66
2026-03-03 19:44:00+00:00,68710.44
2026-03-03 19:45:00+00:00,68684.1
2026-03-03 19:46:00+00:00,68671.74
2026-03-03 19:47:00+00:00,68712.39
2026-03-03 19:48:00+00:00,68571.99
2026-03-03 19:49:00+00:00,68593.55
2026-03-03 19:50:00+00:00,68640.48
2026-03-03 19:51:00+00:00,68644.53
2026-03-03 19:52:00+00:00,68639.19
2026-03-03 19:53:00+00:00,68493.03
2026-03-03 19:54:00+00:00,68515.37
2026-03-03 19:55:00+00:00,68440.73
2026-03-03 19:56:00+00:00,68468.34
2026-03-03 19:57:00+00:00,68442.43
2026-03-03 19:58:00+00:00,68453.69
2026-03-03 19:59:00+00:00,68437.92
2026-03-03 20:00:00+00:00,68377.76
2026-03-03 20:01:00+00:00,68491.66
2026-03-03 20:02:00+00:00,68434.88
2026-03-03 20:03:00+00:00,68449.82
2026-03-03 20:04:00+00:00,68476.0
2026-03-03 20:05:00+00:00,68420.91
2026-03-03 20:06:00+00:00,68372.1
2026-03-03 20:07:00+00:00,68448.36
2026-03-03 20:08:00+00:00,68412.42
2026-03-03 20:09:00+00:00,68357.61
2026-03-03 20:10:00+00:00,68321.87
2026-03-03 20:11:00+00:00,68329.32
2026-03-03 20:12:00+00:00,68287.6
2026-03-03 20:13:00+00:00,68236.9
2026-03-03 20:14:00+00:00,68222.0
2026-03-03 20:15:00+00:00,68287.45
2026-03-03 20:16:00+00:00,68232.96
2026-03-03 20:17:00+00:00,68244.97
2026-03-03 20:18:00+00:00,68310.0
2026-03-03 20:19:00+00:00,68248.28
2026-03-03 20:20:00+00:00,68301.75
2026-03-03 20:21:00+00:00,68308.92
2026-03-03 20:22:00+00:00,68288.95
2026-03-03 20:23:00+00:00,68290.0
2026-03-03 20:24:00+00:00,68337.2
2026-03-03 20:25:00+00:00,68308.02
2026-03-03 20:26:00+00:00,68395.31
2026-03-03 20:27:00+00:00,68389.22
2026-03-03 20:28:00+00:00,68420.87
2026-03-03 20:29:00+00:00,68386.96
2026-03-03 20:30:00+00:00,68382.0
2026-03-03 20:31:00+00:00,68467.35
2026-03-03 20:32:00+00:00,68419.64
2026-03-03 20:33:00+00:00,68389.01
2026-03-03 20:34:00+00:00,68370.0
2026-03-03 20:35:00+00:00,68464.04
2026-03-03 20:36:00+00:00,68483.18
2026-03-03 20:37:00+00:00,68414.49
2026-03-03 20:38:00+00:00,68413.98
2026-03-03 20:39:00+00:00,68349.02
2026-03-03 20:40:00+00:00,68437.6
2026-03-03 20:41:00+00:00,68461.95
2026-03-03 20:42:00+00:00,68457.41
2026-03-03 20:43:00+00:00,68441.16
2026-03-03 20:44:00+00:00,68470.01
2026-03-03 20:45:00+00:00,68397.46
2026-03-03 20:46:00+00:00,68383.98
2026-03-03 20:47:00+00:00,68364.31
2026-03-03 20:48:00+00:00,68365.73
2026-03-03 20:49:00+00:00,68423.96
2026-03-03 20:50:00+00:00,68363.43
2026-03-03 20:51:00+00:00,68214.32
2026-03-03 20:52:00+00:00,68130.03
2026-03-03 20:53:00+00:00,68132.84
2026-03-03 20:54:00+00:00,68240.32
2026-03-03 20:55:00+00:00,68255.0
2026-03-03 20:56:00+00:00,68219.96
2026-03-03 20:57:00+00:00,68173.66
2026-03-03 20:58:00+00:00,68201.49
2026-03-03 20:59:00+00:00,68264.6
2026-03-03 21:00:00+00:00,68194.59
2026-03-03 21:01:00+00:00,68124.33
2026-03-03 21:02:00+00:00,68034.37
2026-03-03 21:03:00+00:00,67999.38
2026-03-03 21:04:00+00:00,68053.46
2026-03-03 21:05:00+00:00,67920.0
2026-03-03 21:06:00+00:00,67980.47
2026-03-03 21:07:00+00:00,68027.55
2026-03-03 21:08:00+00:00,68022.53
2026-03-03 21:09:00+00:00,68044.98
2026-03-03 21:10:00+00:00,68014.2
2026-03-03 21:11:00+00:00,68066.19
2026-03-03 21:12:00+00:00,68058.71
2026-03-03 21:13:00+00:00,68034.61
2026-03-03 21:14:00+00:00,68046.69
2026-03-03 21:15:00+00:00,68022.36
2026-03-03 21:16:00+00:00,67952.12
2026-03-03 21:17:00+00:00,67951.99
2026-03-03 21:18:00+00:00,67978.01
2026-03-03 21:19:00+00:00,68053.97
2026-03-03 21:20:00+00:00,68013.41
2026-03-03 21:21:00+00:00,68028.48
2026-03-03 21:22:00+00:00,68093.54
2026-03-03 21:23:00+00:00,68106.0
2026-03-03 21:24:00+00:00,68061.07
2026-03-03 21:25:00+00:00,68005.52
2026-03-03 21:26:00+00:00,67960.97
2026-03-03 21:27:00+00:00,67869.5
2026-03-03 21:28:00+00:00,67905.85
2026-03-03 21:29:00+00:00,67943.47
2026-03-03 21:30:00+00:00,67951.13
2026-03-03 21:31:00+00:00,67942.43
2026-03-03 21:32:00+00:00,67915.94
2026-03-03 21:33:00+00:00,67959.68
2026-03-03 21:34:00+00:00,67910.72
2026-03-03 21:35:00+00:00,67967.48
2026-03-03 21:36:00+00:00,68015.26
2026-03-03 21:37:00+00:00,68016.77
2026-03-03 21:38:00+00:00,68010.9
2026-03-03 21:39:00+00:00,67898.14
2026-03-03 21:40:00+00:00,67972.0
2026-03-03 21:41:00+00:00,68015.82
2026-03-03 21:42:00+00:00,68044.52
2026-03-03 21:43:00+00:00,68021.89
2026-03-03 21:44:00+00:00,68030.13
2026-03-03 21:45:00+00:00,67996.08
2026-03-03 21:46:00+00:00,67993.57
2026-03-03 21:47:00+00:00,68022.0
2026-03-03 21:48:00+00:00,68051.63
2026-03-03 21:49:00+00:00,68014.38
2026-03-03 21:50:00+00:00,68031.61
2026-03-03 21:51:00+00:00,68044.52
2026-03-03 21:52:00+00:00,68051.8
2026-03-03 21:53:00+00:00,68063.99
2026-03-03 21:54:00+00:00,68047.4
2026-03-03 21:55:00+00:00,68098.28
2026-03-03 21:56:00+00:00,68058.67
2026-03-03 21:57:00+00:00,68074.01
2026-03-03 21:58:00+00:00,68045.9
2026-03-03 21:59:00+00:00,68015.36
2026-03-03 22:00:00+00:00,68067.16
2026-03-03 22:01:00+00:00,68054.01
2026-03-03 22:02:00+00:00,68324.0
2026-03-03 22:03:00+00:00,68513.07
2026-03-03 22:04:00+00:00,68304.99
2026-03-03 22:05:00+00:00,68276.99
2026-03-03 22:06:00+00:00,68350.18
2026-03-03 22:07:00+00:00,68446.39
2026-03-03 22:08:00+00:00,68415.24
2026-03-03 22:09:00+00:00,68386.95
2026-03-03 22:10:00+00:00,68382.65
2026-03-03 22:11:00+00:00,68373.1
2026-03-03 22:12:00+00:00,68316.99
2026-03-03 22:13:00+00:00,68335.01
2026-03-03 22:14:00+00:00,68315.05
2026-03-03 22:15:00+00:00,68270.92
2026-03-03 22:16:00+00:00,68300.41
2026-03-03 22:17:00+00:00,68325.52
2026-03-03 22:18:00+00:00,68286.06
2026-03-03 22:19:00+00:00,68257.99
2026-03-03 22:20:00+00:00,68197.28
2026-03-03 22:21:00+00:00,68216.87
2026-03-03 22:22:00+00:00,68299.23
2026-03-03 22:23:00+00:00,68381.28
2026-03-03 22:24:00+00:00,68245.5
2026-03-03 22:25:00+00:00,68277.02
2026-03-03 22:26:00+00:00,68284.77
2026-03-03 22:27:00+00:00,68246.52
2026-03-03 22:28:00+00:00,68287.31
2026-03-03 22:29:00+00:00,68256.78
2026-03-03 22:30:00+00:00,68222.61
2026-03-03 22:31:00+00:00,68237.04
2026-03-03 22:32:00+00:00,68316.44
2026-03-03 22:33:00+00:00,68295.39
2026-03-03 22:34:00+00:00,68282.24
2026-03-03 22:35:00+00:00,68285.08
2026-03-03 22:36:00+00:00,68288.05
2026-03-03 22:37:00+00:00,68369.0
2026-03-03 22:38:00+00:00,68358.67
2026-03-03 22:39:00+00:00,68275.55
2026-03-03 22:40:00+00:00,68317.43
2026-03-03 22:41:00+00:00,68339.91
2026-03-03 22:42:00+00:00,68357.57
2026-03-03 22:43:00+00:00,68385.64
2026-03-03 22:44:00+00:00,68406.93
2026-03-03 22:45:00+00:00,68342.55
2026-03-03 22:46:00+00:00,68372.8
2026-03-03 22:47:00+00:00,68326.93
2026-03-03 22:48:00+00:00,68262.43
2026-03-03 22:49:00+00:00,68296.39
2026-03-03 22:50:00+00:00,68324.68
2026-03-03 22:51:00+00:00,68358.88
2026-03-03 22:52:00+00:00,68324.51
2026-03-03 22:53:00+00:00,68340.03
2026-03-03 22:54:00+00:00,68321.02
2026-03-03 22:55:00+00:00,68366.72
2026-03-03 22:56:00+00:00,68307.71
2026-03-03 22:57:00+00:00,68291.77
2026-03-03 22:58:00+00:00,68215.92
2026-03-03 22:59:00+00:00,68319.02
2026-03-03 23:00:00+00:00,68300.9
2026-03-03 23:01:00+00:00,68300.46
2026-03-03 23:02:00+00:00,68290.72
2026-03-03 23:03:00+00:00,68361.0
2026-03-03 23:04:00+00:00,68347.34
2026-03-03 23:05:00+00:00,68352.97
2026-03-03 23:06:00+00:00,68316.0
2026-03-03 23:07:00+00:00,68420.91
2026-03-03 23:08:00+00:00,68446.03
2026-03-03 23:09:00+00:00,68446.37
2026-03-03 23:10:00+00:00,68508.05
2026-03-03 23:11:00+00:00,68628.02
2026-03-03 23:12:00+00:00,68787.82
2026-03-03 23:13:00+00:00,68719.99
2026-03-03 23:14:00+00:00,68686.0
2026-03-03 23:15:00+00:00,68619.02
2026-03-03 23:16:00+00:00,68604.85
2026-03-03 23:17:00+00:00,68606.0
2026-03-03 23:18:00+00:00,68517.75
2026-03-03 23:19:00+00:00,68555.12
2026-03-03 23:20:00+00:00,68522.8
2026-03-03 23:21:00+00:00,68568.15
2026-03-03 23:22:00+00:00,68532.9
2026-03-03 23:23:00+00:00,68542.02
2026-03-03 23:24:00+00:00,68525.64
2026-03-03 23:25:00+00:00,68489.99
2026-03-03 23:26:00+00:00,68460.53
2026-03-03 23:27:00+00:00,68520.39
2026-03-03 23:28:00+00:00,68511.95
2026-03-03 23:29:00+00:00,68484.31
2026-03-03 23:30:00+00:00,68497.99
2026-03-03 23:31:00+00:00,68537.69
2026-03-03 23:32:00+00:00,68570.0
2026-03-03 23:33:00+00:00,68557.99
2026-03-03 23:34:00+00:00,68452.04
2026-03-03 23:35:00+00:00,68437.89
2026-03-03 23:36:00+00:00,68466.19
2026-03-03 23:37:00+00:00,68500.59
2026-03-03 23:38:00+00:00,68469.02
2026-03-03 23:39:00+00:00,68428.53
2026-03-03 23:40:00+00:00,68466.19
2026-03-03 23:41:00+00:00,68506.57
2026-03-03 23:42:00+00:00,68519.95
2026-03-03 23:43:00+00:00,68488.83
2026-03-03 23:44:00+00:00,68453.99
2026-03-03 23:45:00+00:00,68401.86
2026-03-03 23:46:00+00:00,68449.21
2026-03-03 23:47:00+00:00,68451.5
2026-03-03 23:48:00+00:00,68475.31
2026-03-03 23:49:00+00:00,68426.0
2026-03-03 23:50:00+00:00,68375.61
2026-03-03 23:51:00+00:00,68347.72
2026-03-03 23:52:00+00:00,68352.99
2026-03-03 23:53:00+00:00,68324.77
2026-03-03 23:54:00+00:00,68307.99
2026-03-03 23:55:00+00:00,68265.31
2026-03-03 23:56:00+00:00,68325.99
2026-03-03 23:57:00+00:00,68288.25
2026-03-03 23:58:00+00:00,68287.91
2026-03-03 23:59:00+00:00,68335.99
2026-03-04 00:00:00+00:00,68247.97
2026-03-04 00:01:00+00:00,68269.29
2026-03-04 00:02:00+00:00,68219.55
2026-03-04 00:03:00+00:00,68274.03
2026-03-04 00:04:00+00:00,68252.14
2026-03-04 00:05:00+00:00,68288.44
2026-03-04 00:06:00+00:00,68270.88
2026-03-04 00:07:00+00:00,68280.67
2026-03-04 00:08:00+00:00,68180.5
2026-03-04 00:09:00+00:00,68192.98
2026-03-04 00:10:00+00:00,68215.97
2026-03-04 00:11:00+00:00,68157.72
2026-03-04 00:12:00+00:00,68130.0
2026-03-04 00:13:00+00:00,68070.0
2026-03-04 00:14:00+00:00,68108.0
2026-03-04 00:15:00+00:00,68126.06
2026-03-04 00:16:00+00:00,68262.43
2026-03-04 00:17:00+00:00,68312.09
2026-03-04 00:18:00+00:00,68276.69
2026-03-04 00:19:00+00:00,68338.36
2026-03-04 00:20:00+00:00,68290.82
2026-03-04 00:21:00+00:00,68337.25
2026-03-04 00:22:00+00:00,68414.0
2026-03-04 00:23:00+00:00,68339.71
2026-03-04 00:24:00+00:00,68263.41
2026-03-04 00:25:00+00:00,68316.82
2026-03-04 00:26:00+00:00,68323.99
2026-03-04 00:27:00+00:00,68355.83
2026-03-04 00:28:00+00:00,68328.52
2026-03-04 00:29:00+00:00,68294.4
2026-03-04 00:30:00+00:00,68321.03
2026-03-04 00:31:00+00:00,68233.66
2026-03-04 00:32:00+00:00,68213.0
2026-03-04 00:33:00+00:00,68135.09
2026-03-04 00:34:00+00:00,68009.0
2026-03-04 00:35:00+00:00,67960.01
2026-03-04 00:36:00+00:00,68059.0
2026-03-04 00:37:00+00:00,68044.51
2026-03-04 00:38:00+00:00,67931.99
2026-03-04 00:39:00+00:00,67963.38
2026-03-04 00:40:00+00:00,67981.83
2026-03-04 00:41:00+00:00,67990.18
2026-03-04 00:42:00+00:00,67925.66
2026-03-04 00:43:00+00:00,67936.98
2026-03-04 00:44:00+00:00,67969.18
2026-03-04 00:45:00+00:00,68024.27
2026-03-04 00:46:00+00:00,68040.0
2026-03-04 00:47:00+00:00,68036.03
2026-03-04 00:48:00+00:00,68103.95
2026-03-04 00:49:00+00:00,68225.22
2026-03-04 00:50:00+00:00,68225.64
2026-03-04 00:51:00+00:00,68187.78
2026-03-04 00:52:00+00:00,68143.95
2026-03-04 00:53:00+00:00,68133.44
2026-03-04 00:54:00+00:00,68121.96
2026-03-04 00:55:00+00:00,68129.61
2026-03-04 00:56:00+00:00,68095.8
2026-03-04 00:57:00+00:00,68135.08
2026-03-04 00:58:00+00:00,68186.12
2026-03-04 00:59:00+00:00,68104.43
2026-03-04 01:00:00+00:00,68105.24
2026-03-04 01:01:00+00:00,68109.56
2026-03-04 01:02:00+00:00,68205.0
2026-03-04 01:03:00+00:00,68234.13
2026-03-04 01:04:00+00:00,68251.11
2026-03-04 01:05:00+00:00,68205.58
2026-03-04 01:06:00+00:00,68210.38
2026-03-04 01:07:00+00:00,68163.38
2026-03-04 01:08:00+00:00,68090.0
2026-03-04 01:09:00+00:00,68245.45
2026-03-04 01:10:00+00:00,68150.74
2026-03-04 01:11:00+00:00,68213.31
2026-03-04 01:12:00+00:00,68242.62
2026-03-04 01:13:00+00:00,68219.78
2026-03-04 01:14:00+00:00,68131.79
2026-03-04 01:15:00+00:00,68155.99
2026-03-04 01:16:00+00:00,68177.49
2026-03-04 01:17:00+00:00,68095.7
2026-03-04 01:18:00+00:00,68054.01
2026-03-04 01:19:00+00:00,68097.99
2026-03-04 01:20:00+00:00,68042.13
2026-03-04 01:21:00+00:00,67987.94
2026-03-04 01:22:00+00:00,68041.78
2026-03-04 01:23:00+00:00,67974.33
2026-03-04 01:24:00+00:00,68017.89
2026-03-04 01:25:00+00:00,68011.27
2026-03-04 01:26:00+00:00,68027.54
2026-03-04 01:27:00+00:00,68161.44
2026-03-04 01:28:00+00:00,68246.36
2026-03-04 01:29:00+00:00,68245.47
2026-03-04 01:30:00+00:00,68270.49
2026-03-04 01:31:00+00:00,68302.05
2026-03-04 01:32:00+00:00,68500.15
2026-03-04 01:33:00+00:00,68568.02
2026-03-04 01:34:00+00:00,68505.48
2026-03-04 01:35:00+00:00,68554.97
2026-03-04 01:36:00+00:00,68627.5
2026-03-04 01:37:00+00:00,68633.94
2026-03-04 01:38:00+00:00,68651.01
2026-03-04 01:39:00+00:00,68686.31
2026-03-04 01:40:00+00:00,68616.19
2026-03-04 01:41:00+00:00,68678.71
2026-03-04 01:42:00+00:00,68837.53
2026-03-04 01:43:00+00:00,68831.26
2026-03-04 01:44:00+00:00,68720.01
2026-03-04 01:45:00+00:00,68594.0
2026-03-04 01:46:00+00:00,68509.75
2026-03-04 01:47:00+00:00,68587.99
2026-03-04 01:48:00+00:00,68486.01
2026-03-04 01:49:00+00:00,68417.21
2026-03-04 01:50:00+00:00,68481.58
2026-03-04 01:51:00+00:00,68467.35
2026-03-04 01:52:00+00:00,68458.97
2026-03-04 01:53:00+00:00,68378.46
2026-03-04 01:54:00+00:00,68401.57
2026-03-04 01:55:00+00:00,68469.52
2026-03-04 01:56:00+00:00,68437.8
2026-03-04 01:57:00+00:00,68426.57
2026-03-04 01:58:00+00:00,68407.91
2026-03-04 01:59:00+00:00,68421.38
2026-03-04 02:00:00+00:00,68374.01
2026-03-04 02:01:00+00:00,68302.05
2026-03-04 02:02:00+00:00,68288.0
2026-03-04 02:03:00+00:00,68334.01
2026-03-04 02:04:00+00:00,68319.03
2026-03-04 02:05:00+00:00,68230.37
2026-03-04 02:06:00+00:00,68217.93
2026-03-04 02:07:00+00:00,68188.86
2026-03-04 02:08:00+00:00,68248.28
2026-03-04 02:09:00+00:00,68261.99
2026-03-04 02:10:00+00:00,68270.44
2026-03-04 02:11:00+00:00,68308.19
2026-03-04 02:12:00+00:00,68364.28
2026-03-04 02:13:00+00:00,68312.59
2026-03-04 02:14:00+00:00,68233.14
2026-03-04 02:15:00+00:00,68167.63
2026-03-04 02:16:00+00:00,68134.83
2026-03-04 02:17:00+00:00,68137.61
2026-03-04 02:18:00+00:00,68180.36
2026-03-04 02:19:00+00:00,68255.35
2026-03-04 02:20:00+00:00,68255.48
2026-03-04 02:21:00+00:00,68208.66
2026-03-04 02:22:00+00:00,68231.28
2026-03-04 02:23:00+00:00,68254.16
2026-03-04 02:24:00+00:00,68158.12
2026-03-04 02:25:00+00:00,68120.04
2026-03-04 02:26:00+00:00,68071.62
2026-03-04 02:27:00+00:00,68085.48
2026-03-04 02:28:00+00:00,68082.83
2026-03-04 02:29:00+00:00,68079.27
2026-03-04 02:30:00+00:00,68120.67
2026-03-04 02:31:00+00:00,68098.29
2026-03-04 02:32:00+00:00,68132.0
2026-03-04 02:33:00+00:00,68065.21
2026-03-04 02:34:00+00:00,68008.91
2026-03-04 02:35:00+00:00,68036.02
2026-03-04 02:36:00+00:00,68060.47
2026-03-04 02:37:00+00:00,68055.33
2026-03-04 02:38:00+00:00,68049.28
2026-03-04 02:39:00+00:00,68118.11
2026-03-04 02:40:00+00:00,68092.62
2026-03-04 02:41:00+00:00,68138.0
2026-03-04 02:42:00+00:00,68112.45
2026-03-04 02:43:00+00:00,68139.03
2026-03-04 02:44:00+00:00,68136.12
2026-03-04 02:45:00+00:00,68112.0
2026-03-04 02:46:00+00:00,68156.98
2026-03-04 02:47:00+00:00,68203.02
2026-03-04 02:48:00+00:00,68270.93
2026-03-04 02:49:00+00:00,68287.92
2026-03-04 02:50:00+00:00,68327.52
2026-03-04 02:51:00+00:00,68389.98
2026-03-04 02:52:00+00:00,68380.25
2026-03-04 02:53:00+00:00,68339.0
2026-03-04 02:54:00+00:00,68352.56
2026-03-04 02:55:00+00:00,68342.02
2026-03-04 02:56:00+00:00,68327.52
2026-03-04 02:57:00+00:00,68316.38
2026-03-04 02:58:00+00:00,68315.96
2026-03-04 02:59:00+00:00,68327.54
2026-03-04 03:00:00+00:00,68259.64
2026-03-04 03:01:00+00:00,68154.9
2026-03-04 03:02:00+00:00,68132.0
2026-03-04 03:03:00+00:00,68191.69
2026-03-04 03:04:00+00:00,68140.75
2026-03-04 03:05:00+00:00,68154.9
2026-03-04 03:06:00+00:00,68158.01
2026-03-04 03:07:00+00:00,68180.36
2026-03-04 03:08:00+00:00,68222.81
2026-03-04 03:09:00+00:00,68278.03
2026-03-04 03:10:00+00:00,68214.32
2026-03-04 03:11:00+00:00,68171.87
2026-03-04 03:12:00+00:00,68209.9
2026-03-04 03:13:00+00:00,68285.08
2026-03-04 03:14:00+00:00,68266.2
2026-03-04 03:15:00+00:00,68345.0
2026-03-04 03:16:00+00:00,68283.9
2026-03-04 03:17:00+00:00,68236.97
2026-03-04 03:18:00+00:00,68259.61
2026-03-04 03:19:00+00:00,68310.84
2026-03-04 03:20:00+00:00,68261.6
2026-03-04 03:21:00+00:00,68257.81
2026-03-04 03:22:00+00:00,68260.0
2026-03-04 03:23:00+00:00,68241.99
2026-03-04 03:24:00+00:00,68197.33
2026-03-04 03:25:00+00:00,68091.68
2026-03-04 03:26:00+00:00,68159.99
2026-03-04 03:27:00+00:00,68104.4
2026-03-04 03:28:00+00:00,68019.99
2026-03-04 03:29:00+00:00,67989.65
2026-03-04 03:30:00+00:00,67914.08
2026-03-04 03:31:00+00:00,67792.66
2026-03-04 03:32:00+00:00,67727.57
2026-03-04 03:33:00+00:00,67578.07
2026-03-04 03:34:00+00:00,67536.02
2026-03-04 03:35:00+00:00,67459.36
2026-03-04 03:36:00+00:00,67510.0
2026-03-04 03:37:00+00:00,67597.38
2026-03-04 03:38:00+00:00,67622.2
2026-03-04 03:39:00+00:00,67638.0
2026-03-04 03:40:00+00:00,67594.05
2026-03-04 03:41:00+00:00,67552.1
2026-03-04 03:42:00+00:00,67532.29
2026-03-04 03:43:00+00:00,67519.55
2026-03-04 03:44:00+00:00,67570.73
2026-03-04 03:45:00+00:00,67531.09
2026-03-04 03:46:00+00:00,67549.27
2026-03-04 03:47:00+00:00,67657.98
2026-03-04 03:48:00+00:00,67634.39
2026-03-04 03:49:00+00:00,67602.94
2026-03-04 03:50:00+00:00,67605.88
2026-03-04 03:51:00+00:00,67604.06
2026-03-04 03:52:00+00:00,67651.15
2026-03-04 03:53:00+00:00,67651.39
2026-03-04 03:54:00+00:00,67588.89
2026-03-04 03:55:00+00:00,67600.77
2026-03-04 03:56:00+00:00,67597.39
2026-03-04 03:57:00+00:00,67597.39
2026-03-04 03:58:00+00:00,67661.04
2026-03-04 03:59:00+00:00,67730.25
2026-03-04 04:00:00+00:00,67759.01
2026-03-04 04:01:00+00:00,67666.56
2026-03-04 04:02:00+00:00,67700.01
2026-03-04 04:03:00+00:00,67684.19
2026-03-04 04:04:00+00:00,67707.76
2026-03-04 04:05:00+00:00,67781.68
2026-03-04 04:06:00+00:00,67793.93
2026-03-04 04:07:00+00:00,67733.24
2026-03-04 04:08:00+00:00,67707.76
2026-03-04 04:09:00+00:00,67741.72
2026-03-04 04:10:00+00:00,67901.14
2026-03-04 04:11:00+00:00,67917.17
2026-03-04 04:12:00+00:00,67845.01
2026-03-04 04:13:00+00:00,67832.81
2026-03-04 04:14:00+00:00,67812.49
2026-03-04 04:15:00+00:00,67813.99
2026-03-04 04:16:00+00:00,67733.22
2026-03-04 04:17:00+00:00,67645.49
2026-03-04 04:18:00+00:00,67647.11
2026-03-04 04:19:00+00:00,67628.52
2026-03-04 04:20:00+00:00,67606.64
2026-03-04 04:21:00+00:00,67606.95
2026-03-04 04:22:00+00:00,67590.62
2026-03-04 04:23:00+00:00,67529.57
2026-03-04 04:24:00+00:00,67626.24
2026-03-04 04:25:00+00:00,67640.0
2026-03-04 04:26:00+00:00,67682.28
2026-03-04 04:27:00+00:00,67669.09
2026-03-04 04:28:00+00:00,67623.04
2026-03-04 04:29:00+00:00,67586.06
2026-03-04 04:30:00+00:00,67507.08
2026-03-04 04:31:00+00:00,67557.77
2026-03-04 04:32:00+00:00,67597.39
2026-03-04 04:33:00+00:00,67566.14
2026-03-04 04:34:00+00:00,67581.79
2026-03-04 04:35:00+00:00,67622.75
2026-03-04 04:36:00+00:00,67540.8
2026-03-04 04:37:00+00:00,67518.14
2026-03-04 04:38:00+00:00,67520.17
2026-03-04 04:39:00+00:00,67569.09
2026-03-04 04:40:00+00:00,67500.94
2026-03-04 04:41:00+00:00,67531.3
2026-03-04 04:42:00+00:00,67591.36
2026-03-04 04:43:00+00:00,67641.39
2026-03-04 04:44:00+00:00,67637.0
2026-03-04 04:45:00+00:00,67662.47
2026-03-04 04:46:00+00:00,67627.4
2026-03-04 04:47:00+00:00,67624.0
2026-03-04 04:48:00+00:00,67596.36
2026-03-04 04:49:00+00:00,67660.0
2026-03-04 04:50:00+00:00,67700.5
2026-03-04 04:51:00+00:00,67715.0
2026-03-04 04:52:00+00:00,67684.01
2026-03-04 04:53:00+00:00,67724.72
2026-03-04 04:54:00+00:00,67764.34
2026-03-04 04:55:00+00:00,67766.34
2026-03-04 04:56:00+00:00,67823.96
2026-03-04 04:57:00+00:00,67790.02
2026-03-04 04:58:00+00:00,67834.32
2026-03-04 04:59:00+00:00,67788.01
2026-03-04 05:00:00+00:00,67761.53
2026-03-04 05:01:00+00:00,67759.03
2026-03-04 05:02:00+00:00,67721.89
2026-03-04 05:03:00+00:00,67750.2
2026-03-04 05:04:00+00:00,67801.14
2026-03-04 05:05:00+00:00,67786.91
2026-03-04 05:06:00+00:00,67779.03
2026-03-04 05:07:00+00:00,67869.07
2026-03-04 05:08:00+00:00,67873.08
2026-03-04 05:09:00+00:00,67873.9
2026-03-04 05:10:00+00:00,67854.9
2026-03-04 05:11:00+00:00,67863.99
2026-03-04 05:12:00+00:00,67846.42
2026-03-04 05:13:00+00:00,67874.72
2026-03-04 05:14:00+00:00,67911.51
2026-03-04 05:15:00+00:00,67843.58
2026-03-04 05:16:00+00:00,67852.08
2026-03-04 05:17:00+00:00,67905.86
2026-03-04 05:18:00+00:00,67905.85
2026-03-04 05:19:00+00:00,67941.48
2026-03-04 05:20:00+00:00,67914.33
2026-03-04 05:21:00+00:00,67817.27
2026-03-04 05:22:00+00:00,67803.99
2026-03-04 05:23:00+00:00,67819.01
2026-03-04 05:24:00+00:00,67809.64
2026-03-04 05:25:00+00:00,67844.01
2026-03-04 05:26:00+00:00,67724.26
2026-03-04 05:27:00+00:00,67739.89
2026-03-04 05:28:00+00:00,67791.41
2026-03-04 05:29:00+00:00,67823.78
2026-03-04 05:30:00+00:00,67824.0
2026-03-04 05:31:00+00:00,67796.0
2026-03-04 05:32:00+00:00,67793.33
2026-03-04 05:33:00+00:00,67772.85
2026-03-04 05:34:00+00:00,67778.44
2026-03-04 05:35:00+00:00,67756.95
2026-03-04 05:36:00+00:00,67735.01
2026-03-04 05:37:00+00:00,67884.69
2026-03-04 05:38:00+00:00,67871.89
2026-03-04 05:39:00+00:00,67937.6
2026-03-04 05:40:00+00:00,67953.92
2026-03-04 05:41:00+00:00,68114.0
2026-03-04 05:42:00+00:00,68260.4
2026-03-04 05:43:00+00:00,68270.93
2026-03-04 05:44:00+00:00,68198.74
2026-03-04 05:45:00+00:00,68146.39
2026-03-04 05:46:00+00:00,68234.13
2026-03-04 05:47:00+00:00,68310.52
2026-03-04 05:48:00+00:00,68158.13
2026-03-04 05:49:00+00:00,68161.05
2026-03-04 05:50:00+00:00,68183.86
2026-03-04 05:51:00+00:00,68158.99
2026-03-04 05:52:00+00:00,68188.86
2026-03-04 05:53:00+00:00,68271.89
2026-03-04 05:54:00+00:00,68356.42
2026-03-04 05:55:00+00:00,68265.27
2026-03-04 05:56:00+00:00,68263.45
2026-03-04 05:57:00+00:00,68258.0
2026-03-04 05:58:00+00:00,68244.44
2026-03-04 05:59:00+00:00,68205.5
2026-03-04 06:00:00+00:00,68221.04
2026-03-04 06:01:00+00:00,68140.02
2026-03-04 06:02:00+00:00,68126.02
2026-03-04 06:03:00+00:00,68098.29
2026-03-04 06:04:00+00:00,68172.45
2026-03-04 06:05:00+00:00,68200.17
2026-03-04 06:06:00+00:00,68156.98
2026-03-04 06:07:00+00:00,68120.94
2026-03-04 06:08:00+00:00,68132.22
2026-03-04 06:09:00+00:00,68188.61
2026-03-04 06:10:00+00:00,68149.23
2026-03-04 06:11:00+00:00,68138.42
2026-03-04 06:12:00+00:00,68112.93
2026-03-04 06:13:00+00:00,68103.96
2026-03-04 06:14:00+00:00,68186.02
2026-03-04 06:15:00+00:00,68174.65
2026-03-04 06:16:00+00:00,68094.97
2026-03-04 06:17:00+00:00,68098.28
2026-03-04 06:18:00+00:00,68125.0
2026-03-04 06:19:00+00:00,68132.26
2026-03-04 06:20:00+00:00,68115.27
2026-03-04 06:21:00+00:00,68148.81
2026-03-04 06:22:00+00:00,68049.88
2026-03-04 06:23:00+00:00,68103.37
2026-03-04 06:24:00+00:00,68142.0
2026-03-04 06:25:00+00:00,68150.01
2026-03-04 06:26:00+00:00,68127.49
2026-03-04 06:27:00+00:00,68120.02
2026-03-04 06:28:00+00:00,68095.97
2026-03-04 06:29:00+00:00,68118.12
2026-03-04 06:30:00+00:00,68157.01
2026-03-04 06:31:00+00:00,68150.09
2026-03-04 06:32:00+00:00,68236.96
2026-03-04 06:33:00+00:00,68313.37
2026-03-04 06:34:00+00:00,68480.02
2026-03-04 06:35:00+00:00,68472.03
2026-03-04 06:36:00+00:00,68435.06
2026-03-04 06:37:00+00:00,68484.05
2026-03-04 06:38:00+00:00,68473.33
2026-03-04 06:39:00+00:00,68548.78
2026-03-04 06:40:00+00:00,68531.28
2026-03-04 06:41:00+00:00,68531.29
2026-03-04 06:42:00+00:00,68614.64
2026-03-04 06:43:00+00:00,68586.02
2026-03-04 06:44:00+00:00,68669.99
2026-03-04 06:45:00+00:00,68595.99
2026-03-04 06:46:00+00:00,68578.24
2026-03-04 06:47:00+00:00,68616.19
2026-03-04 06:48:00+00:00,68559.58
2026-03-04 06:49:00+00:00,68660.0
2026-03-04 06:50:00+00:00,68585.06
2026-03-04 06:51:00+00:00,68508.64
2026-03-04 06:52:00+00:00,68502.98
2026-03-04 06:53:00+00:00,68500.0
2026-03-04 06:54:00+00:00,68497.8
2026-03-04 06:55:00+00:00,68481.95
2026-03-04 06:56:00+00:00,68471.85
2026-03-04 06:57:00+00:00,68456.62
2026-03-04 06:58:00+00:00,68497.32
2026-03-04 06:59:00+00:00,68498.35
2026-03-04 07:00:00+00:00,68539.77
2026-03-04 07:01:00+00:00,68598.0
2026-03-04 07:02:00+00:00,68591.75
2026-03-04 07:03:00+00:00,68562.4
2026-03-04 07:04:00+00:00,68491.32
2026-03-04 07:05:00+00:00,68429.12
2026-03-04 07:06:00+00:00,68417.46
2026-03-04 07:07:00+00:00,68426.51
2026-03-04 07:08:00+00:00,68463.37
2026-03-04 07:09:00+00:00,68485.22
2026-03-04 07:10:00+00:00,68419.39
2026-03-04 07:11:00+00:00,68445.35
2026-03-04 07:12:00+00:00,68400.21
2026-03-04 07:13:00+00:00,68424.11
2026-03-04 07:14:00+00:00,68401.1
2026-03-04 07:15:00+00:00,68385.96
2026-03-04 07:16:00+00:00,68411.31
2026-03-04 07:17:00+00:00,68405.0
2026-03-04 07:18:00+00:00,68361.49
2026-03-04 07:19:00+00:00,68406.77
2026-03-04 07:20:00+00:00,68382.86
2026-03-04 07:21:00+00:00,68473.71
2026-03-04 07:22:00+00:00,68463.37
2026-03-04 07:23:00+00:00,68483.83
2026-03-04 07:24:00+00:00,68513.45
2026-03-04 07:25:00+00:00,68486.01
2026-03-04 07:26:00+00:00,68547.58
2026-03-04 07:27:00+00:00,68540.41
2026-03-04 07:28:00+00:00,68665.35
2026-03-04 07:29:00+00:00,68766.02
2026-03-04 07:30:00+00:00,68723.71
2026-03-04 07:31:00+00:00,68766.01
2026-03-04 07:32:00+00:00,68692.2
2026-03-04 07:33:00+00:00,68677.17
2026-03-04 07:34:00+00:00,68759.81
2026-03-04 07:35:00+00:00,68723.32
2026-03-04 07:36:00+00:00,68690.26
2026-03-04 07:37:00+00:00,68726.55
2026-03-04 07:38:00+00:00,68724.97
2026-03-04 07:39:00+00:00,68777.49
2026-03-04 07:40:00+00:00,68822.15
2026-03-04 07:41:00+00:00,68851.3
2026-03-04 07:42:00+00:00,68848.24
2026-03-04 07:43:00+00:00,68877.4
2026-03-04 07:44:00+00:00,68960.72
2026-03-04 07:45:00+00:00,68934.88
2026-03-04 07:46:00+00:00,69097.34
2026-03-04 07:47:00+00:00,69429.01
2026-03-04 07:48:00+00:00,69466.27
2026-03-04 07:49:00+00:00,69422.74
2026-03-04 07:50:00+00:00,69329.35
2026-03-04 07:51:00+00:00,69363.71
2026-03-04 07:52:00+00:00,69388.77
2026-03-04 07:53:00+00:00,69395.71
2026-03-04 07:54:00+00:00,69326.51
2026-03-04 07:55:00+00:00,69326.52
2026-03-04 07:56:00+00:00,69487.42
2026-03-04 07:57:00+00:00,69419.99
2026-03-04 07:58:00+00:00,69538.77
2026-03-04 07:59:00+00:00,69496.32
2026-03-04 08:00:00+00:00,69621.22
2026-03-04 08:01:00+00:00,69428.88
2026-03-04 08:02:00+00:00,69469.81
2026-03-04 08:03:00+00:00,69397.26
2026-03-04 08:04:00+00:00,69396.24
2026-03-04 08:05:00+00:00,69482.17
2026-03-04 08:06:00+00:00,69556.79
2026-03-04 08:07:00+00:00,69683.08
2026-03-04 08:08:00+00:00,69609.51
2026-03-04 08:09:00+00:00,69706.98
2026-03-04 08:10:00+00:00,69657.01
2026-03-04 08:11:00+00:00,69491.61
2026-03-04 08:12:00+00:00,69401.15
2026-03-04 08:13:00+00:00,69428.4
2026-03-04 08:14:00+00:00,69434.06
2026-03-04 08:15:00+00:00,69378.59
2026-03-04 08:16:00+00:00,69351.99
2026-03-04 08:17:00+00:00,69327.36
2026-03-04 08:18:00+00:00,69310.98
2026-03-04 08:19:00+00:00,69268.69
2026-03-04 08:20:00+00:00,69295.39
2026-03-04 08:21:00+00:00,69221.81
2026-03-04 08:22:00+00:00,69201.99
2026-03-04 08:23:00+00:00,69242.0
2026-03-04 08:24:00+00:00,69267.09
2026-03-04 08:25:00+00:00,69278.0
2026-03-04 08:26:00+00:00,69302.02
2026-03-04 08:27:00+00:00,69281.31
2026-03-04 08:28:00+00:00,69290.03
2026-03-04 08:29:00+00:00,69317.02
2026-03-04 08:30:00+00:00,69351.97
2026-03-04 08:31:00+00:00,69402.93
2026-03-04 08:32:00+00:00,69388.77
2026-03-04 08:33:00+00:00,69521.78
2026-03-04 08:34:00+00:00,69513.98
2026-03-04 08:35:00+00:00,69490.65
2026-03-04 08:36:00+00:00,69542.15
2026-03-04 08:37:00+00:00,69500.61
2026-03-04 08:38:00+00:00,69526.46
2026-03-04 08:39:00+00:00,69540.02
2026-03-04 08:40:00+00:00,69702.89
2026-03-04 08:41:00+00:00,69822.01
2026-03-04 08:42:00+00:00,69872.0
2026-03-04 08:43:00+00:00,69872.7
2026-03-04 08:44:00+00:00,69893.7
2026-03-04 08:45:00+00:00,69997.72
2026-03-04 08:46:00+00:00,70253.99
2026-03-04 08:47:00+00:00,70438.71
2026-03-04 08:48:00+00:00,70573.47
2026-03-04 08:49:00+00:00,70601.7
2026-03-04 08:50:00+00:00,70739.99
2026-03-04 08:51:00+00:00,70583.03
2026-03-04 08:52:00+00:00,70715.98
2026-03-04 08:53:00+00:00,70734.4
2026-03-04 08:54:00+00:00,70665.1
2026-03-04 08:55:00+00:00,70882.0
2026-03-04 08:56:00+00:00,70863.09
2026-03-04 08:57:00+00:00,71086.77
2026-03-04 08:58:00+00:00,71009.36
2026-03-04 08:59:00+00:00,71016.02
2026-03-04 09:00:00+00:00,70936.01
2026-03-04 09:01:00+00:00,70992.0
2026-03-04 09:02:00+00:00,70834.9
2026-03-04 09:03:00+00:00,70801.32
2026-03-04 09:04:00+00:00,70817.04
2026-03-04 09:05:00+00:00,71065.28
2026-03-04 09:06:00+00:00,71229.39
2026-03-04 09:07:00+00:00,70878.55
2026-03-04 09:08:00+00:00,71035.49
2026-03-04 09:09:00+00:00,71036.96
2026-03-04 09:10:00+00:00,71033.0
2026-03-04 09:11:00+00:00,70990.55
2026-03-04 09:12:00+00:00,71027.99
2026-03-04 09:13:00+00:00,71097.45
2026-03-04 09:14:00+00:00,71087.55
2026-03-04 09:15:00+00:00,71182.55
2026-03-04 09:16:00+00:00,71214.13
2026-03-04 09:17:00+00:00,71296.19
2026-03-04 09:18:00+00:00,71266.01
2026-03-04 09:19:00+00:00,71197.15
2026-03-04 09:20:00+00:00,71342.48
2026-03-04 09:21:00+00:00,71219.52
2026-03-04 09:22:00+00:00,71275.6
2026-03-04 09:23:00+00:00,71127.39
2026-03-04 09:24:00+00:00,71246.48
2026-03-04 09:25:00+00:00,71317.98
2026-03-04 09:26:00+00:00,71273.56
2026-03-04 09:27:00+00:00,71347.14
2026-03-04 09:28:00+00:00,71318.15
2026-03-04 09:29:00+00:00,71318.83
2026-03-04 09:30:00+00:00,71403.84
2026-03-04 09:31:00+00:00,71417.89
2026-03-04 09:32:00+00:00,71343.06
2026-03-04 09:33:00+00:00,71233.94
2026-03-04 09:34:00+00:00,71481.61
2026-03-04 09:35:00+00:00,71610.26
2026-03-04 09:36:00+00:00,71548.07
2026-03-04 09:37:00+00:00,71830.0
2026-03-04 09:38:00+00:00,71799.94
2026-03-04 09:39:00+00:00,71692.4
2026-03-04 09:40:00+00:00,71724.84
2026-03-04 09:41:00+00:00,71840.0
2026-03-04 09:42:00+00:00,71885.57
2026-03-04 09:43:00+00:00,71861.15
2026-03-04 09:44:00+00:00,71769.41
2026-03-04 09:45:00+00:00,71796.0
2026-03-04 09:46:00+00:00,71725.5
2026-03-04 09:47:00+00:00,71770.01
2026-03-04 09:48:00+00:00,71817.98
2026-03-04 09:49:00+00:00,71837.76
2026-03-04 09:50:00+00:00,71845.22
2026-03-04 09:51:00+00:00,71802.77
2026-03-04 09:52:00+00:00,71557.56
2026-03-04 09:53:00+00:00,71487.32
2026-03-04 09:54:00+00:00,71468.57
2026-03-04 09:55:00+00:00,71364.52
2026-03-04 09:56:00+00:00,71434.86
2026-03-04 09:57:00+00:00,71463.16
2026-03-04 09:58:00+00:00,71486.38
2026-03-04 09:59:00+00:00,71523.96
2026-03-04 10:00:00+00:00,71566.0
2026-03-04 10:01:00+00:00,71511.27
2026-03-04 10:02:00+00:00,71552.0
2026-03-04 10:03:00+00:00,71595.8
2026-03-04 10:04:00+00:00,71638.61
2026-03-04 10:05:00+00:00,71483.73
2026-03-04 10:06:00+00:00,71624.46
2026-03-04 10:07:00+00:00,71669.75
2026-03-04 10:08:00+00:00,71819.65
2026-03-04 10:09:00+00:00,71842.0
2026-03-04 10:10:00+00:00,71776.64
2026-03-04 10:11:00+00:00,71692.14
2026-03-04 10:12:00+00:00,71698.05
2026-03-04 10:13:00+00:00,71684.59
2026-03-04 10:14:00+00:00,71663.59
2026-03-04 10:15:00+00:00,71632.95
2026-03-04 10:16:00+00:00,71668.63
2026-03-04 10:17:00+00:00,71565.05
2026-03-04 10:18:00+00:00,71533.9
2026-03-04 10:19:00+00:00,71491.46
2026-03-04 10:20:00+00:00,71516.2
2026-03-04 10:21:00+00:00,71466.26
2026-03-04 10:22:00+00:00,71499.96
2026-03-04 10:23:00+00:00,71366.01
2026-03-04 10:24:00+00:00,71391.86
2026-03-04 10:25:00+00:00,71437.05
2026-03-04 10:26:00+00:00,71415.06
2026-03-04 10:27:00+00:00,71474.48
2026-03-04 10:28:00+00:00,71497.11
2026-03-04 10:29:00+00:00,71530.86
2026-03-04 10:30:00+00:00,71543.0
2026-03-04 10:31:00+00:00,71495.24
2026-03-04 10:32:00+00:00,71503.32
2026-03-04 10:33:00+00:00,71365.13
2026-03-04 10:34:00+00:00,71361.28
2026-03-04 10:35:00+00:00,71419.27
2026-03-04 10:36:00+00:00,71393.26
2026-03-04 10:37:00+00:00,71346.11
2026-03-04 10:38:00+00:00,71330.16
2026-03-04 10:39:00+00:00,71350.84
2026-03-04 10:40:00+00:00,71367.99
2026-03-04 10:41:00+00:00,71369.98
2026-03-04 10:42:00+00:00,71376.06
2026-03-04 10:43:00+00:00,71347.48
2026-03-04 10:44:00+00:00,71319.93
2026-03-04 10:45:00+00:00,71304.69
2026-03-04 10:46:00+00:00,71332.98
2026-03-04 10:47:00+00:00,71270.72
2026-03-04 10:48:00+00:00,71212.8
2026-03-04 10:49:00+00:00,71270.27
2026-03-04 10:50:00+00:00,71426.98
2026-03-04 10:51:00+00:00,71430.99
2026-03-04 10:52:00+00:00,71381.09
2026-03-04 10:53:00+00:00,71358.46
2026-03-04 10:54:00+00:00,71278.96
2026-03-04 10:55:00+00:00,71290.53
2026-03-04 10:56:00+00:00,71267.88
2026-03-04 10:57:00+00:00,71248.7
2026-03-04 10:58:00+00:00,71289.7
2026-03-04 10:59:00+00:00,71350.2
2026-03-04 11:00:00+00:00,71382.99
2026-03-04 11:01:00+00:00,71382.18
2026-03-04 11:02:00+00:00,71396.0
2026-03-04 11:03:00+00:00,71430.22
2026-03-04 11:04:00+00:00,71361.11
2026-03-04 11:05:00+00:00,71361.03
2026-03-04 11:06:00+00:00,71302.51
2026-03-04 11:07:00+00:00,71263.35
2026-03-04 11:08:00+00:00,71262.0
2026-03-04 11:09:00+00:00,71270.74
2026-03-04 11:10:00+00:00,71353.76
2026-03-04 11:11:00+00:00,71351.55
2026-03-04 11:12:00+00:00,71358.45
2026-03-04 11:13:00+00:00,71454.05
2026-03-04 11:14:00+00:00,71429.69
2026-03-04 11:15:00+00:00,71462.64
2026-03-04 11:16:00+00:00,71451.84
2026-03-04 11:17:00+00:00,71446.19
2026-03-04 11:18:00+00:00,71441.02
2026-03-04 11:19:00+00:00,71463.17
2026-03-04 11:20:00+00:00,71467.91
2026-03-04 11:21:00+00:00,71434.85
2026-03-04 11:22:00+00:00,71318.96
2026-03-04 11:23:00+00:00,71317.03
2026-03-04 11:24:00+00:00,71308.11
2026-03-04 11:25:00+00:00,71290.59
2026-03-04 11:26:00+00:00,71248.83
2026-03-04 11:27:00+00:00,71245.25
2026-03-04 11:28:00+00:00,71240.48
2026-03-04 11:29:00+00:00,71239.41
2026-03-04 11:30:00+00:00,71256.02
2026-03-04 11:31:00+00:00,71296.63
2026-03-04 11:32:00+00:00,71304.49
2026-03-04 11:33:00+00:00,71273.03
2026-03-04 11:34:00+00:00,71178.06
2026-03-04 11:35:00+00:00,71063.0
2026-03-04 11:36:00+00:00,70950.81
2026-03-04 11:37:00+00:00,70955.09
2026-03-04 11:38:00+00:00,70964.0
2026-03-04 11:39:00+00:00,70999.04
2026-03-04 11:40:00+00:00,71063.16
2026-03-04 11:41:00+00:00,71112.66
2026-03-04 11:42:00+00:00,71071.97
2026-03-04 11:43:00+00:00,71123.56
2026-03-04 11:44:00+00:00,71121.65
2026-03-04 11:45:00+00:00,71083.99
2026-03-04 11:46:00+00:00,71098.0
2026-03-04 11:47:00+00:00,71109.41
2026-03-04 11:48:00+00:00,71092.43
2026-03-04 11:49:00+00:00,71069.08
2026-03-04 11:50:00+00:00,71086.77
2026-03-04 11:51:00+00:00,71103.46
2026-03-04 11:52:00+00:00,71125.73
2026-03-04 11:53:00+00:00,71171.52
2026-03-04 11:54:00+00:00,71184.0
2026-03-04 11:55:00+00:00,71208.8
2026-03-04 11:56:00+00:00,71150.57
2026-03-04 11:57:00+00:00,71136.01
2026-03-04 11:58:00+00:00,71133.01
2026-03-04 11:59:00+00:00,71113.99
2026-03-04 12:00:00+00:00,71099.58
2026-03-04 12:01:00+00:00,71115.38
2026-03-04 12:02:00+00:00,71035.72
2026-03-04 12:03:00+00:00,71061.3
2026-03-04 12:04:00+00:00,71002.03
2026-03-04 12:05:00+00:00,71028.8
2026-03-04 12:06:00+00:00,71016.24
2026-03-04 12:07:00+00:00,70876.81
2026-03-04 12:08:00+00:00,70905.99
2026-03-04 12:09:00+00:00,70872.83
2026-03-04 12:10:00+00:00,70958.03
2026-03-04 12:11:00+00:00,70929.57
2026-03-04 12:12:00+00:00,70917.04
2026-03-04 12:13:00+00:00,70883.01
2026-03-04 12:14:00+00:00,70889.44
2026-03-04 12:15:00+00:00,70886.0
2026-03-04 12:16:00+00:00,70837.72
2026-03-04 12:17:00+00:00,70788.93
2026-03-04 12:18:00+00:00,70750.56
2026-03-04 12:19:00+00:00,70800.94
2026-03-04 12:20:00+00:00,70768.17
2026-03-04 12:21:00+00:00,70784.51
2026-03-04 12:22:00+00:00,70781.52
2026-03-04 12:23:00+00:00,70708.02
2026-03-04 12:24:00+00:00,70680.82
2026-03-04 12:25:00+00:00,70669.22
2026-03-04 12:26:00+00:00,70693.15
2026-03-04 12:27:00+00:00,70773.65
2026-03-04 12:28:00+00:00,70704.01
2026-03-04 12:29:00+00:00,70638.76
2026-03-04 12:30:00+00:00,70612.34
2026-03-04 12:31:00+00:00,70671.61
2026-03-04 12:32:00+00:00,70682.08
2026-03-04 12:33:00+00:00,70779.97
2026-03-04 12:34:00+00:00,70817.03
2026-03-04 12:35:00+00:00,70727.39
2026-03-04 12:36:00+00:00,70704.01
2026-03-04 12:37:00+00:00,70781.13
2026-03-04 12:38:00+00:00,70847.63
2026-03-04 12:39:00+00:00,70923.53
2026-03-04 12:40:00+00:00,70919.26
2026-03-04 12:41:00+00:00,70967.92
2026-03-04 12:42:00+00:00,70939.61
2026-03-04 12:43:00+00:00,71026.01
2026-03-04 12:44:00+00:00,70974.9
2026-03-04 12:45:00+00:00,70931.21
2026-03-04 12:46:00+00:00,70910.72
2026-03-04 12:47:00+00:00,71034.8
2026-03-04 12:48:00+00:00,71003.6
2026-03-04 12:49:00+00:00,71132.37
2026-03-04 12:50:00+00:00,71168.86
2026-03-04 12:51:00+00:00,71128.61
2026-03-04 12:52:00+00:00,71128.01
2026-03-04 12:53:00+00:00,71108.57
2026-03-04 12:54:00+00:00,71137.72
2026-03-04 12:55:00+00:00,71120.72
2026-03-04 12:56:00+00:00,71230.68
2026-03-04 12:57:00+00:00,71343.55
2026-03-04 12:58:00+00:00,71337.11
2026-03-04 12:59:00+00:00,71350.01
2026-03-04 13:00:00+00:00,71306.01
2026-03-04 13:01:00+00:00,71403.73
2026-03-04 13:02:00+00:00,71292.12
2026-03-04 13:03:00+00:00,71299.05
2026-03-04 13:04:00+00:00,71327.32
2026-03-04 13:05:00+00:00,71360.03
2026-03-04 13:06:00+00:00,71542.03
2026-03-04 13:07:00+00:00,71564.05
2026-03-04 13:08:00+00:00,71587.44
2026-03-04 13:09:00+00:00,71536.03
2026-03-04 13:10:00+00:00,71451.88
2026-03-04 13:11:00+00:00,71442.57
2026-03-04 13:12:00+00:00,71370.74
2026-03-04 13:13:00+00:00,71314.31
2026-03-04 13:14:00+00:00,71304.22
2026-03-04 13:15:00+00:00,71334.02
2026-03-04 13:16:00+00:00,71317.83
2026-03-04 13:17:00+00:00,71405.89
2026-03-04 13:18:00+00:00,71401.47
2026-03-04 13:19:00+00:00,71324.71
2026-03-04 13:20:00+00:00,71315.17
2026-03-04 13:21:00+00:00,71353.05
2026-03-04 13:22:00+00:00,71264.36
2026-03-04 13:23:00+00:00,71237.97
2026-03-04 13:24:00+00:00,71261.0
2026-03-04 13:25:00+00:00,71291.64
2026-03-04 13:26:00+00:00,71283.09
2026-03-04 13:27:00+00:00,71378.26
2026-03-04 13:28:00+00:00,71368.73
2026-03-04 13:29:00+00:00,71361.28
2026-03-04 13:30:00+00:00,71315.6
2026-03-04 13:31:00+00:00,71339.39
2026-03-04 13:32:00+00:00,71366.32
2026-03-04 13:33:00+00:00,71375.44
2026-03-04 13:34:00+00:00,71327.32
2026-03-04 13:35:00+00:00,71310.07
2026-03-04 13:36:00+00:00,71328.01
2026-03-04 13:37:00+00:00,71328.49
2026-03-04 13:38:00+00:00,71428.0
2026-03-04 13:39:00+00:00,71441.9
2026-03-04 13:40:00+00:00,71444.37
2026-03-04 13:41:00+00:00,71502.34
2026-03-04 13:42:00+00:00,71473.3
2026-03-04 13:43:00+00:00,71526.82
2026-03-04 13:44:00+00:00,71444.01
2026-03-04 13:45:00+00:00,71450.41
2026-03-04 13:46:00+00:00,71450.52
2026-03-04 13:47:00+00:00,71441.02
2026-03-04 13:48:00+00:00,71396.0
2026-03-04 13:49:00+00:00,71393.39
2026-03-04 13:50:00+00:00,71374.11
2026-03-04 13:51:00+00:00,71356.72
2026-03-04 13:52:00+00:00,71363.0
2026-03-04 13:53:00+00:00,71405.19
2026-03-04 13:54:00+00:00,71418.82
2026-03-04 13:55:00+00:00,71463.51
2026-03-04 13:56:00+00:00,71499.98
2026-03-04 13:57:00+00:00,71514.56
2026-03-04 13:58:00+00:00,71484.04
2026-03-04 13:59:00+00:00,71487.91
2026-03-04 14:00:00+00:00,71481.52
2026-03-04 14:01:00+00:00,71473.11
2026-03-04 14:02:00+00:00,71466.38
2026-03-04 14:03:00+00:00,71437.3
2026-03-04 14:04:00+00:00,71452.01
2026-03-04 14:05:00+00:00,71483.02
2026-03-04 14:06:00+00:00,71548.57
2026-03-04 14:07:00+00:00,71671.92
2026-03-04 14:08:00+00:00,71515.0
2026-03-04 14:09:00+00:00,71567.94
2026-03-04 14:10:00+00:00,71637.84
2026-03-04 14:11:00+00:00,71679.98
2026-03-04 14:12:00+00:00,71682.1
2026-03-04 14:13:00+00:00,71695.25
2026-03-04 14:14:00+00:00,71807.18
2026-03-04 14:15:00+00:00,71859.97
2026-03-04 14:16:00+00:00,71972.13
2026-03-04 14:17:00+00:00,71739.66
2026-03-04 14:18:00+00:00,71779.75
2026-03-04 14:19:00+00:00,71728.59
2026-03-04 14:20:00+00:00,71625.08
2026-03-04 14:21:00+00:00,71618.69
2026-03-04 14:22:00+00:00,71666.52
2026-03-04 14:23:00+00:00,71620.33
2026-03-04 14:24:00+00:00,71599.01
2026-03-04 14:25:00+00:00,71630.09
2026-03-04 14:26:00+00:00,71606.1
2026-03-04 14:27:00+00:00,71625.03
2026-03-04 14:28:00+00:00,71735.07
2026-03-04 14:29:00+00:00,71752.4
2026-03-04 14:30:00+00:00,72140.01
2026-03-04 14:31:00+00:00,72324.01
2026-03-04 14:32:00+00:00,72388.0
2026-03-04 14:33:00+00:00,72278.99
2026-03-04 14:34:00+00:00,72446.0
2026-03-04 14:35:00+00:00,72109.17
2026-03-04 14:36:00+00:00,71832.03
2026-03-04 14:37:00+00:00,71928.1
2026-03-04 14:38:00+00:00,72042.98
2026-03-04 14:39:00+00:00,71921.09
2026-03-04 14:40:00+00:00,72038.64
2026-03-04 14:41:00+00:00,71872.61
2026-03-04 14:42:00+00:00,71658.81
2026-03-04 14:43:00+00:00,71495.78
2026-03-04 14:44:00+00:00,71434.09
2026-03-04 14:45:00+00:00,71355.86
2026-03-04 14:46:00+00:00,71473.99
2026-03-04 14:47:00+00:00,71534.5
2026-03-04 14:48:00+00:00,71641.02
2026-03-04 14:49:00+00:00,71672.93
2026-03-04 14:50:00+00:00,71586.52
2026-03-04 14:51:00+00:00,71717.39
2026-03-04 14:52:00+00:00,71752.38
2026-03-04 14:53:00+00:00,71750.04
2026-03-04 14:54:00+00:00,71727.5
2026-03-04 14:55:00+00:00,71590.02
2026-03-04 14:56:00+00:00,71733.53
2026-03-04 14:57:00+00:00,71613.99
2026-03-04 14:58:00+00:00,71582.5
2026-03-04 14:59:00+00:00,71652.58
2026-03-04 15:00:00+00:00,71960.2
2026-03-04 15:01:00+00:00,71912.87
2026-03-04 15:02:00+00:00,71892.52
2026-03-04 15:03:00+00:00,71762.05
2026-03-04 15:04:00+00:00,71701.63
2026-03-04 15:05:00+00:00,71734.0
2026-03-04 15:06:00+00:00,71784.19
2026-03-04 15:07:00+00:00,71847.14
2026-03-04 15:08:00+00:00,72079.24
2026-03-04 15:09:00+00:00,72039.77
2026-03-04 15:10:00+00:00,72089.09
2026-03-04 15:11:00+00:00,72191.2
2026-03-04 15:12:00+00:00,72159.26
2026-03-04 15:13:00+00:00,72250.0
2026-03-04 15:14:00+00:00,72020.63
2026-03-04 15:15:00+00:00,72120.0
2026-03-04 15:16:00+00:00,72227.7
2026-03-04 15:17:00+00:00,72241.99
2026-03-04 15:18:00+00:00,72214.13
2026-03-04 15:19:00+00:00,72364.81
2026-03-04 15:20:00+00:00,72510.88
2026-03-04 15:21:00+00:00,72313.99
2026-03-04 15:22:00+00:00,72377.89
2026-03-04 15:23:00+00:00,72261.3
2026-03-04 15:24:00+00:00,72322.0
2026-03-04 15:25:00+00:00,72362.02
2026-03-04 15:26:00+00:00,72718.54
2026-03-04 15:27:00+00:00,72795.81
2026-03-04 15:28:00+00:00,72863.52
2026-03-04 15:29:00+00:00,73008.0
2026-03-04 15:30:00+00:00,72900.0
2026-03-04 15:31:00+00:00,73050.2
2026-03-04 15:32:00+00:00,72880.49
2026-03-04 15:33:00+00:00,72878.77
2026-03-04 15:34:00+00:00,72861.88
2026-03-04 15:35:00+00:00,72802.98
2026-03-04 15:36:00+00:00,72779.13
2026-03-04 15:37:00+00:00,72859.6
2026-03-04 15:38:00+00:00,72722.23
2026-03-04 15:39:00+00:00,72724.47
2026-03-04 15:40:00+00:00,72770.27
2026-03-04 15:41:00+00:00,72722.0
2026-03-04 15:42:00+00:00,72807.13
2026-03-04 15:43:00+00:00,72792.74
2026-03-04 15:44:00+00:00,72734.02
2026-03-04 15:45:00+00:00,72801.8
2026-03-04 15:46:00+00:00,72935.55
2026-03-04 15:47:00+00:00,73004.96
2026-03-04 15:48:00+00:00,72931.72
2026-03-04 15:49:00+00:00,72886.06
2026-03-04 15:50:00+00:00,73040.99
2026-03-04 15:51:00+00:00,73087.9
2026-03-04 15:52:00+00:00,73041.97
2026-03-04 15:53:00+00:00,73103.5
2026-03-04 15:54:00+00:00,73129.74
2026-03-04 15:55:00+00:00,73089.28
2026-03-04 15:56:00+00:00,73152.71
2026-03-04 15:57:00+00:00,73321.98
2026-03-04 15:58:00+00:00,73501.58
2026-03-04 15:59:00+00:00,73428.0
2026-03-04 16:00:00+00:00,73478.46
2026-03-04 16:01:00+00:00,73417.85
2026-03-04 16:02:00+00:00,73440.0
2026-03-04 16:03:00+00:00,73398.03
2026-03-04 16:04:00+00:00,73307.95
2026-03-04 16:05:00+00:00,73316.62
2026-03-04 16:06:00+00:00,73244.22
2026-03-04 16:07:00+00:00,73153.08
2026-03-04 16:08:00+00:00,73165.99
2026-03-04 16:09:00+00:00,72952.12
2026-03-04 16:10:00+00:00,73029.53
2026-03-04 16:11:00+00:00,72889.79
2026-03-04 16:12:00+00:00,72805.44
2026-03-04 16:13:00+00:00,72825.6
2026-03-04 16:14:00+00:00,72885.12
2026-03-04 16:15:00+00:00,72958.0
2026-03-04 16:16:00+00:00,73066.32
2026-03-04 16:17:00+00:00,73009.33
2026-03-04 16:18:00+00:00,72897.24
2026-03-04 16:19:00+00:00,72859.6
2026-03-04 16:20:00+00:00,72868.08
2026-03-04 16:21:00+00:00,72611.98
2026-03-04 16:22:00+00:00,72702.44
2026-03-04 16:23:00+00:00,72711.82
2026-03-04 16:24:00+00:00,72662.23
2026-03-04 16:25:00+00:00,72804.53
2026-03-04 16:26:00+00:00,72864.8
2026-03-04 16:27:00+00:00,73047.99
2026-03-04 16:28:00+00:00,72974.49
2026-03-04 16:29:00+00:00,73002.01
2026-03-04 16:30:00+00:00,72964.88
2026-03-04 16:31:00+00:00,73108.0
2026-03-04 16:32:00+00:00,73086.1
2026-03-04 16:33:00+00:00,73078.01
2026-03-04 16:34:00+00:00,73133.61
2026-03-04 16:35:00+00:00,73145.21
2026-03-04 16:36:00+00:00,73218.01
2026-03-04 16:37:00+00:00,73195.02
2026-03-04 16:38:00+00:00,73174.07
2026-03-04 16:39:00+00:00,73210.34
2026-03-04 16:40:00+00:00,73344.48
2026-03-04 16:41:00+00:00,73312.22
2026-03-04 16:42:00+00:00,73330.69
2026-03-04 16:43:00+00:00,73288.0
2026-03-04 16:44:00+00:00,73200.01
2026-03-04 16:45:00+00:00,73210.0
2026-03-04 16:46:00+00:00,73248.14
2026-03-04 16:47:00+00:00,73284.56
2026-03-04 16:48:00+00:00,73317.16
2026-03-04 16:49:00+00:00,73299.35
2026-03-04 16:50:00+00:00,73339.99
2026-03-04 16:51:00+00:00,73315.77
2026-03-04 16:52:00+00:00,73264.01
2026-03-04 16:53:00+00:00,73362.3
2026-03-04 16:54:00+00:00,73336.8
2026-03-04 16:55:00+00:00,73366.42
2026-03-04 16:56:00+00:00,73296.4
2026-03-04 16:57:00+00:00,73300.0
2026-03-04 16:58:00+00:00,73445.05
2026-03-04 16:59:00+00:00,73349.61
2026-03-04 17:00:00+00:00,73313.5
2026-03-04 17:01:00+00:00,73449.45
2026-03-04 17:02:00+00:00,73512.2
2026-03-04 17:03:00+00:00,73508.12
2026-03-04 17:04:00+00:00,73452.95
2026-03-04 17:05:00+00:00,73333.98
2026-03-04 17:06:00+00:00,73416.14
2026-03-04 17:07:00+00:00,73357.25
2026-03-04 17:08:00+00:00,73379.02
2026-03-04 17:09:00+00:00,73466.0
2026-03-04 17:10:00+00:00,73555.0
2026-03-04 17:11:00+00:00,73565.51
2026-03-04 17:12:00+00:00,73642.5
2026-03-04 17:13:00+00:00,73684.0
2026-03-04 17:14:00+00:00,73601.87
2026-03-04 17:15:00+00:00,73612.45
2026-03-04 17:16:00+00:00,73775.15
2026-03-04 17:17:00+00:00,73469.99
2026-03-04 17:18:00+00:00,73491.24
2026-03-04 17:19:00+00:00,73330.19
2026-03-04 17:20:00+00:00,73200.0
2026-03-04 17:21:00+00:00,73089.99
2026-03-04 17:22:00+00:00,73082.9
2026-03-04 17:23:00+00:00,73038.24
2026-03-04 17:24:00+00:00,73071.98
2026-03-04 17:25:00+00:00,73120.45
2026-03-04 17:26:00+00:00,73090.0
2026-03-04 17:27:00+00:00,73029.76
2026-03-04 17:28:00+00:00,73089.35
2026-03-04 17:29:00+00:00,73109.97
2026-03-04 17:30:00+00:00,73176.05
2026-03-04 17:31:00+00:00,73210.58
2026-03-04 17:32:00+00:00,73204.53
2026-03-04 17:33:00+00:00,73270.0
2026-03-04 17:34:00+00:00,73196.41
2026-03-04 17:35:00+00:00,73261.98
2026-03-04 17:36:00+00:00,73274.3
2026-03-04 17:37:00+00:00,73216.28
2026-03-04 17:38:00+00:00,73222.63
2026-03-04 17:39:00+00:00,73181.73
2026-03-04 17:40:00+00:00,73150.01
2026-03-04 17:41:00+00:00,73178.31
2026-03-04 17:42:00+00:00,73183.37
2026-03-04 17:43:00+00:00,73129.02
2026-03-04 17:44:00+00:00,73189.05
2026-03-04 17:45:00+00:00,73228.33
2026-03-04 17:46:00+00:00,73153.09
2026-03-04 17:47:00+00:00,73233.45
2026-03-04 17:48:00+00:00,73329.53
2026-03-04 17:49:00+00:00,73285.09
2026-03-04 17:50:00+00:00,73382.05
2026-03-04 17:51:00+00:00,73396.38
2026-03-04 17:52:00+00:00,73303.09
2026-03-04 17:53:00+00:00,73344.49
2026-03-04 17:54:00+00:00,73351.65
2026-03-04 17:55:00+00:00,73319.98
2026-03-04 17:56:00+00:00,73306.0
2026-03-04 17:57:00+00:00,73249.79
2026-03-04 17:58:00+00:00,73302.27
2026-03-04 17:59:00+00:00,73256.95
2026-03-04 18:00:00+00:00,73281.08
2026-03-04 18:01:00+00:00,73281.83
2026-03-04 18:02:00+00:00,73354.73
2026-03-04 18:03:00+00:00,73323.0
2026-03-04 18:04:00+00:00,73374.36
2026-03-04 18:05:00+00:00,73398.0
2026-03-04 18:06:00+00:00,73338.1
2026-03-04 18:07:00+00:00,73414.0
2026-03-04 18:08:00+00:00,73420.98
2026-03-04 18:09:00+00:00,73331.78
2026-03-04 18:10:00+00:00,73051.06
2026-03-04 18:11:00+00:00,73053.98
2026-03-04 18:12:00+00:00,73147.99
2026-03-04 18:13:00+00:00,73137.09
2026-03-04 18:14:00+00:00,73086.1
2026-03-04 18:15:00+00:00,73153.76
2026-03-04 18:16:00+00:00,73176.13
2026-03-04 18:17:00+00:00,73194.54
2026-03-04 18:18:00+00:00,73301.99
2026-03-04 18:19:00+00:00,73403.64
2026-03-04 18:20:00+00:00,73349.48
2026-03-04 18:21:00+00:00,73403.04
2026-03-04 18:22:00+00:00,73403.41
2026-03-04 18:23:00+00:00,73407.44
2026-03-04 18:24:00+00:00,73394.01
2026-03-04 18:25:00+00:00,73403.84
2026-03-04 18:26:00+00:00,73426.2
2026-03-04 18:27:00+00:00,73462.02
2026-03-04 18:28:00+00:00,73461.2
2026-03-04 18:29:00+00:00,73461.63
2026-03-04 18:30:00+00:00,73376.39
2026-03-04 18:31:00+00:00,73400.22
2026-03-04 18:32:00+00:00,73304.83
2026-03-04 18:33:00+00:00,73322.14
2026-03-04 18:34:00+00:00,73306.2
2026-03-04 18:35:00+00:00,73210.0
2026-03-04 18:36:00+00:00,73277.56
2026-03-04 18:37:00+00:00,73259.58
2026-03-04 18:38:00+00:00,73253.44
2026-03-04 18:39:00+00:00,73314.24
2026-03-04 18:40:00+00:00,73372.48
2026-03-04 18:41:00+00:00,73472.0
2026-03-04 18:42:00+00:00,73520.01
2026-03-04 18:43:00+00:00,73525.75
2026-03-04 18:44:00+00:00,73561.41
2026-03-04 18:45:00+00:00,73680.8
2026-03-04 18:46:00+00:00,73617.56
2026-03-04 18:47:00+00:00,73509.06
2026-03-04 18:48:00+00:00,73486.93
2026-03-04 18:49:00+00:00,73562.2
2026-03-04 18:50:00+00:00,73590.13
2026-03-04 18:51:00+00:00,73551.84
2026-03-04 18:52:00+00:00,73581.99
2026-03-04 18:53:00+00:00,73692.0
2026-03-04 18:54:00+00:00,73650.0
2026-03-04 18:55:00+00:00,73577.36
2026-03-04 18:56:00+00:00,73638.01
2026-03-04 18:57:00+00:00,73615.91
2026-03-04 18:58:00+00:00,73579.11
2026-03-04 18:59:00+00:00,73734.91
2026-03-04 19:00:00+00:00,73712.36
2026-03-04 19:01:00+00:00,73756.67
2026-03-04 19:02:00+00:00,73721.07
2026-03-04 19:03:00+00:00,73698.66
2026-03-04 19:04:00+00:00,73641.16
2026-03-04 19:05:00+00:00,73701.03
2026-03-04 19:06:00+00:00,73780.01
2026-03-04 19:07:00+00:00,73754.58
2026-03-04 19:08:00+00:00,73764.04
2026-03-04 19:09:00+00:00,73713.0
2026-03-04 19:10:00+00:00,73817.99
2026-03-04 19:11:00+00:00,73863.98
2026-03-04 19:12:00+00:00,73988.36
2026-03-04 19:13:00+00:00,73996.36
2026-03-04 19:14:00+00:00,73931.41
2026-03-04 19:15:00+00:00,73882.69
2026-03-04 19:16:00+00:00,73858.35
2026-03-04 19:17:00+00:00,73830.07
2026-03-04 19:18:00+00:00,73861.68
2026-03-04 19:19:00+00:00,74030.04
2026-03-04 19:20:00+00:00,74081.58
2026-03-04 19:21:00+00:00,73877.21
2026-03-04 19:22:00+00:00,73807.09
2026-03-04 19:23:00+00:00,73769.63
2026-03-04 19:24:00+00:00,73713.3
2026-03-04 19:25:00+00:00,73704.55
2026-03-04 19:26:00+00:00,73637.98
2026-03-04 19:27:00+00:00,73641.91
2026-03-04 19:28:00+00:00,73602.89
2026-03-04 19:29:00+00:00,73622.35
2026-03-04 19:30:00+00:00,73656.9
2026-03-04 19:31:00+00:00,73663.47
2026-03-04 19:32:00+00:00,73639.87
2026-03-04 19:33:00+00:00,73620.0
2026-03-04 19:34:00+00:00,73633.02
2026-03-04 19:35:00+00:00,73750.46
2026-03-04 19:36:00+00:00,73757.06
2026-03-04 19:37:00+00:00,73787.5
2026-03-04 19:38:00+00:00,73858.78
2026-03-04 19:39:00+00:00,73874.89
2026-03-04 19:40:00+00:00,73843.62
2026-03-04 19:41:00+00:00,73831.63
2026-03-04 19:42:00+00:00,73919.11
2026-03-04 19:43:00+00:00,73766.02
2026-03-04 19:44:00+00:00,73765.44
2026-03-04 19:45:00+00:00,73771.93
2026-03-04 19:46:00+00:00,73730.35
2026-03-04 19:47:00+00:00,73743.04
2026-03-04 19:48:00+00:00,73714.0
2026-03-04 19:49:00+00:00,73720.87
2026-03-04 19:50:00+00:00,73736.85
2026-03-04 19:51:00+00:00,73677.98
2026-03-04 19:52:00+00:00,73807.03
2026-03-04 19:53:00+00:00,73787.79
2026-03-04 19:54:00+00:00,73811.31
2026-03-04 19:55:00+00:00,73762.37
2026-03-04 19:56:00+00:00,73760.95
2026-03-04 19:57:00+00:00,73756.0
2026-03-04 19:58:00+00:00,73746.42
2026-03-04 19:59:00+00:00,73673.05
2026-03-04 20:00:00+00:00,73660.3
2026-03-04 20:01:00+00:00,73702.53
2026-03-04 20:02:00+00:00,73666.67
2026-03-04 20:03:00+00:00,73647.53
2026-03-04 20:04:00+00:00,73647.53
2026-03-04 20:05:00+00:00,73605.59
2026-03-04 20:06:00+00:00,73614.91
2026-03-04 20:07:00+00:00,73564.6
2026-03-04 20:08:00+00:00,73410.0
2026-03-04 20:09:00+00:00,73371.85
2026-03-04 20:10:00+00:00,73382.76
2026-03-04 20:11:00+00:00,73382.0
2026-03-04 20:12:00+00:00,73468.1
2026-03-04 20:13:00+00:00,73493.64
2026-03-04 20:14:00+00:00,73478.9
2026-03-04 20:15:00+00:00,73516.16
2026-03-04 20:16:00+00:00,73636.19
2026-03-04 20:17:00+00:00,73595.82
2026-03-04 20:18:00+00:00,73491.59
2026-03-04 20:19:00+00:00,73450.0
2026-03-04 20:20:00+00:00,73514.01
2026-03-04 20:21:00+00:00,73339.99
2026-03-04 20:22:00+00:00,73440.21
2026-03-04 20:23:00+00:00,73433.99
2026-03-04 20:24:00+00:00,73472.18
2026-03-04 20:25:00+00:00,73487.09
2026-03-04 20:26:00+00:00,73523.16
2026-03-04 20:27:00+00:00,73512.8
2026-03-04 20:28:00+00:00,73560.91
2026-03-04 20:29:00+00:00,73524.23
2026-03-04 20:30:00+00:00,73494.02
2026-03-04 20:31:00+00:00,73429.97
2026-03-04 20:32:00+00:00,73417.12
2026-03-04 20:33:00+00:00,73373.19
2026-03-04 20:34:00+00:00,73542.01
2026-03-04 20:35:00+00:00,73513.54
2026-03-04 20:36:00+00:00,73602.01
2026-03-04 20:37:00+00:00,73496.78
2026-03-04 20:38:00+00:00,73431.97
2026-03-04 20:39:00+00:00,73465.7
2026-03-04 20:40:00+00:00,73474.0
2026-03-04 20:41:00+00:00,73494.41
2026-03-04 20:42:00+00:00,73535.87
2026-03-04 20:43:00+00:00,73542.17
2026-03-04 20:44:00+00:00,73540.7
2026-03-04 20:45:00+00:00,73539.61
2026-03-04 20:46:00+00:00,73550.02
2026-03-04 20:47:00+00:00,73486.65
2026-03-04 20:48:00+00:00,73494.0
2026-03-04 20:49:00+00:00,73516.73
2026-03-04 20:50:00+00:00,73383.68
2026-03-04 20:51:00+00:00,73418.45
2026-03-04 20:52:00+00:00,73330.0
2026-03-04 20:53:00+00:00,73277.5
2026-03-04 20:54:00+00:00,73298.91
2026-03-04 20:55:00+00:00,73255.57
2026-03-04 20:56:00+00:00,73206.01
2026-03-04 20:57:00+00:00,73209.98
2026-03-04 20:58:00+00:00,73164.82
2026-03-04 20:59:00+00:00,73077.92
2026-03-04 21:00:00+00:00,73016.0
2026-03-04 21:01:00+00:00,72928.39
2026-03-04 21:02:00+00:00,73066.01
2026-03-04 21:03:00+00:00,73105.44
2026-03-04 21:04:00+00:00,73131.39
2026-03-04 21:05:00+00:00,73101.99
2026-03-04 21:06:00+00:00,73104.33
2026-03-04 21:07:00+00:00,73074.96
2026-03-04 21:08:00+00:00,73030.0
2026-03-04 21:09:00+00:00,73046.99
2026-03-04 21:10:00+00:00,73054.19
2026-03-04 21:11:00+00:00,73003.16
2026-03-04 21:12:00+00:00,73028.67
2026-03-04 21:13:00+00:00,73059.46
2026-03-04 21:14:00+00:00,73093.08
2026-03-04 21:15:00+00:00,73077.99
2026-03-04 21:16:00+00:00,73077.99
2026-03-04 21:17:00+00:00,73041.44
2026-03-04 21:18:00+00:00,73057.99
2026-03-04 21:19:00+00:00,73140.31
2026-03-04 21:20:00+00:00,73117.64
2026-03-04 21:21:00+00:00,73231.67
2026-03-04 21:22:00+00:00,73219.66
2026-03-04 21:23:00+00:00,73194.9
2026-03-04 21:24:00+00:00,73210.0
2026-03-04 21:25:00+00:00,73223.26
2026-03-04 21:26:00+00:00,73227.49
2026-03-04 21:27:00+00:00,73226.46
2026-03-04 21:28:00+00:00,73245.69
2026-03-04 21:29:00+00:00,73195.6
2026-03-04 21:30:00+00:00,73149.89
2026-03-04 21:31:00+00:00,73166.45
2026-03-04 21:32:00+00:00,73190.75
2026-03-04 21:33:00+00:00,73208.38
2026-03-04 21:34:00+00:00,73178.79
2026-03-04 21:35:00+00:00,73185.98
2026-03-04 21:36:00+00:00,73261.53
2026-03-04 21:37:00+00:00,73276.2
2026-03-04 21:38:00+00:00,73330.62
2026-03-04 21:39:00+00:00,73337.96
2026-03-04 21:40:00+00:00,73248.76
2026-03-04 21:41:00+00:00,73268.01
2026-03-04 21:42:00+00:00,73277.49
2026-03-04 21:43:00+00:00,73297.13
2026-03-04 21:44:00+00:00,73277.5
2026-03-04 21:45:00+00:00,73322.14
2026-03-04 21:46:00+00:00,73326.0
2026-03-04 21:47:00+00:00,73310.65
2026-03-04 21:48:00+00:00,73302.68
2026-03-04 21:49:00+00:00,73255.98
2026-03-04 21:50:00+00:00,73274.3
2026-03-04 21:51:00+00:00,73280.88
2026-03-04 21:52:00+00:00,73357.23
2026-03-04 21:53:00+00:00,73338.32
2026-03-04 21:54:00+00:00,73244.01
2026-03-04 21:55:00+00:00,73254.01
2026-03-04 21:56:00+00:00,73254.59
2026-03-04 21:57:00+00:00,73315.11
2026-03-04 21:58:00+00:00,73352.11
2026-03-04 21:59:00+00:00,73348.33
2026-03-04 22:00:00+00:00,73382.75
2026-03-04 22:01:00+00:00,73478.48
2026-03-04 22:02:00+00:00,73539.93
2026-03-04 22:03:00+00:00,73409.48
2026-03-04 22:04:00+00:00,73468.86
2026-03-04 22:05:00+00:00,73417.56
2026-03-04 22:06:00+00:00,73417.98
2026-03-04 22:07:00+00:00,73459.77
2026-03-04 22:08:00+00:00,73476.24
2026-03-04 22:09:00+00:00,73499.0
2026-03-04 22:10:00+00:00,73499.91
2026-03-04 22:11:00+00:00,73419.82
2026-03-04 22:12:00+00:00,73433.8
2026-03-04 22:13:00+00:00,73343.59
2026-03-04 22:14:00+00:00,73277.98
2026-03-04 22:15:00+00:00,73284.66
2026-03-04 22:16:00+00:00,73269.82
2026-03-04 22:17:00+00:00,73283.91
2026-03-04 22:18:00+00:00,73244.0
2026-03-04 22:19:00+00:00,73236.98
2026-03-04 22:20:00+00:00,73223.27
2026-03-04 22:21:00+00:00,73277.49
2026-03-04 22:22:00+00:00,73334.91
2026-03-04 22:23:00+00:00,73386.91
2026-03-04 22:24:00+00:00,73330.89
2026-03-04 22:25:00+00:00,73347.75
2026-03-04 22:26:00+00:00,73293.45
2026-03-04 22:27:00+00:00,73336.02
2026-03-04 22:28:00+00:00,73359.24
2026-03-04 22:29:00+00:00,73293.45
2026-03-04 22:30:00+00:00,73311.49
2026-03-04 22:31:00+00:00,73278.26
2026-03-04 22:32:00+00:00,73248.78
2026-03-04 22:33:00+00:00,73226.02
2026-03-04 22:34:00+00:00,73198.05
2026-03-04 22:35:00+00:00,73143.37
2026-03-04 22:36:00+00:00,73158.73
2026-03-04 22:37:00+00:00,73130.75
2026-03-04 22:38:00+00:00,73090.56
2026-03-04 22:39:00+00:00,73110.45
2026-03-04 22:40:00+00:00,73092.47
2026-03-04 22:41:00+00:00,73045.71
2026-03-04 22:42:00+00:00,72979.94
2026-03-04 22:43:00+00:00,72958.46
2026-03-04 22:44:00+00:00,72923.44
2026-03-04 22:45:00+00:00,72794.12
2026-03-04 22:46:00+00:00,72820.55
2026-03-04 22:47:00+00:00,72820.67
2026-03-04 22:48:00+00:00,72806.28
2026-03-04 22:49:00+00:00,72830.89
2026-03-04 22:50:00+00:00,72799.0
2026-03-04 22:51:00+00:00,72813.32
2026-03-04 22:52:00+00:00,72802.19
2026-03-04 22:53:00+00:00,72728.0
2026-03-04 22:54:00+00:00,72683.66
2026-03-04 22:55:00+00:00,72662.8
2026-03-04 22:56:00+00:00,72677.78
2026-03-04 22:57:00+00:00,72675.88
2026-03-04 22:58:00+00:00,72770.95
2026-03-04 22:59:00+00:00,72721.88
2026-03-04 23:00:00+00:00,72787.03
2026-03-04 23:01:00+00:00,72712.87
2026-03-04 23:02:00+00:00,72752.01
2026-03-04 23:03:00+00:00,72781.01
2026-03-04 23:04:00+00:00,72689.0
2026-03-04 23:05:00+00:00,72771.49
2026-03-04 23:06:00+00:00,72722.44
2026-03-04 23:07:00+00:00,72740.78
2026-03-04 23:08:00+00:00,72731.53
2026-03-04 23:09:00+00:00,72690.0
2026-03-04 23:10:00+00:00,72716.01
2026-03-04 23:11:00+00:00,72697.12
2026-03-04 23:12:00+00:00,72677.78
2026-03-04 23:13:00+00:00,72695.98
2026-03-04 23:14:00+00:00,72728.81
2026-03-04 23:15:00+00:00,72791.38
2026-03-04 23:16:00+00:00,72818.13
2026-03-04 23:17:00+00:00,72773.47
2026-03-04 23:18:00+00:00,72775.38
2026-03-04 23:19:00+00:00,72738.55
2026-03-04 23:20:00+00:00,72566.36
2026-03-04 23:21:00+00:00,72572.5
2026-03-04 23:22:00+00:00,72569.41
2026-03-04 23:23:00+00:00,72587.93
2026-03-04 23:24:00+00:00,72619.71
2026-03-04 23:25:00+00:00,72646.43
2026-03-04 23:26:00+00:00,72647.98
2026-03-04 23:27:00+00:00,72613.45
2026-03-04 23:28:00+00:00,72584.61
2026-03-04 23:29:00+00:00,72564.02
2026-03-04 23:30:00+00:00,72505.94
2026-03-04 23:31:00+00:00,72441.92
2026-03-04 23:32:00+00:00,72371.97
2026-03-04 23:33:00+00:00,72369.78
2026-03-04 23:34:00+00:00,72378.53
2026-03-04 23:35:00+00:00,72411.99
2026-03-04 23:36:00+00:00,72568.03
2026-03-04 23:37:00+00:00,72610.8
2026-03-04 23:38:00+00:00,72664.01
2026-03-04 23:39:00+00:00,72715.71
2026-03-04 23:40:00+00:00,72672.73
2026-03-04 23:41:00+00:00,72695.04
2026-03-04 23:42:00+00:00,72703.04
2026-03-04 23:43:00+00:00,72761.99
2026-03-04 23:44:00+00:00,72773.48
2026-03-04 23:45:00+00:00,72779.85
2026-03-04 23:46:00+00:00,72819.97
2026-03-04 23:47:00+00:00,72807.17
2026-03-04 23:48:00+00:00,72741.58
2026-03-04 23:49:00+00:00,72714.01
2026-03-04 23:50:00+00:00,72731.93
2026-03-04 23:51:00+00:00,72636.68
2026-03-04 23:52:00+00:00,72651.17
2026-03-04 23:53:00+00:00,72648.46
2026-03-04 23:54:00+00:00,72679.97
2026-03-04 23:55:00+00:00,72660.0
2026-03-04 23:56:00+00:00,72671.4
2026-03-04 23:57:00+00:00,72680.97
2026-03-04 23:58:00+00:00,72758.31
2026-03-04 23:59:00+00:00,72683.26
2026-03-05 00:00:00+00:00,72731.02
2026-03-05 00:01:00+00:00,72826.08
2026-03-05 00:02:00+00:00,72814.95
2026-03-05 00:03:00+00:00,72811.75
2026-03-05 00:04:00+00:00,72701.36
2026-03-05 00:05:00+00:00,72722.44
2026-03-05 00:06:00+00:00,72732.01
2026-03-05 00:07:00+00:00,72744.77
2026-03-05 00:08:00+00:00,72714.0
2026-03-05 00:09:00+00:00,72609.02
2026-03-05 00:10:00+00:00,72575.02
2026-03-05 00:11:00+00:00,72619.51
2026-03-05 00:12:00+00:00,72618.77
2026-03-05 00:13:00+00:00,72700.05
2026-03-05 00:14:00+00:00,72721.5
2026-03-05 00:15:00+00:00,72781.0
2026-03-05 00:16:00+00:00,72903.46
2026-03-05 00:17:00+00:00,72907.44
2026-03-05 00:18:00+00:00,72902.95
2026-03-05 00:19:00+00:00,72921.03
2026-03-05 00:20:00+00:00,72907.03
2026-03-05 00:21:00+00:00,72875.55
2026-03-05 00:22:00+00:00,72940.01
2026-03-05 00:23:00+00:00,72968.05
2026-03-05 00:24:00+00:00,72958.49
2026-03-05 00:25:00+00:00,72895.99
2026-03-05 00:26:00+00:00,72802.19
2026-03-05 00:27:00+00:00,72778.93
2026-03-05 00:28:00+00:00,72860.71
2026-03-05 00:29:00+00:00,72848.02
2026-03-05 00:30:00+00:00,72809.32
2026-03-05 00:31:00+00:00,72867.1
2026-03-05 00:32:00+00:00,72840.03
2026-03-05 00:33:00+00:00,72808.57
2026-03-05 00:34:00+00:00,72813.21
2026-03-05 00:35:00+00:00,72804.0
2026-03-05 00:36:00+00:00,72882.05
2026-03-05 00:37:00+00:00,72802.19
2026-03-05 00:38:00+00:00,72808.57
2026-03-05 00:39:00+00:00,72800.0
2026-03-05 00:40:00+00:00,72885.0
2026-03-05 00:41:00+00:00,72996.01
2026-03-05 00:42:00+00:00,72973.76
2026-03-05 00:43:00+00:00,72888.34
2026-03-05 00:44:00+00:00,72928.33
2026-03-05 00:45:00+00:00,72945.92
2026-03-05 00:46:00+00:00,72963.23
2026-03-05 00:47:00+00:00,72917.04
2026-03-05 00:48:00+00:00,72895.16
2026-03-05 00:49:00+00:00,72913.02
2026-03-05 00:50:00+00:00,72909.43
2026-03-05 00:51:00+00:00,72859.61
2026-03-05 00:52:00+00:00,72808.56
2026-03-05 00:53:00+00:00,72787.72
2026-03-05 00:54:00+00:00,72799.03
2026-03-05 00:55:00+00:00,72827.71
2026-03-05 00:56:00+00:00,72865.82
2026-03-05 00:57:00+00:00,72876.0
2026-03-05 00:58:00+00:00,72825.01
2026-03-05 00:59:00+00:00,72782.96
2026-03-05 01:00:00+00:00,72785.99
2026-03-05 01:01:00+00:00,72790.1
2026-03-05 01:02:00+00:00,72738.39
2026-03-05 01:03:00+00:00,72757.52
2026-03-05 01:04:00+00:00,72755.94
2026-03-05 01:05:00+00:00,72795.8
2026-03-05 01:06:00+00:00,72830.97
2026-03-05 01:07:00+00:00,72934.01
2026-03-05 01:08:00+00:00,72939.36
2026-03-05 01:09:00+00:00,73094.01
2026-03-05 01:10:00+00:00,73045.27
2026-03-05 01:11:00+00:00,72961.77
2026-03-05 01:12:00+00:00,73194.56
2026-03-05 01:13:00+00:00,73282.62
2026-03-05 01:14:00+00:00,73153.61
2026-03-05 01:15:00+00:00,73217.89
2026-03-05 01:16:00+00:00,73146.79
2026-03-05 01:17:00+00:00,73063.77
2026-03-05 01:18:00+00:00,73133.99
2026-03-05 01:19:00+00:00,73059.99
2026-03-05 01:20:00+00:00,73067.99
2026-03-05 01:21:00+00:00,72844.02
2026-03-05 01:22:00+00:00,72848.71
2026-03-05 01:23:00+00:00,72892.02
2026-03-05 01:24:00+00:00,72886.0
2026-03-05 01:25:00+00:00,72992.52
2026-03-05 01:26:00+00:00,72948.92
2026-03-05 01:27:00+00:00,72980.83
2026-03-05 01:28:00+00:00,73012.0
2026-03-05 01:29:00+00:00,72968.04
2026-03-05 01:30:00+00:00,72965.5
2026-03-05 01:31:00+00:00,72901.06
2026-03-05 01:32:00+00:00,72859.62
2026-03-05 01:33:00+00:00,72803.99
2026-03-05 01:34:00+00:00,72856.41
2026-03-05 01:35:00+00:00,72879.98
2026-03-05 01:36:00+00:00,72862.79
2026-03-05 01:37:00+00:00,72843.65
2026-03-05 01:38:00+00:00,72844.01
2026-03-05 01:39:00+00:00,72837.27
2026-03-05 01:40:00+00:00,72869.45
2026-03-05 01:41:00+00:00,72759.93
2026-03-05 01:42:00+00:00,72680.97
2026-03-05 01:43:00+00:00,72727.31
2026-03-05 01:44:00+00:00,72674.57
2026-03-05 01:45:00+00:00,72650.35
2026-03-05 01:46:00+00:00,72663.37
2026-03-05 01:47:00+00:00,72666.06
2026-03-05 01:48:00+00:00,72585.05
2026-03-05 01:49:00+00:00,72629.93
2026-03-05 01:50:00+00:00,72582.07
2026-03-05 01:51:00+00:00,72500.0
2026-03-05 01:52:00+00:00,72505.51
2026-03-05 01:53:00+00:00,72581.42
2026-03-05 01:54:00+00:00,72575.7
2026-03-05 01:55:00+00:00,72455.78
2026-03-05 01:56:00+00:00,72448.62
2026-03-05 01:57:00+00:00,72504.47
2026-03-05 01:58:00+00:00,72499.96
2026-03-05 01:59:00+00:00,72561.21
2026-03-05 02:00:00+00:00,72591.66
2026-03-05 02:01:00+00:00,72600.0
2026-03-05 02:02:00+00:00,72703.8
2026-03-05 02:03:00+00:00,72703.3
2026-03-05 02:04:00+00:00,72671.41
2026-03-05 02:05:00+00:00,72675.0
2026-03-05 02:06:00+00:00,72676.17
2026-03-05 02:07:00+00:00,72677.76
2026-03-05 02:08:00+00:00,72802.19
2026-03-05 02:09:00+00:00,72769.94
2026-03-05 02:10:00+00:00,72756.95
2026-03-05 02:11:00+00:00,72736.14
2026-03-05 02:12:00+00:00,72780.0
2026-03-05 02:13:00+00:00,72843.66
2026-03-05 02:14:00+00:00,72825.39
2026-03-05 02:15:00+00:00,72854.97
2026-03-05 02:16:00+00:00,72863.57
2026-03-05 02:17:00+00:00,72822.98
2026-03-05 02:18:00+00:00,72810.02
2026-03-05 02:19:00+00:00,72795.45
2026-03-05 02:20:00+00:00,72790.45
2026-03-05 02:21:00+00:00,72834.07
2026-03-05 02:22:00+00:00,72827.69
2026-03-05 02:23:00+00:00,72802.19
2026-03-05 02:24:00+00:00,72778.96
2026-03-05 02:25:00+00:00,72758.57
2026-03-05 02:26:00+00:00,72728.82
2026-03-05 02:27:00+00:00,72677.78
2026-03-05 02:28:00+00:00,72686.89
2026-03-05 02:29:00+00:00,72730.01
2026-03-05 02:30:00+00:00,72669.58
2026-03-05 02:31:00+00:00,72582.07
2026-03-05 02:32:00+00:00,72554.49
2026-03-05 02:33:00+00:00,72460.87
2026-03-05 02:34:00+00:00,72475.01
2026-03-05 02:35:00+00:00,72445.92
2026-03-05 02:36:00+00:00,72500.1
2026-03-05 02:37:00+00:00,72488.0
2026-03-05 02:38:00+00:00,72457.0
2026-03-05 02:39:00+00:00,72409.48
2026-03-05 02:40:00+00:00,72447.8
2026-03-05 02:41:00+00:00,72365.99
2026-03-05 02:42:00+00:00,72396.0
2026-03-05 02:43:00+00:00,72406.22
2026-03-05 02:44:00+00:00,72371.53
2026-03-05 02:45:00+00:00,72420.0
2026-03-05 02:46:00+00:00,72506.62
2026-03-05 02:47:00+00:00,72502.75
2026-03-05 02:48:00+00:00,72451.53
2026-03-05 02:49:00+00:00,72529.44
2026-03-05 02:50:00+00:00,72556.41
2026-03-05 02:51:00+00:00,72556.97
2026-03-05 02:52:00+00:00,72524.66
2026-03-05 02:53:00+00:00,72499.13
2026-03-05 02:54:00+00:00,72482.21
2026-03-05 02:55:00+00:00,72416.19
2026-03-05 02:56:00+00:00,72406.84
2026-03-05 02:57:00+00:00,72454.5
2026-03-05 02:58:00+00:00,72457.36
2026-03-05 02:59:00+00:00,72518.01
2026-03-05 03:00:00+00:00,72539.6
2026-03-05 03:01:00+00:00,72544.66
2026-03-05 03:02:00+00:00,72553.36
2026-03-05 03:03:00+00:00,72649.47
2026-03-05 03:04:00+00:00,72652.05
2026-03-05 03:05:00+00:00,72693.09
2026-03-05 03:06:00+00:00,72738.39
2026-03-05 03:07:00+00:00,72732.0
2026-03-05 03:08:00+00:00,72699.02
2026-03-05 03:09:00+00:00,72658.63
2026-03-05 03:10:00+00:00,72604.93
2026-03-05 03:11:00+00:00,72616.9
2026-03-05 03:12:00+00:00,72632.62
2026-03-05 03:13:00+00:00,72569.31
2026-03-05 03:14:00+00:00,72639.5
2026-03-05 03:15:00+00:00,72671.38
2026-03-05 03:16:00+00:00,72677.4
2026-03-05 03:17:00+00:00,72655.45
2026-03-05 03:18:00+00:00,72588.74
2026-03-05 03:19:00+00:00,72540.62
2026-03-05 03:20:00+00:00,72601.21
2026-03-05 03:21:00+00:00,72603.99
2026-03-05 03:22:00+00:00,72642.68
2026-03-05 03:23:00+00:00,72598.03
2026-03-05 03:24:00+00:00,72564.15
2026-03-05 03:25:00+00:00,72613.73
2026-03-05 03:26:00+00:00,72655.67
2026-03-05 03:27:00+00:00,72594.84
2026-03-05 03:28:00+00:00,72539.35
2026-03-05 03:29:00+00:00,72552.7
2026-03-05 03:30:00+00:00,72511.89
2026-03-05 03:31:00+00:00,72471.12
2026-03-05 03:32:00+00:00,72488.02
2026-03-05 03:33:00+00:00,72490.03
2026-03-05 03:34:00+00:00,72428.0
2026-03-05 03:35:00+00:00,72443.91
2026-03-05 03:36:00+00:00,72440.02
2026-03-05 03:37:00+00:00,72425.77
2026-03-05 03:38:00+00:00,72400.25
2026-03-05 03:39:00+00:00,72434.61
2026-03-05 03:40:00+00:00,72452.01
2026-03-05 03:41:00+00:00,72486.38
2026-03-05 03:42:00+00:00,72432.13
2026-03-05 03:43:00+00:00,72428.34
2026-03-05 03:44:00+00:00,72368.0
2026-03-05 03:45:00+00:00,72416.2
2026-03-05 03:46:00+00:00,72426.64
2026-03-05 03:47:00+00:00,72427.99
2026-03-05 03:48:00+00:00,72431.02
2026-03-05 03:49:00+00:00,72444.02
2026-03-05 03:50:00+00:00,72435.62
2026-03-05 03:51:00+00:00,72441.99
2026-03-05 03:52:00+00:00,72432.72
2026-03-05 03:53:00+00:00,72444.93
2026-03-05 03:54:00+00:00,72484.39
2026-03-05 03:55:00+00:00,72546.46
2026-03-05 03:56:00+00:00,72508.84
2026-03-05 03:57:00+00:00,72500.01
2026-03-05 03:58:00+00:00,72467.99
2026-03-05 03:59:00+00:00,72516.02
2026-03-05 04:00:00+00:00,72522.01
2026-03-05 04:01:00+00:00,72502.32
2026-03-05 04:02:00+00:00,72490.01
2026-03-05 04:03:00+00:00,72477.24
2026-03-05 04:04:00+00:00,72544.91
2026-03-05 04:05:00+00:00,72677.4
2026-03-05 04:06:00+00:00,72591.65
2026-03-05 04:07:00+00:00,72546.97
2026-03-05 04:08:00+00:00,72591.64
2026-03-05 04:09:00+00:00,72594.81
2026-03-05 04:10:00+00:00,72691.69
2026-03-05 04:11:00+00:00,72703.67
2026-03-05 04:12:00+00:00,72680.96
2026-03-05 04:13:00+00:00,72657.69
2026-03-05 04:14:00+00:00,72683.52
2026-03-05 04:15:00+00:00,72666.96
2026-03-05 04:16:00+00:00,72642.13
2026-03-05 04:17:00+00:00,72626.74
2026-03-05 04:18:00+00:00,72592.98
2026-03-05 04:19:00+00:00,72706.48
2026-03-05 04:20:00+00:00,72658.64
2026-03-05 04:21:00+00:00,72678.13
2026-03-05 04:22:00+00:00,72795.53
2026-03-05 04:23:00+00:00,72768.86
2026-03-05 04:24:00+00:00,72763.03
2026-03-05 04:25:00+00:00,72777.65
2026-03-05 04:26:00+00:00,72779.99
2026-03-05 04:27:00+00:00,72787.26
2026-03-05 04:28:00+00:00,72811.76
2026-03-05 04:29:00+00:00,72815.48
2026-03-05 04:30:00+00:00,72797.83
2026-03-05 04:31:00+00:00,72756.02
2026-03-05 04:32:00+00:00,72776.72
2026-03-05 04:33:00+00:00,72612.33
2026-03-05 04:34:00+00:00,72613.98
2026-03-05 04:35:00+00:00,72663.6
2026-03-05 04:36:00+00:00,72769.5
2026-03-05 04:37:00+00:00,72766.32
2026-03-05 04:38:00+00:00,72829.09
2026-03-05 04:39:00+00:00,72784.2
2026-03-05 04:40:00+00:00,72789.12
2026-03-05 04:41:00+00:00,72815.34
2026-03-05 04:42:00+00:00,72876.15
2026-03-05 04:43:00+00:00,72878.74
2026-03-05 04:44:00+00:00,72936.0
2026-03-05 04:45:00+00:00,73038.25
2026-03-05 04:46:00+00:00,72945.74
2026-03-05 04:47:00+00:00,72904.26
2026-03-05 04:48:00+00:00,72904.26
2026-03-05 04:49:00+00:00,72883.05
2026-03-05 04:50:00+00:00,72837.81
2026-03-05 04:51:00+00:00,72754.33
2026-03-05 04:52:00+00:00,72748.01
2026-03-05 04:53:00+00:00,72741.58
2026-03-05 04:54:00+00:00,72754.02
2026-03-05 04:55:00+00:00,72755.99
2026-03-05 04:56:00+00:00,72821.33
2026-03-05 04:57:00+00:00,72847.8
2026-03-05 04:58:00+00:00,72834.53
2026-03-05 04:59:00+00:00,72835.98
2026-03-05 05:00:00+00:00,72865.99
2026-03-05 05:01:00+00:00,72865.0
2026-03-05 05:02:00+00:00,72872.36
2026-03-05 05:03:00+00:00,72821.32
2026-03-05 05:04:00+00:00,72803.05
2026-03-05 05:05:00+00:00,72789.42
2026-03-05 05:06:00+00:00,72786.42
2026-03-05 05:07:00+00:00,72758.7
2026-03-05 05:08:00+00:00,72763.9
2026-03-05 05:09:00+00:00,72836.35
2026-03-05 05:10:00+00:00,72777.99
2026-03-05 05:11:00+00:00,72798.55
2026-03-05 05:12:00+00:00,72807.54
2026-03-05 05:13:00+00:00,72801.29
2026-03-05 05:14:00+00:00,72836.45
2026-03-05 05:15:00+00:00,72792.31
2026-03-05 05:16:00+00:00,72786.23
2026-03-05 05:17:00+00:00,72773.46
2026-03-05 05:18:00+00:00,72738.39
2026-03-05 05:19:00+00:00,72720.5
2026-03-05 05:20:00+00:00,72664.39
2026-03-05 05:21:00+00:00,72611.0
2026-03-05 05:22:00+00:00,72575.48
2026-03-05 05:23:00+00:00,72596.0
2026-03-05 05:24:00+00:00,72533.28
2026-03-05 05:25:00+00:00,72502.32
2026-03-05 05:26:00+00:00,72483.2
2026-03-05 05:27:00+00:00,72485.27
2026-03-05 05:28:00+00:00,72512.95
2026-03-05 05:29:00+00:00,72495.94
2026-03-05 05:30:00+00:00,72474.85
2026-03-05 05:31:00+00:00,72492.76
2026-03-05 05:32:00+00:00,72537.03
2026-03-05 05:33:00+00:00,72550.54
2026-03-05 05:34:00+00:00,72500.0
2026-03-05 05:35:00+00:00,72547.17
2026-03-05 05:36:00+00:00,72515.08
2026-03-05 05:37:00+00:00,72393.95
2026-03-05 05:38:00+00:00,72477.84
2026-03-05 05:39:00+00:00,72410.09
2026-03-05 05:40:00+00:00,72387.49
2026-03-05 05:41:00+00:00,72383.03
2026-03-05 05:42:00+00:00,72390.01
2026-03-05 05:43:00+00:00,72396.39
2026-03-05 05:44:00+00:00,72427.22
2026-03-05 05:45:00+00:00,72419.16
2026-03-05 05:46:00+00:00,72432.22
2026-03-05 05:47:00+00:00,72476.81
2026-03-05 05:48:00+00:00,72422.3
2026-03-05 05:49:00+00:00,72421.27
2026-03-05 05:50:00+00:00,72391.11
2026-03-05 05:51:00+00:00,72442.68
2026-03-05 05:52:00+00:00,72450.2
2026-03-05 05:53:00+00:00,72459.61
2026-03-05 05:54:00+00:00,72415.99
2026-03-05 05:55:00+00:00,72435.85
2026-03-05 05:56:00+00:00,72433.08
2026-03-05 05:57:00+00:00,72387.48
2026-03-05 05:58:00+00:00,72285.06
2026-03-05 05:59:00+00:00,72437.25
2026-03-05 06:00:00+00:00,72382.31
2026-03-05 06:01:00+00:00,72263.99
2026-03-05 06:02:00+00:00,72391.25
2026-03-05 06:03:00+00:00,72460.85
2026-03-05 06:04:00+00:00,72419.38
2026-03-05 06:05:00+00:00,72374.0
2026-03-05 06:06:00+00:00,72271.22
2026-03-05 06:07:00+00:00,72323.98
2026-03-05 06:08:00+00:00,72195.99
2026-03-05 06:09:00+00:00,72135.48
2026-03-05 06:10:00+00:00,72069.41
2026-03-05 06:11:00+00:00,72052.44
2026-03-05 06:12:00+00:00,72087.61
2026-03-05 06:13:00+00:00,72129.09
2026-03-05 06:14:00+00:00,72163.36
2026-03-05 06:15:00+00:00,72164.54
2026-03-05 06:16:00+00:00,72145.1
2026-03-05 06:17:00+00:00,72097.47
2026-03-05 06:18:00+00:00,72228.83
2026-03-05 06:19:00+00:00,72322.54
2026-03-05 06:20:00+00:00,72330.06
2026-03-05 06:21:00+00:00,72417.42
2026-03-05 06:22:00+00:00,72502.33
2026-03-05 06:23:00+00:00,72480.71
2026-03-05 06:24:00+00:00,72458.93
2026-03-05 06:25:00+00:00,72451.27
2026-03-05 06:26:00+00:00,72396.02
2026-03-05 06:27:00+00:00,72411.22
2026-03-05 06:28:00+00:00,72376.88
2026-03-05 06:29:00+00:00,72422.39
2026-03-05 06:30:00+00:00,72421.97
2026-03-05 06:31:00+00:00,72354.72
2026-03-05 06:32:00+00:00,72320.5
2026-03-05 06:33:00+00:00,72370.26
2026-03-05 06:34:00+00:00,72438.52
2026-03-05 06:35:00+00:00,72370.6
2026-03-05 06:36:00+00:00,72361.96
2026-03-05 06:37:00+00:00,72348.0
2026-03-05 06:38:00+00:00,72437.36
2026-03-05 06:39:00+00:00,72539.99
2026-03-05 06:40:00+00:00,72451.29
2026-03-05 06:41:00+00:00,72463.99
2026-03-05 06:42:00+00:00,72447.41
2026-03-05 06:43:00+00:00,72462.0
2026-03-05 06:44:00+00:00,72436.54
2026-03-05 06:45:00+00:00,72436.52
2026-03-05 06:46:00+00:00,72437.29
2026-03-05 06:47:00+00:00,72540.6
2026-03-05 06:48:00+00:00,72500.0
2026-03-05 06:49:00+00:00,72569.31
2026-03-05 06:50:00+00:00,72598.03
2026-03-05 06:51:00+00:00,72620.38
2026-03-05 06:52:00+00:00,72587.99
2026-03-05 06:53:00+00:00,72572.73
2026-03-05 06:54:00+00:00,72552.0
2026-03-05 06:55:00+00:00,72592.31
2026-03-05 06:56:00+00:00,72548.89
2026-03-05 06:57:00+00:00,72561.29
2026-03-05 06:58:00+00:00,72555.45
2026-03-05 06:59:00+00:00,72563.48
2026-03-05 07:00:00+00:00,72571.99
2026-03-05 07:01:00+00:00,72521.47
2026-03-05 07:02:00+00:00,72556.55
2026-03-05 07:03:00+00:00,72557.52
2026-03-05 07:04:00+00:00,72472.0
2026-03-05 07:05:00+00:00,72464.03
2026-03-05 07:06:00+00:00,72467.22
2026-03-05 07:07:00+00:00,72486.38
2026-03-05 07:08:00+00:00,72506.16
2026-03-05 07:09:00+00:00,72486.0
2026-03-05 07:10:00+00:00,72578.88
2026-03-05 07:11:00+00:00,72605.38
2026-03-05 07:12:00+00:00,72625.01
2026-03-05 07:13:00+00:00,72638.32
2026-03-05 07:14:00+00:00,72658.63
2026-03-05 07:15:00+00:00,72661.46
2026-03-05 07:16:00+00:00,72645.87
2026-03-05 07:17:00+00:00,72611.57
2026-03-05 07:18:00+00:00,72620.36
2026-03-05 07:19:00+00:00,72665.99
2026-03-05 07:20:00+00:00,72642.23
2026-03-05 07:21:00+00:00,72623.53
2026-03-05 07:22:00+00:00,72633.96
2026-03-05 07:23:00+00:00,72636.3
2026-03-05 07:24:00+00:00,72667.1
2026-03-05 07:25:00+00:00,72634.2
2026-03-05 07:26:00+00:00,72618.78
2026-03-05 07:27:00+00:00,72589.99
2026-03-05 07:28:00+00:00,72556.89
2026-03-05 07:29:00+00:00,72540.23
2026-03-05 07:30:00+00:00,72515.2
2026-03-05 07:31:00+00:00,72481.87
2026-03-05 07:32:00+00:00,72489.58
2026-03-05 07:33:00+00:00,72407.42
2026-03-05 07:34:00+00:00,72362.02
2026-03-05 07:35:00+00:00,72292.0
2026-03-05 07:36:00+00:00,72295.55
2026-03-05 07:37:00+00:00,72280.77
2026-03-05 07:38:00+00:00,72214.0
2026-03-05 07:39:00+00:00,72251.99
2026-03-05 07:40:00+00:00,72235.52
2026-03-05 07:41:00+00:00,72225.42
2026-03-05 07:42:00+00:00,72226.74
2026-03-05 07:43:00+00:00,72231.17
2026-03-05 07:44:00+00:00,72204.0
2026-03-05 07:45:00+00:00,72214.9
2026-03-05 07:46:00+00:00,72231.17
2026-03-05 07:47:00+00:00,72234.01
2026-03-05 07:48:00+00:00,72178.95
2026-03-05 07:49:00+00:00,72165.47
2026-03-05 07:50:00+00:00,71988.9
2026-03-05 07:51:00+00:00,71908.97
2026-03-05 07:52:00+00:00,71849.77
2026-03-05 07:53:00+00:00,71810.09
2026-03-05 07:54:00+00:00,71816.47
2026-03-05 07:55:00+00:00,71888.04
2026-03-05 07:56:00+00:00,71943.48
2026-03-05 07:57:00+00:00,72004.68
2026-03-05 07:58:00+00:00,72033.38
2026-03-05 07:59:00+00:00,72069.81
2026-03-05 08:00:00+00:00,72080.55
2026-03-05 08:01:00+00:00,72033.4
2026-03-05 08:02:00+00:00,72020.05
2026-03-05 08:03:00+00:00,71963.21
2026-03-05 08:04:00+00:00,71915.35
2026-03-05 08:05:00+00:00,71924.24
2026-03-05 08:06:00+00:00,71905.78
2026-03-05 08:07:00+00:00,71908.98
2026-03-05 08:08:00+00:00,71968.09
2026-03-05 08:09:00+00:00,71889.85
2026-03-05 08:10:00+00:00,71881.04
2026-03-05 08:11:00+00:00,71889.85
2026-03-05 08:12:00+00:00,71872.22
2026-03-05 08:13:00+00:00,71863.96
2026-03-05 08:14:00+00:00,71845.18
2026-03-05 08:15:00+00:00,71896.22
2026-03-05 08:16:00+00:00,71988.73
2026-03-05 08:17:00+00:00,71988.73
2026-03-05 08:18:00+00:00,72005.17
2026-03-05 08:19:00+00:00,71898.28
2026-03-05 08:20:00+00:00,71982.35
2026-03-05 08:21:00+00:00,72002.75
2026-03-05 08:22:00+00:00,72074.86
2026-03-05 08:23:00+00:00,72017.44
2026-03-05 08:24:00+00:00,71958.0
2026-03-05 08:25:00+00:00,71862.8
2026-03-05 08:26:00+00:00,71829.23
2026-03-05 08:27:00+00:00,71805.05
2026-03-05 08:28:00+00:00,71834.83
2026-03-05 08:29:00+00:00,71848.51
2026-03-05 08:30:00+00:00,71845.18
2026-03-05 08:31:00+00:00,72008.19
2026-03-05 08:32:00+00:00,72106.02
2026-03-05 08:33:00+00:00,72119.99
2026-03-05 08:34:00+00:00,72087.63
2026-03-05 08:35:00+00:00,72110.0
2026-03-05 08:36:00+00:00,72153.83
2026-03-05 08:37:00+00:00,72116.29
2026-03-05 08:38:00+00:00,72106.75
2026-03-05 08:39:00+00:00,72068.49
2026-03-05 08:40:00+00:00,72032.0
2026-03-05 08:41:00+00:00,72061.11
2026-03-05 08:42:00+00:00,72042.34
2026-03-05 08:43:00+00:00,72043.63
2026-03-05 08:44:00+00:00,72196.41
2026-03-05 08:45:00+00:00,72237.56
2026-03-05 08:46:00+00:00,72186.53
2026-03-05 08:47:00+00:00,72136.13
2026-03-05 08:48:00+00:00,72235.24
2026-03-05 08:49:00+00:00,72277.97
2026-03-05 08:50:00+00:00,72269.45
2026-03-05 08:51:00+00:00,72294.97
2026-03-05 08:52:00+00:00,72340.94
2026-03-05 08:53:00+00:00,72327.35
2026-03-05 08:54:00+00:00,72302.01
2026-03-05 08:55:00+00:00,72336.02
2026-03-05 08:56:00+00:00,72342.32
2026-03-05 08:57:00+00:00,72374.71
2026-03-05 08:58:00+00:00,72381.11
2026-03-05 08:59:00+00:00,72350.59
2026-03-05 09:00:00+00:00,72390.0
2026-03-05 09:01:00+00:00,72413.0
2026-03-05 09:02:00+00:00,72420.66
2026-03-05 09:03:00+00:00,72475.99
2026-03-05 09:04:00+00:00,72500.0
2026-03-05 09:05:00+00:00,72472.0
2026-03-05 09:06:00+00:00,72454.0
2026-03-05 09:07:00+00:00,72489.56
2026-03-05 09:08:00+00:00,72585.29
2026-03-05 09:09:00+00:00,72575.69
2026-03-05 09:10:00+00:00,72650.0
2026-03-05 09:11:00+00:00,72712.86
2026-03-05 09:12:00+00:00,72673.0
2026-03-05 09:13:00+00:00,72649.07
2026-03-05 09:14:00+00:00,72633.12
2026-03-05 09:15:00+00:00,72610.78
2026-03-05 09:16:00+00:00,72633.45
2026-03-05 09:17:00+00:00,72618.48
2026-03-05 09:18:00+00:00,72512.62
2026-03-05 09:19:00+00:00,72543.8
2026-03-05 09:20:00+00:00,72566.54
2026-03-05 09:21:00+00:00,72604.4
2026-03-05 09:22:00+00:00,72607.98
2026-03-05 09:23:00+00:00,72580.29
2026-03-05 09:24:00+00:00,72622.02
2026-03-05 09:25:00+00:00,72629.96
2026-03-05 09:26:00+00:00,72653.48
2026-03-05 09:27:00+00:00,72617.16
2026-03-05 09:28:00+00:00,72703.11
2026-03-05 09:29:00+00:00,72724.0
2026-03-05 09:30:00+00:00,72662.02
2026-03-05 09:31:00+00:00,72701.33
2026-03-05 09:32:00+00:00,72662.23
2026-03-05 09:33:00+00:00,72705.78
2026-03-05 09:34:00+00:00,72724.99
2026-03-05 09:35:00+00:00,72774.12
2026-03-05 09:36:00+00:00,72865.75
2026-03-05 09:37:00+00:00,72685.59
2026-03-05 09:38:00+00:00,72594.48
2026-03-05 09:39:00+00:00,72556.56
2026-03-05 09:40:00+00:00,72565.98
2026-03-05 09:41:00+00:00,72527.85
2026-03-05 09:42:00+00:00,72550.18
2026-03-05 09:43:00+00:00,72505.52
2026-03-05 09:44:00+00:00,72588.45
2026-03-05 09:45:00+00:00,72582.07
2026-03-05 09:46:00+00:00,72618.26
2026-03-05 09:47:00+00:00,72554.68
2026-03-05 09:48:00+00:00,72502.31
2026-03-05 09:49:00+00:00,72570.07
2026-03-05 09:50:00+00:00,72540.59
2026-03-05 09:51:00+00:00,72500.01
2026-03-05 09:52:00+00:00,72537.41
2026-03-05 09:53:00+00:00,72594.83
2026-03-05 09:54:00+00:00,72533.36
2026-03-05 09:55:00+00:00,72566.12
2026-03-05 09:56:00+00:00,72595.65
2026-03-05 09:57:00+00:00,72608.01
2026-03-05 09:58:00+00:00,72601.21
2026-03-05 09:59:00+00:00,72618.65
2026-03-05 10:00:00+00:00,72614.33
2026-03-05 10:01:00+00:00,72629.26
2026-03-05 10:02:00+00:00,72632.0
2026-03-05 10:03:00+00:00,72658.63
2026-03-05 10:04:00+00:00,72582.54
2026-03-05 10:05:00+00:00,72606.95
2026-03-05 10:06:00+00:00,72707.75
2026-03-05 10:07:00+00:00,72708.27
2026-03-05 10:08:00+00:00,72745.73
2026-03-05 10:09:00+00:00,72712.86
2026-03-05 10:10:00+00:00,72717.99
2026-03-05 10:11:00+00:00,72788.62
2026-03-05 10:12:00+00:00,72734.24
2026-03-05 10:13:00+00:00,72740.49
2026-03-05 10:14:00+00:00,72748.38
2026-03-05 10:15:00+00:00,72706.47
2026-03-05 10:16:00+00:00,72692.5
2026-03-05 10:17:00+00:00,72809.4
2026-03-05 10:18:00+00:00,72849.99
2026-03-05 10:19:00+00:00,72839.64
2026-03-05 10:20:00+00:00,72824.01
2026-03-05 10:21:00+00:00,72780.01
2026-03-05 10:22:00+00:00,72865.98
2026-03-05 10:23:00+00:00,72995.0
2026-03-05 10:24:00+00:00,72956.37
2026-03-05 10:25:00+00:00,72975.36
2026-03-05 10:26:00+00:00,73206.95
2026-03-05 10:27:00+00:00,73331.72
2026-03-05 10:28:00+00:00,73270.64
2026-03-05 10:29:00+00:00,73188.26
2026-03-05 10:30:00+00:00,73237.15
2026-03-05 10:31:00+00:00,73216.89
2026-03-05 10:32:00+00:00,73430.56
2026-03-05 10:33:00+00:00,73432.36
2026-03-05 10:34:00+00:00,73535.19
2026-03-05 10:35:00+00:00,73507.99
2026-03-05 10:36:00+00:00,73410.0
2026-03-05 10:37:00+00:00,73358.67
2026-03-05 10:38:00+00:00,73363.6
2026-03-05 10:39:00+00:00,73304.61
2026-03-05 10:40:00+00:00,73273.98
2026-03-05 10:41:00+00:00,73296.27
2026-03-05 10:42:00+00:00,73293.4
2026-03-05 10:43:00+00:00,73327.93
2026-03-05 10:44:00+00:00,73322.16
2026-03-05 10:45:00+00:00,73347.9
2026-03-05 10:46:00+00:00,73277.01
2026-03-05 10:47:00+00:00,73363.62
2026-03-05 10:48:00+00:00,73337.99
2026-03-05 10:49:00+00:00,73390.58
2026-03-05 10:50:00+00:00,73398.46
2026-03-05 10:51:00+00:00,73465.08
2026-03-05 10:52:00+00:00,73514.02
2026-03-05 10:53:00+00:00,73447.88
2026-03-05 10:54:00+00:00,73453.28
2026-03-05 10:55:00+00:00,73550.79
2026-03-05 10:56:00+00:00,73499.54
2026-03-05 10:57:00+00:00,73428.35
2026-03-05 10:58:00+00:00,73412.0
2026-03-05 10:59:00+00:00,73417.14
2026-03-05 11:00:00+00:00,73389.14
2026-03-05 11:01:00+00:00,73342.99
2026-03-05 11:02:00+00:00,73344.48
2026-03-05 11:03:00+00:00,73285.35
2026-03-05 11:04:00+00:00,73259.34
2026-03-05 11:05:00+00:00,73189.91
2026-03-05 11:06:00+00:00,73136.82
2026-03-05 11:07:00+00:00,73147.33
2026-03-05 11:08:00+00:00,73161.15
2026-03-05 11:09:00+00:00,73156.79
2026-03-05 11:10:00+00:00,73124.39
2026-03-05 11:11:00+00:00,73140.03
2026-03-05 11:12:00+00:00,73161.43
2026-03-05 11:13:00+00:00,73204.93
2026-03-05 11:14:00+00:00,73224.73
2026-03-05 11:15:00+00:00,73186.97
2026-03-05 11:16:00+00:00,73172.23
2026-03-05 11:17:00+00:00,73169.06
2026-03-05 11:18:00+00:00,73122.46
2026-03-05 11:19:00+00:00,73108.14
2026-03-05 11:20:00+00:00,73165.84
2026-03-05 11:21:00+00:00,73146.61
2026-03-05 11:22:00+00:00,73112.32
2026-03-05 11:23:00+00:00,73025.98
2026-03-05 11:24:00+00:00,72950.88
2026-03-05 11:25:00+00:00,72964.19
2026-03-05 11:26:00+00:00,73029.0
2026-03-05 11:27:00+00:00,73137.13
2026-03-05 11:28:00+00:00,73133.99
2026-03-05 11:29:00+00:00,73149.9
2026-03-05 11:30:00+00:00,73028.67
2026-03-05 11:31:00+00:00,73064.84
2026-03-05 11:32:00+00:00,73096.27
2026-03-05 11:33:00+00:00,73065.7
2026-03-05 11:34:00+00:00,73074.0
2026-03-05 11:35:00+00:00,73083.45
2026-03-05 11:36:00+00:00,73033.95
2026-03-05 11:37:00+00:00,72958.19
2026-03-05 11:38:00+00:00,72891.53
2026-03-05 11:39:00+00:00,72814.96
2026-03-05 11:40:00+00:00,72806.11
2026-03-05 11:41:00+00:00,72877.78
2026-03-05 11:42:00+00:00,72866.94
2026-03-05 11:43:00+00:00,72850.79
2026-03-05 11:44:00+00:00,72865.05
2026-03-05 11:45:00+00:00,72915.16
2026-03-05 11:46:00+00:00,72907.99
2026-03-05 11:47:00+00:00,72941.99
2026-03-05 11:48:00+00:00,72862.8
2026-03-05 11:49:00+00:00,72898.05
2026-03-05 11:50:00+00:00,72923.4
2026-03-05 11:51:00+00:00,72862.78
2026-03-05 11:52:00+00:00,72865.98
2026-03-05 11:53:00+00:00,72862.02
2026-03-05 11:54:00+00:00,72822.57
2026-03-05 11:55:00+00:00,72873.0
2026-03-05 11:56:00+00:00,72843.65
2026-03-05 11:57:00+00:00,72878.73
2026-03-05 11:58:00+00:00,72884.79
2026-03-05 11:59:00+00:00,72930.5
2026-03-05 12:00:00+00:00,72877.46
2026-03-05 12:01:00+00:00,72850.03
2026-03-05 12:02:00+00:00,72710.0
2026-03-05 12:03:00+00:00,72741.1
2026-03-05 12:04:00+00:00,72821.32
2026-03-05 12:05:00+00:00,72748.61
2026-03-05 12:06:00+00:00,72844.97
2026-03-05 12:07:00+00:00,72926.01
2026-03-05 12:08:00+00:00,72942.08
2026-03-05 12:09:00+00:00,72946.33
2026-03-05 12:10:00+00:00,72912.83
2026-03-05 12:11:00+00:00,72984.02
2026-03-05 12:12:00+00:00,72980.82
2026-03-05 12:13:00+00:00,72980.25
2026-03-05 12:14:00+00:00,72961.59
2026-03-05 12:15:00+00:00,72905.19
2026-03-05 12:16:00+00:00,72830.01
2026-03-05 12:17:00+00:00,72770.29
2026-03-05 12:18:00+00:00,72754.02
2026-03-05 12:19:00+00:00,72901.09
2026-03-05 12:20:00+00:00,72924.29
2026-03-05 12:21:00+00:00,72895.09
2026-03-05 12:22:00+00:00,72874.03
2026-03-05 12:23:00+00:00,72894.49
2026-03-05 12:24:00+00:00,72891.5
2026-03-05 12:25:00+00:00,72897.16
2026-03-05 12:26:00+00:00,72895.24
2026-03-05 12:27:00+00:00,72770.28
2026-03-05 12:28:00+00:00,72786.95
2026-03-05 12:29:00+00:00,72828.1
2026-03-05 12:30:00+00:00,72811.41
2026-03-05 12:31:00+00:00,72769.99
2026-03-05 12:32:00+00:00,72798.99
2026-03-05 12:33:00+00:00,72773.48
2026-03-05 12:34:00+00:00,72831.53
2026-03-05 12:35:00+00:00,72835.99
2026-03-05 12:36:00+00:00,72789.05
2026-03-05 12:37:00+00:00,72725.71
2026-03-05 12:38:00+00:00,72802.19
2026-03-05 12:39:00+00:00,72811.65
2026-03-05 12:40:00+00:00,72798.8
2026-03-05 12:41:00+00:00,72894.69
2026-03-05 12:42:00+00:00,72947.11
2026-03-05 12:43:00+00:00,72923.63
2026-03-05 12:44:00+00:00,72921.01
2026-03-05 12:45:00+00:00,73002.65
2026-03-05 12:46:00+00:00,73024.0
2026-03-05 12:47:00+00:00,73006.02
2026-03-05 12:48:00+00:00,72991.98
2026-03-05 12:49:00+00:00,73072.3
2026-03-05 12:50:00+00:00,73044.63
2026-03-05 12:51:00+00:00,72988.11
2026-03-05 12:52:00+00:00,72931.3
2026-03-05 12:53:00+00:00,72969.55
2026-03-05 12:54:00+00:00,73010.88
2026-03-05 12:55:00+00:00,73019.12
2026-03-05 12:56:00+00:00,72974.59
2026-03-05 12:57:00+00:00,72927.15
2026-03-05 12:58:00+00:00,72974.94
2026-03-05 12:59:00+00:00,72903.14
2026-03-05 13:00:00+00:00,72938.81
2026-03-05 13:01:00+00:00,72825.28
2026-03-05 13:02:00+00:00,72801.99
2026-03-05 13:03:00+00:00,72802.37
2026-03-05 13:04:00+00:00,72776.67
2026-03-05 13:05:00+00:00,72692.57
2026-03-05 13:06:00+00:00,72752.92
2026-03-05 13:07:00+00:00,72733.79
2026-03-05 13:08:00+00:00,72737.23
2026-03-05 13:09:00+00:00,72723.67
2026-03-05 13:10:00+00:00,72659.03
2026-03-05 13:11:00+00:00,72653.34
2026-03-05 13:12:00+00:00,72650.02
2026-03-05 13:13:00+00:00,72684.01
2026-03-05 13:14:00+00:00,72693.72
2026-03-05 13:15:00+00:00,72680.96
2026-03-05 13:16:00+00:00,72739.98
2026-03-05 13:17:00+00:00,72700.1
2026-03-05 13:18:00+00:00,72604.41
2026-03-05 13:19:00+00:00,72682.92
2026-03-05 13:20:00+00:00,72683.79
2026-03-05 13:21:00+00:00,72693.12
2026-03-05 13:22:00+00:00,72600.69
2026-03-05 13:23:00+00:00,72599.99
2026-03-05 13:24:00+00:00,72505.2
2026-03-05 13:25:00+00:00,72437.0
2026-03-05 13:26:00+00:00,72473.61
2026-03-05 13:27:00+00:00,72486.88
2026-03-05 13:28:00+00:00,72513.58
2026-03-05 13:29:00+00:00,72540.59
2026-03-05 13:30:00+00:00,72416.02
2026-03-05 13:31:00+00:00,72249.61
2026-03-05 13:32:00+00:00,72324.31
2026-03-05 13:33:00+00:00,72307.74
2026-03-05 13:34:00+00:00,72361.73
2026-03-05 13:35:00+00:00,72310.93
2026-03-05 13:36:00+00:00,72384.28
2026-03-05 13:37:00+00:00,72349.2
2026-03-05 13:38:00+00:00,72367.88
2026-03-05 13:39:00+00:00,72386.0
2026-03-05 13:40:00+00:00,72377.91
2026-03-05 13:41:00+00:00,72390.0
2026-03-05 13:42:00+00:00,72525.03
2026-03-05 13:43:00+00:00,72516.76
2026-03-05 13:44:00+00:00,72536.19
2026-03-05 13:45:00+00:00,72548.93
2026-03-05 13:46:00+00:00,72504.01
2026-03-05 13:47:00+00:00,72607.08
2026-03-05 13:48:00+00:00,72632.03
2026-03-05 13:49:00+00:00,72634.0
2026-03-05 13:50:00+00:00,72690.62
2026-03-05 13:51:00+00:00,72684.98
2026-03-05 13:52:00+00:00,72660.95
2026-03-05 13:53:00+00:00,72654.43
2026-03-05 13:54:00+00:00,72644.66
2026-03-05 13:55:00+00:00,72601.96
2026-03-05 13:56:00+00:00,72639.57
2026-03-05 13:57:00+00:00,72471.74
2026-03-05 13:58:00+00:00,72430.05
2026-03-05 13:59:00+00:00,72502.07
2026-03-05 14:00:00+00:00,72506.58
2026-03-05 14:01:00+00:00,72508.89
2026-03-05 14:02:00+00:00,72553.35
2026-03-05 14:03:00+00:00,72529.91
2026-03-05 14:04:00+00:00,72555.84
2026-03-05 14:05:00+00:00,72600.0
2026-03-05 14:06:00+00:00,72617.29
2026-03-05 14:07:00+00:00,72595.01
2026-03-05 14:08:00+00:00,72399.04
2026-03-05 14:09:00+00:00,72540.82
2026-03-05 14:10:00+00:00,72556.83
2026-03-05 14:11:00+00:00,72523.82
2026-03-05 14:12:00+00:00,72569.57
2026-03-05 14:13:00+00:00,72608.24
2026-03-05 14:14:00+00:00,72624.88
2026-03-05 14:15:00+00:00,72589.1
2026-03-05 14:16:00+00:00,72579.99
2026-03-05 14:17:00+00:00,72459.0
2026-03-05 14:18:00+00:00,72498.75
2026-03-05 14:19:00+00:00,72511.38
2026-03-05 14:20:00+00:00,72503.76
2026-03-05 14:21:00+00:00,72459.01
2026-03-05 14:22:00+00:00,72557.94
2026-03-05 14:23:00+00:00,72531.95
2026-03-05 14:24:00+00:00,72513.15
2026-03-05 14:25:00+00:00,72611.63
2026-03-05 14:26:00+00:00,72557.93
2026-03-05 14:27:00+00:00,72505.96
2026-03-05 14:28:00+00:00,72544.13
2026-03-05 14:29:00+00:00,72572.5
2026-03-05 14:30:00+00:00,72635.99
2026-03-05 14:31:00+00:00,72400.37
2026-03-05 14:32:00+00:00,72455.75
2026-03-05 14:33:00+00:00,72782.01
2026-03-05 14:34:00+00:00,72729.41
2026-03-05 14:35:00+00:00,72654.01
2026-03-05 14:36:00+00:00,72671.43
2026-03-05 14:37:00+00:00,72598.48
2026-03-05 14:38:00+00:00,72679.93
2026-03-05 14:39:00+00:00,72230.76
2026-03-05 14:40:00+00:00,72213.72
2026-03-05 14:41:00+00:00,72193.99
2026-03-05 14:42:00+00:00,72205.83
2026-03-05 14:43:00+00:00,72095.63
2026-03-05 14:44:00+00:00,72023.96
2026-03-05 14:45:00+00:00,72010.0
2026-03-05 14:46:00+00:00,72080.38
2026-03-05 14:47:00+00:00,72237.84
2026-03-05 14:48:00+00:00,72269.89
2026-03-05 14:49:00+00:00,72150.56
2026-03-05 14:50:00+00:00,72258.26
2026-03-05 14:51:00+00:00,72514.28
2026-03-05 14:52:00+00:00,72366.79
2026-03-05 14:53:00+00:00,72528.46
2026-03-05 14:54:00+00:00,72503.99
2026-03-05 14:55:00+00:00,72566.0
2026-03-05 14:56:00+00:00,72451.64
2026-03-05 14:57:00+00:00,72511.39
2026-03-05 14:58:00+00:00,72648.43
2026-03-05 14:59:00+00:00,72638.0
2026-03-05 15:00:00+00:00,72752.92
2026-03-05 15:01:00+00:00,72588.0
2026-03-05 15:02:00+00:00,72552.12
2026-03-05 15:03:00+00:00,72438.02
2026-03-05 15:04:00+00:00,72281.59
2026-03-05 15:05:00+00:00,72238.19
2026-03-05 15:06:00+00:00,72216.35
2026-03-05 15:07:00+00:00,72075.03
2026-03-05 15:08:00+00:00,71868.91
2026-03-05 15:09:00+00:00,71858.21
2026-03-05 15:10:00+00:00,71845.98
2026-03-05 15:11:00+00:00,71651.64
2026-03-05 15:12:00+00:00,71696.36
2026-03-05 15:13:00+00:00,71869.46
2026-03-05 15:14:00+00:00,71806.01
2026-03-05 15:15:00+00:00,71833.35
2026-03-05 15:16:00+00:00,71678.8
2026-03-05 15:17:00+00:00,71680.01
2026-03-05 15:18:00+00:00,71714.84
2026-03-05 15:19:00+00:00,71689.5
2026-03-05 15:20:00+00:00,71760.59
2026-03-05 15:21:00+00:00,71696.57
2026-03-05 15:22:00+00:00,71603.45
2026-03-05 15:23:00+00:00,71625.24
2026-03-05 15:24:00+00:00,71544.59
2026-03-05 15:25:00+00:00,71504.52
2026-03-05 15:26:00+00:00,71361.77
2026-03-05 15:27:00+00:00,71317.87
2026-03-05 15:28:00+00:00,71257.05
2026-03-05 15:29:00+00:00,71282.49
2026-03-05 15:30:00+00:00,71239.7
2026-03-05 15:31:00+00:00,71215.37
2026-03-05 15:32:00+00:00,71300.81
2026-03-05 15:33:00+00:00,71390.35
2026-03-05 15:34:00+00:00,71325.95
2026-03-05 15:35:00+00:00,71315.38
2026-03-05 15:36:00+00:00,71390.0
2026-03-05 15:37:00+00:00,71409.33
2026-03-05 15:38:00+00:00,71542.02
2026-03-05 15:39:00+00:00,71649.0
2026-03-05 15:40:00+00:00,71455.89
2026-03-05 15:41:00+00:00,71479.95
2026-03-05 15:42:00+00:00,71489.98
2026-03-05 15:43:00+00:00,71440.49
2026-03-05 15:44:00+00:00,71475.41
2026-03-05 15:45:00+00:00,71502.41
2026-03-05 15:46:00+00:00,71436.0
2026-03-05 15:47:00+00:00,71417.21
2026-03-05 15:48:00+00:00,71428.84
2026-03-05 15:49:00+00:00,71361.93
2026-03-05 15:50:00+00:00,71431.87
2026-03-05 15:51:00+00:00,71644.74
2026-03-05 15:52:00+00:00,71632.56
2026-03-05 15:53:00+00:00,71716.98
2026-03-05 15:54:00+00:00,71716.93
2026-03-05 15:55:00+00:00,71601.75
2026-03-05 15:56:00+00:00,71491.25
2026-03-05 15:57:00+00:00,71565.63
2026-03-05 15:58:00+00:00,71577.05
2026-03-05 15:59:00+00:00,71670.39
2026-03-05 16:00:00+00:00,71574.48
2026-03-05 16:01:00+00:00,71501.98
2026-03-05 16:02:00+00:00,71427.03
2026-03-05 16:03:00+00:00,71418.47
2026-03-05 16:04:00+00:00,71335.74
2026-03-05 16:05:00+00:00,71263.01
2026-03-05 16:06:00+00:00,71103.3
2026-03-05 16:07:00+00:00,71128.01
2026-03-05 16:08:00+00:00,70976.47
2026-03-05 16:09:00+00:00,70874.37
2026-03-05 16:10:00+00:00,70842.0
2026-03-05 16:11:00+00:00,70864.32
2026-03-05 16:12:00+00:00,70919.64
2026-03-05 16:13:00+00:00,71044.48
2026-03-05 16:14:00+00:00,71024.37
2026-03-05 16:15:00+00:00,70995.93
2026-03-05 16:16:00+00:00,71026.01
2026-03-05 16:17:00+00:00,70986.55
2026-03-05 16:18:00+00:00,70951.99
2026-03-05 16:19:00+00:00,70893.0
2026-03-05 16:20:00+00:00,70926.0
2026-03-05 16:21:00+00:00,70975.48
2026-03-05 16:22:00+00:00,71101.02
2026-03-05 16:23:00+00:00,70992.55
2026-03-05 16:24:00+00:00,71063.17
2026-03-05 16:25:00+00:00,71088.5
2026-03-05 16:26:00+00:00,71046.16
2026-03-05 16:27:00+00:00,71071.27
2026-03-05 16:28:00+00:00,71082.56
2026-03-05 16:29:00+00:00,71003.55
2026-03-05 16:30:00+00:00,71043.7
2026-03-05 16:31:00+00:00,71149.51
2026-03-05 16:32:00+00:00,71203.3
2026-03-05 16:33:00+00:00,71172.37
2026-03-05 16:34:00+00:00,71181.94
2026-03-05 16:35:00+00:00,71211.93
2026-03-05 16:36:00+00:00,71332.42
2026-03-05 16:37:00+00:00,71360.0
2026-03-05 16:38:00+00:00,71350.0
2026-03-05 16:39:00+00:00,71440.47
2026-03-05 16:40:00+00:00,71609.28
2026-03-05 16:41:00+00:00,71413.3
2026-03-05 16:42:00+00:00,71353.2
2026-03-05 16:43:00+00:00,71379.39
2026-03-05 16:44:00+00:00,71350.01
2026-03-05 16:45:00+00:00,71364.84
2026-03-05 16:46:00+00:00,71348.36
2026-03-05 16:47:00+00:00,71389.36
2026-03-05 16:48:00+00:00,71356.12
2026-03-05 16:49:00+00:00,71321.99
2026-03-05 16:50:00+00:00,71393.99
2026-03-05 16:51:00+00:00,71310.16
2026-03-05 16:52:00+00:00,71244.61
2026-03-05 16:53:00+00:00,71244.66
2026-03-05 16:54:00+00:00,71216.41
2026-03-05 16:55:00+00:00,71300.82
2026-03-05 16:56:00+00:00,71350.01
2026-03-05 16:57:00+00:00,71396.85
2026-03-05 16:58:00+00:00,71319.83
2026-03-05 16:59:00+00:00,71321.88
2026-03-05 17:00:00+00:00,71305.59
2026-03-05 17:01:00+00:00,71356.11
2026-03-05 17:02:00+00:00,71418.49
2026-03-05 17:03:00+00:00,71569.0
2026-03-05 17:04:00+00:00,71554.0
2026-03-05 17:05:00+00:00,71501.6
2026-03-05 17:06:00+00:00,71406.81
2026-03-05 17:07:00+00:00,71251.35
2026-03-05 17:08:00+00:00,71239.41
2026-03-05 17:09:00+00:00,71087.28
2026-03-05 17:10:00+00:00,71058.91
2026-03-05 17:11:00+00:00,71193.15
2026-03-05 17:12:00+00:00,71156.0
2026-03-05 17:13:00+00:00,71142.93
2026-03-05 17:14:00+00:00,71177.38
2026-03-05 17:15:00+00:00,71105.86
2026-03-05 17:16:00+00:00,71050.55
2026-03-05 17:17:00+00:00,71049.86
2026-03-05 17:18:00+00:00,71060.87
2026-03-05 17:19:00+00:00,71014.02
2026-03-05 17:20:00+00:00,71053.47
2026-03-05 17:21:00+00:00,70910.34
2026-03-05 17:22:00+00:00,70974.0
2026-03-05 17:23:00+00:00,71009.98
2026-03-05 17:24:00+00:00,71076.75
2026-03-05 17:25:00+00:00,71115.81
2026-03-05 17:26:00+00:00,71089.45
2026-03-05 17:27:00+00:00,71029.75
2026-03-05 17:28:00+00:00,71011.22
2026-03-05 17:29:00+00:00,70934.93
2026-03-05 17:30:00+00:00,70960.19
2026-03-05 17:31:00+00:00,70777.95
2026-03-05 17:32:00+00:00,70797.39
2026-03-05 17:33:00+00:00,70838.13
2026-03-05 17:34:00+00:00,70785.0
2026-03-05 17:35:00+00:00,70777.03
2026-03-05 17:37:00+00:00,70922.0
2026-03-05 17:38:00+00:00,70835.21
2026-03-05 17:39:00+00:00,70928.34
2026-03-05 17:40:00+00:00,71012.91
2026-03-05 17:41:00+00:00,70862.21
2026-03-05 17:42:00+00:00,70866.45
2026-03-05 17:43:00+00:00,70894.01
2026-03-05 17:44:00+00:00,70873.05
2026-03-05 17:45:00+00:00,70822.0
2026-03-05 17:46:00+00:00,70846.86
2026-03-05 17:47:00+00:00,70867.27
2026-03-05 17:48:00+00:00,70788.23
2026-03-05 17:49:00+00:00,70683.03
2026-03-05 17:50:00+00:00,70657.72
2026-03-05 17:51:00+00:00,70727.54
2026-03-05 17:52:00+00:00,70880.0
2026-03-05 17:53:00+00:00,70893.61
2026-03-05 17:54:00+00:00,70832.01
2026-03-05 17:55:00+00:00,70773.61
2026-03-05 17:56:00+00:00,70825.17
2026-03-05 17:57:00+00:00,70829.98
2026-03-05 17:58:00+00:00,70698.45
2026-03-05 17:59:00+00:00,70702.39
2026-03-05 18:00:00+00:00,70675.17
2026-03-05 18:01:00+00:00,70724.12
2026-03-05 18:02:00+00:00,70731.51
2026-03-05 18:03:00+00:00,70855.0
2026-03-05 18:04:00+00:00,70855.04
2026-03-05 18:05:00+00:00,70793.59
2026-03-05 18:06:00+00:00,70804.12
2026-03-05 18:07:00+00:00,70986.55
2026-03-05 18:08:00+00:00,70970.4
2026-03-05 18:09:00+00:00,70958.62
2026-03-05 18:10:00+00:00,71044.02
2026-03-05 18:11:00+00:00,70947.33
2026-03-05 18:12:00+00:00,70962.01
2026-03-05 18:13:00+00:00,71045.0
2026-03-05 18:14:00+00:00,71031.95
2026-03-05 18:15:00+00:00,71051.35
2026-03-05 18:16:00+00:00,71020.43
2026-03-05 18:17:00+00:00,71004.0
2026-03-05 18:18:00+00:00,70948.17
2026-03-05 18:19:00+00:00,70891.38
2026-03-05 18:20:00+00:00,70873.06
2026-03-05 18:21:00+00:00,70888.03
2026-03-05 18:22:00+00:00,71009.82
2026-03-05 18:23:00+00:00,70874.87
2026-03-05 18:24:00+00:00,70843.96
2026-03-05 18:25:00+00:00,70781.99
2026-03-05 18:26:00+00:00,70790.31
2026-03-05 18:27:00+00:00,70806.43
2026-03-05 18:28:00+00:00,70828.0
2026-03-05 18:29:00+00:00,70811.52
2026-03-05 18:30:00+00:00,70849.78
2026-03-05 18:31:00+00:00,70875.97
2026-03-05 18:32:00+00:00,70942.0
2026-03-05 18:33:00+00:00,70983.63
2026-03-05 18:34:00+00:00,70978.57
2026-03-05 18:35:00+00:00,71006.82
2026-03-05 18:36:00+00:00,70974.61
2026-03-05 18:37:00+00:00,70956.83
2026-03-05 18:38:00+00:00,70921.33
2026-03-05 18:39:00+00:00,70896.02
2026-03-05 18:40:00+00:00,70962.39
2026-03-05 18:41:00+00:00,70922.41
2026-03-05 18:42:00+00:00,71036.04
2026-03-05 18:43:00+00:00,70959.26
2026-03-05 18:44:00+00:00,70943.83
2026-03-05 18:45:00+00:00,70917.45
2026-03-05 18:46:00+00:00,70964.96
2026-03-05 18:47:00+00:00,70956.43
2026-03-05 18:48:00+00:00,70935.05
2026-03-05 18:49:00+00:00,70925.43
2026-03-05 18:50:00+00:00,70869.32
2026-03-05 18:51:00+00:00,70838.02
2026-03-05 18:52:00+00:00,70849.77
2026-03-05 18:53:00+00:00,70887.55
2026-03-05 18:54:00+00:00,70869.06
2026-03-05 18:55:00+00:00,70952.5
2026-03-05 18:56:00+00:00,70946.23
2026-03-05 18:57:00+00:00,71010.49
2026-03-05 18:58:00+00:00,70945.51
2026-03-05 18:59:00+00:00,70996.0
2026-03-05 19:00:00+00:00,71076.31
2026-03-05 19:01:00+00:00,71126.65
2026-03-05 19:02:00+00:00,71186.05
2026-03-05 19:03:00+00:00,71164.02
2026-03-05 19:04:00+00:00,71157.06
2026-03-05 19:05:00+00:00,71150.92
2026-03-05 19:06:00+00:00,71146.47
2026-03-05 19:07:00+00:00,71235.57
2026-03-05 19:08:00+00:00,71228.18
2026-03-05 19:09:00+00:00,71276.5
2026-03-05 19:10:00+00:00,71226.49
2026-03-05 19:11:00+00:00,71229.15
2026-03-05 19:12:00+00:00,71228.93
2026-03-05 19:13:00+00:00,71343.63
2026-03-05 19:14:00+00:00,71359.02
2026-03-05 19:15:00+00:00,71299.79
2026-03-05 19:16:00+00:00,71267.52
2026-03-05 19:17:00+00:00,71260.37
2026-03-05 19:18:00+00:00,71298.1
2026-03-05 19:19:00+00:00,71313.93
2026-03-05 19:20:00+00:00,71312.35
2026-03-05 19:21:00+00:00,71302.01
2026-03-05 19:22:00+00:00,71259.98
2026-03-05 19:23:00+00:00,71259.4
2026-03-05 19:24:00+00:00,71242.91
2026-03-05 19:25:00+00:00,71127.02
2026-03-05 19:26:00+00:00,71158.53
2026-03-05 19:27:00+00:00,71079.66
2026-03-05 19:28:00+00:00,71095.91
2026-03-05 19:29:00+00:00,71103.72
2026-03-05 19:30:00+00:00,71018.37
2026-03-05 19:31:00+00:00,71053.47
2026-03-05 19:32:00+00:00,70971.69
2026-03-05 19:33:00+00:00,71004.01
2026-03-05 19:34:00+00:00,71038.23
2026-03-05 19:35:00+00:00,70987.98
2026-03-05 19:36:00+00:00,70964.11
2026-03-05 19:37:00+00:00,70966.17
2026-03-05 19:38:00+00:00,70978.88
2026-03-05 19:39:00+00:00,71008.94
2026-03-05 19:40:00+00:00,71053.96
2026-03-05 19:41:00+00:00,71081.08
2026-03-05 19:42:00+00:00,71150.0
2026-03-05 19:43:00+00:00,71098.01
2026-03-05 19:44:00+00:00,71012.0
2026-03-05 19:45:00+00:00,71051.03
2026-03-05 19:46:00+00:00,71069.47
2026-03-05 19:47:00+00:00,71068.76
2026-03-05 19:48:00+00:00,71118.47
2026-03-05 19:49:00+00:00,71062.0
2026-03-05 19:50:00+00:00,71048.63
2026-03-05 19:51:00+00:00,71011.89
2026-03-05 19:52:00+00:00,71005.07
2026-03-05 19:53:00+00:00,70977.23
2026-03-05 19:54:00+00:00,70929.82
2026-03-05 19:55:00+00:00,70929.18
2026-03-05 19:56:00+00:00,70953.68
2026-03-05 19:57:00+00:00,70944.29
2026-03-05 19:58:00+00:00,70944.01
2026-03-05 19:59:00+00:00,70910.88
2026-03-05 20:00:00+00:00,70965.88
2026-03-05 20:01:00+00:00,70949.56
2026-03-05 20:02:00+00:00,70980.01
2026-03-05 20:03:00+00:00,70944.02
2026-03-05 20:04:00+00:00,71057.25
2026-03-05 20:05:00+00:00,70946.5
2026-03-05 20:06:00+00:00,70911.93
2026-03-05 20:07:00+00:00,70858.47
2026-03-05 20:08:00+00:00,71074.02
2026-03-05 20:09:00+00:00,71042.59
2026-03-05 20:10:00+00:00,71086.59
2026-03-05 20:11:00+00:00,71003.99
2026-03-05 20:12:00+00:00,70998.18
2026-03-05 20:13:00+00:00,71052.99
2026-03-05 20:14:00+00:00,71088.39
2026-03-05 20:15:00+00:00,71070.95
2026-03-05 20:16:00+00:00,71103.49
2026-03-05 20:17:00+00:00,71152.74
2026-03-05 20:18:00+00:00,71239.71
2026-03-05 20:19:00+00:00,71198.97
2026-03-05 20:20:00+00:00,71158.22
2026-03-05 20:21:00+00:00,71190.61
2026-03-05 20:22:00+00:00,71234.31
2026-03-05 20:23:00+00:00,71282.32
2026-03-05 20:24:00+00:00,71293.5
2026-03-05 20:25:00+00:00,71321.4
2026-03-05 20:26:00+00:00,71309.45
2026-03-05 20:27:00+00:00,71269.07
2026-03-05 20:28:00+00:00,71162.02
2026-03-05 20:29:00+00:00,71175.69
2026-03-05 20:30:00+00:00,71211.65
2026-03-05 20:31:00+00:00,71236.96
2026-03-05 20:32:00+00:00,71309.21
2026-03-05 20:33:00+00:00,71295.09
2026-03-05 20:34:00+00:00,71297.91
2026-03-05 20:35:00+00:00,71314.5
2026-03-05 20:36:00+00:00,71295.01
2026-03-05 20:37:00+00:00,71323.7
2026-03-05 20:38:00+00:00,71319.94
2026-03-05 20:39:00+00:00,71200.96
2026-03-05 20:40:00+00:00,71197.51
2026-03-05 20:41:00+00:00,71180.0
2026-03-05 20:42:00+00:00,71184.43
2026-03-05 20:43:00+00:00,71131.24
2026-03-05 20:44:00+00:00,71151.41
2026-03-05 20:45:00+00:00,71106.34
2026-03-05 20:46:00+00:00,71094.17
2026-03-05 20:47:00+00:00,71094.76
2026-03-05 20:48:00+00:00,71153.07
2026-03-05 20:49:00+00:00,71175.8
2026-03-05 20:50:00+00:00,71125.0
2026-03-05 20:51:00+00:00,71059.22
2026-03-05 20:52:00+00:00,71086.02
2026-03-05 20:53:00+00:00,71144.13
2026-03-05 20:54:00+00:00,71179.31
2026-03-05 20:55:00+00:00,71187.33
2026-03-05 20:56:00+00:00,71209.87
2026-03-05 20:57:00+00:00,71261.0
2026-03-05 20:58:00+00:00,71281.87
2026-03-05 20:59:00+00:00,71233.32
2026-03-05 21:00:00+00:00,71269.71
2026-03-05 21:01:00+00:00,71297.99
2026-03-05 21:02:00+00:00,71314.99
2026-03-05 21:03:00+00:00,71321.19
2026-03-05 21:04:00+00:00,71344.47
2026-03-05 21:05:00+00:00,71331.93
2026-03-05 21:06:00+00:00,71301.48
2026-03-05 21:07:00+00:00,71308.01
2026-03-05 21:08:00+00:00,71312.46
2026-03-05 21:09:00+00:00,71348.4
2026-03-05 21:10:00+00:00,71308.89
2026-03-05 21:11:00+00:00,71295.26
2026-03-05 21:12:00+00:00,71300.83
2026-03-05 21:13:00+00:00,71315.89
2026-03-05 21:14:00+00:00,71314.97
2026-03-05 21:15:00+00:00,71326.52
2026-03-05 21:16:00+00:00,71405.67
2026-03-05 21:17:00+00:00,71487.47
2026-03-05 21:18:00+00:00,71470.01
2026-03-05 21:19:00+00:00,71484.13
2026-03-05 21:20:00+00:00,71504.52
2026-03-05 21:21:00+00:00,71469.57
2026-03-05 21:22:00+00:00,71447.79
2026-03-05 21:23:00+00:00,71463.77
2026-03-05 21:24:00+00:00,71497.97
2026-03-05 21:25:00+00:00,71492.89
2026-03-05 21:26:00+00:00,71457.93
2026-03-05 21:27:00+00:00,71463.78
2026-03-05 21:28:00+00:00,71519.08
2026-03-05 21:29:00+00:00,71528.21
2026-03-05 21:30:00+00:00,71550.18
2026-03-05 21:31:00+00:00,71536.53
2026-03-05 21:32:00+00:00,71506.63
2026-03-05 21:33:00+00:00,71516.97
2026-03-05 21:34:00+00:00,71434.69
2026-03-05 21:35:00+00:00,71309.44
2026-03-05 21:36:00+00:00,71253.06
2026-03-05 21:37:00+00:00,71293.17
2026-03-05 21:38:00+00:00,71134.95
2026-03-05 21:39:00+00:00,71156.39
2026-03-05 21:40:00+00:00,71191.9
2026-03-05 21:41:00+00:00,71186.54
2026-03-05 21:42:00+00:00,71175.69
2026-03-05 21:43:00+00:00,71193.15
2026-03-05 21:44:00+00:00,71204.48
2026-03-05 21:45:00+00:00,71233.52
2026-03-05 21:46:00+00:00,71248.45
2026-03-05 21:47:00+00:00,71269.88
2026-03-05 21:48:00+00:00,71274.06
2026-03-05 21:49:00+00:00,71329.18
2026-03-05 21:50:00+00:00,71309.36
2026-03-05 21:51:00+00:00,71236.05
2026-03-05 21:52:00+00:00,71085.93
2026-03-05 21:53:00+00:00,71065.11
2026-03-05 21:54:00+00:00,71036.42
2026-03-05 21:55:00+00:00,71068.99
2026-03-05 21:56:00+00:00,71112.9
2026-03-05 21:57:00+00:00,71165.53
2026-03-05 21:58:00+00:00,71154.0
2026-03-05 21:59:00+00:00,71141.64
2026-03-05 22:00:00+00:00,71163.58
2026-03-05 22:01:00+00:00,71201.88
2026-03-05 22:02:00+00:00,71232.1
2026-03-05 22:03:00+00:00,71216.43
2026-03-05 22:04:00+00:00,71114.58
2026-03-05 22:05:00+00:00,71140.87
2026-03-05 22:06:00+00:00,71170.51
2026-03-05 22:07:00+00:00,71233.51
2026-03-05 22:08:00+00:00,71213.88
2026-03-05 22:09:00+00:00,71136.21
2026-03-05 22:10:00+00:00,71150.95
2026-03-05 22:11:00+00:00,71129.05
2026-03-05 22:12:00+00:00,71142.56
2026-03-05 22:13:00+00:00,71111.46
2026-03-05 22:14:00+00:00,71176.64
2026-03-05 22:15:00+00:00,71172.79
2026-03-05 22:16:00+00:00,71155.19
2026-03-05 22:17:00+00:00,71198.13
2026-03-05 22:18:00+00:00,71274.61
2026-03-05 22:19:00+00:00,71267.79
2026-03-05 22:20:00+00:00,71238.64
2026-03-05 22:21:00+00:00,71235.44
2026-03-05 22:22:00+00:00,71238.81
2026-03-05 22:23:00+00:00,71239.71
2026-03-05 22:24:00+00:00,71287.84
2026-03-05 22:25:00+00:00,71242.63
2026-03-05 22:26:00+00:00,71100.04
2026-03-05 22:27:00+00:00,71128.88
2026-03-05 22:28:00+00:00,71115.45
2026-03-05 22:29:00+00:00,71155.32
2026-03-05 22:30:00+00:00,71196.07
2026-03-05 22:31:00+00:00,71169.88
2026-03-05 22:32:00+00:00,71145.09
2026-03-05 22:33:00+00:00,71184.41
2026-03-05 22:34:00+00:00,71199.71
2026-03-05 22:35:00+00:00,71200.41
2026-03-05 22:36:00+00:00,71228.15
2026-03-05 22:37:00+00:00,71216.43
2026-03-05 22:38:00+00:00,71244.04
2026-03-05 22:39:00+00:00,71167.72
2026-03-05 22:40:00+00:00,71215.37
2026-03-05 22:41:00+00:00,71271.72
2026-03-05 22:42:00+00:00,71264.67
2026-03-05 22:43:00+00:00,71239.71
2026-03-05 22:44:00+00:00,71278.95
2026-03-05 22:45:00+00:00,71330.58
2026-03-05 22:46:00+00:00,71321.99
2026-03-05 22:47:00+00:00,71253.19
2026-03-05 22:48:00+00:00,71268.01
2026-03-05 22:49:00+00:00,71240.81
2026-03-05 22:50:00+00:00,71248.44
2026-03-05 22:51:00+00:00,71285.4
2026-03-05 22:52:00+00:00,71304.84
2026-03-05 22:53:00+00:00,71314.11
2026-03-05 22:54:00+00:00,71235.14
2026-03-05 22:55:00+00:00,71275.25
2026-03-05 22:56:00+00:00,71307.28
2026-03-05 22:57:00+00:00,71277.87
2026-03-05 22:58:00+00:00,71262.99
2026-03-05 22:59:00+00:00,71213.53
2026-03-05 23:00:00+00:00,71222.25
2026-03-05 23:01:00+00:00,71213.52
2026-03-05 23:02:00+00:00,71242.63
2026-03-05 23:03:00+00:00,71263.0
2026-03-05 23:04:00+00:00,71209.69
2026-03-05 23:05:00+00:00,71225.65
2026-03-05 23:06:00+00:00,71219.35
2026-03-05 23:07:00+00:00,71210.6
2026-03-05 23:08:00+00:00,71227.0
2026-03-05 23:09:00+00:00,71242.58
2026-03-05 23:10:00+00:00,71185.01
2026-03-05 23:11:00+00:00,71190.97
2026-03-05 23:12:00+00:00,71198.03
2026-03-05 23:13:00+00:00,71220.74
2026-03-05 23:14:00+00:00,71209.16
2026-03-05 23:15:00+00:00,71180.99
2026-03-05 23:16:00+00:00,71164.06
2026-03-05 23:17:00+00:00,71178.88
2026-03-05 23:18:00+00:00,71178.62
2026-03-05 23:19:00+00:00,71216.43
2026-03-05 23:20:00+00:00,71192.96
2026-03-05 23:21:00+00:00,71207.06
2026-03-05 23:22:00+00:00,71207.03
2026-03-05 23:23:00+00:00,71224.21
2026-03-05 23:24:00+00:00,71193.52
2026-03-05 23:25:00+00:00,71247.13
2026-03-05 23:26:00+00:00,71274.64
2026-03-05 23:27:00+00:00,71257.16
2026-03-05 23:28:00+00:00,71271.73
2026-03-05 23:29:00+00:00,71214.68
2026-03-05 23:30:00+00:00,71097.13
2026-03-05 23:31:00+00:00,71094.3
2026-03-05 23:32:00+00:00,71098.57
2026-03-05 23:33:00+00:00,70968.01
2026-03-05 23:34:00+00:00,70896.34
2026-03-05 23:35:00+00:00,70958.96
2026-03-05 23:36:00+00:00,70957.45
2026-03-05 23:37:00+00:00,70986.95
2026-03-05 23:38:00+00:00,70980.6
2026-03-05 23:39:00+00:00,70985.89
2026-03-05 23:40:00+00:00,70925.44
2026-03-05 23:41:00+00:00,70860.79
2026-03-05 23:42:00+00:00,70907.01
2026-03-05 23:43:00+00:00,70937.08
2026-03-05 23:44:00+00:00,70921.28
2026-03-05 23:45:00+00:00,70926.46
2026-03-05 23:46:00+00:00,70890.49
2026-03-05 23:47:00+00:00,70901.12
2026-03-05 23:48:00+00:00,70870.15
2026-03-05 23:49:00+00:00,70856.02
2026-03-05 23:50:00+00:00,70897.15
2026-03-05 23:51:00+00:00,70908.95
2026-03-05 23:52:00+00:00,70882.17
2026-03-05 23:53:00+00:00,70885.69
2026-03-05 23:54:00+00:00,70855.49
2026-03-05 23:55:00+00:00,70860.97
2026-03-05 23:56:00+00:00,70810.07
2026-03-05 23:57:00+00:00,70785.96
2026-03-05 23:58:00+00:00,70823.59
2026-03-05 23:59:00+00:00,70887.6
2026-03-06 00:00:00+00:00,70878.88
2026-03-06 00:01:00+00:00,70875.87
2026-03-06 00:02:00+00:00,70846.8
2026-03-06 00:03:00+00:00,70864.62
2026-03-06 00:04:00+00:00,70904.51
2026-03-06 00:05:00+00:00,70896.33
2026-03-06 00:06:00+00:00,70941.97
2026-03-06 00:07:00+00:00,70926.64
2026-03-06 00:08:00+00:00,70915.16
2026-03-06 00:09:00+00:00,70894.3
2026-03-06 00:10:00+00:00,70903.56
2026-03-06 00:11:00+00:00,70992.34
2026-03-06 00:12:00+00:00,71012.73
2026-03-06 00:13:00+00:00,71031.9
2026-03-06 00:14:00+00:00,71021.02
2026-03-06 00:15:00+00:00,70946.17
2026-03-06 00:16:00+00:00,70986.54
2026-03-06 00:17:00+00:00,70997.75
2026-03-06 00:18:00+00:00,70971.27
2026-03-06 00:19:00+00:00,71013.55
2026-03-06 00:20:00+00:00,70958.0
2026-03-06 00:21:00+00:00,70968.01
2026-03-06 00:22:00+00:00,70967.89
2026-03-06 00:23:00+00:00,70977.82
2026-03-06 00:24:00+00:00,71043.24
2026-03-06 00:25:00+00:00,70957.45
2026-03-06 00:26:00+00:00,70899.25
2026-03-06 00:27:00+00:00,70916.0
2026-03-06 00:28:00+00:00,70946.02
2026-03-06 00:29:00+00:00,70918.09
2026-03-06 00:30:00+00:00,70913.65
2026-03-06 00:31:00+00:00,70903.82
2026-03-06 00:32:00+00:00,70922.08
2026-03-06 00:33:00+00:00,70975.18
2026-03-06 00:34:00+00:00,70934.16
2026-03-06 00:35:00+00:00,70938.89
2026-03-06 00:36:00+00:00,70932.51
2026-03-06 00:37:00+00:00,70948.71
2026-03-06 00:38:00+00:00,70951.63
2026-03-06 00:39:00+00:00,70935.29
2026-03-06 00:40:00+00:00,70953.53
2026-03-06 00:41:00+00:00,70940.01
2026-03-06 00:42:00+00:00,70940.02
2026-03-06 00:43:00+00:00,70938.1
2026-03-06 00:44:00+00:00,70902.45
2026-03-06 00:45:00+00:00,70910.55
2026-03-06 00:46:00+00:00,70992.35
2026-03-06 00:47:00+00:00,70966.17
2026-03-06 00:48:00+00:00,70976.99
2026-03-06 00:49:00+00:00,70922.97
2026-03-06 00:50:00+00:00,70897.17
2026-03-06 00:51:00+00:00,70877.0
2026-03-06 00:52:00+00:00,70925.82
2026-03-06 00:53:00+00:00,70925.87
2026-03-06 00:54:00+00:00,70962.92
2026-03-06 00:55:00+00:00,70957.43
2026-03-06 00:56:00+00:00,70930.3
2026-03-06 00:57:00+00:00,70927.75
2026-03-06 00:58:00+00:00,70939.01
2026-03-06 00:59:00+00:00,70987.42
2026-03-06 01:00:00+00:00,70940.4
2026-03-06 01:01:00+00:00,70925.03
2026-03-06 01:02:00+00:00,71006.49
2026-03-06 01:03:00+00:00,70989.46
2026-03-06 01:04:00+00:00,70916.69
2026-03-06 01:05:00+00:00,70947.33
2026-03-06 01:06:00+00:00,70916.71
2026-03-06 01:07:00+00:00,70931.25
2026-03-06 01:08:00+00:00,70910.88
2026-03-06 01:09:00+00:00,70912.1
2026-03-06 01:10:00+00:00,70866.57
2026-03-06 01:11:00+00:00,70889.59
2026-03-06 01:12:00+00:00,70843.15
2026-03-06 01:13:00+00:00,70826.02
2026-03-06 01:14:00+00:00,70804.02
2026-03-06 01:15:00+00:00,70843.95
2026-03-06 01:16:00+00:00,70831.1
2026-03-06 01:17:00+00:00,70865.56
2026-03-06 01:18:00+00:00,70857.7
2026-03-06 01:19:00+00:00,70858.51
2026-03-06 01:20:00+00:00,70890.48
2026-03-06 01:21:00+00:00,70878.87
2026-03-06 01:22:00+00:00,70822.98
2026-03-06 01:23:00+00:00,70832.67
2026-03-06 01:24:00+00:00,70843.79
2026-03-06 01:25:00+00:00,70716.2
2026-03-06 01:26:00+00:00,70564.97
2026-03-06 01:27:00+00:00,70437.99
2026-03-06 01:28:00+00:00,70428.22
2026-03-06 01:29:00+00:00,70459.83
2026-03-06 01:30:00+00:00,70596.0
2026-03-06 01:31:00+00:00,70719.6
2026-03-06 01:32:00+00:00,70738.84
2026-03-06 01:33:00+00:00,70800.0
2026-03-06 01:34:00+00:00,70861.41
2026-03-06 01:35:00+00:00,70961.99
2026-03-06 01:36:00+00:00,70881.79
2026-03-06 01:37:00+00:00,70992.36
2026-03-06 01:38:00+00:00,71052.95
2026-03-06 01:39:00+00:00,71006.91
2026-03-06 01:40:00+00:00,71119.84
2026-03-06 01:41:00+00:00,71097.12
2026-03-06 01:42:00+00:00,71148.48
2026-03-06 01:43:00+00:00,71124.37
2026-03-06 01:44:00+00:00,71168.01
2026-03-06 01:45:00+00:00,71147.66
2026-03-06 01:46:00+00:00,71117.49
2026-03-06 01:47:00+00:00,71226.13
2026-03-06 01:48:00+00:00,71129.13
2026-03-06 01:49:00+00:00,71166.92
2026-03-06 01:50:00+00:00,71149.5
2026-03-06 01:51:00+00:00,71251.36
2026-03-06 01:52:00+00:00,71274.63
2026-03-06 01:53:00+00:00,71240.67
2026-03-06 01:54:00+00:00,71201.84
2026-03-06 01:55:00+00:00,71236.8
2026-03-06 01:56:00+00:00,71239.72
2026-03-06 01:57:00+00:00,71263.56
2026-03-06 01:58:00+00:00,71249.27
2026-03-06 01:59:00+00:00,71258.0
2026-03-06 02:00:00+00:00,71217.12
2026-03-06 02:01:00+00:00,71204.43
2026-03-06 02:02:00+00:00,71220.5
2026-03-06 02:03:00+00:00,71274.64
2026-03-06 02:04:00+00:00,71207.7
2026-03-06 02:05:00+00:00,71216.44
2026-03-06 02:06:00+00:00,71217.05
2026-03-06 02:07:00+00:00,71280.45
2026-03-06 02:08:00+00:00,71300.82
2026-03-06 02:09:00+00:00,71268.82
2026-03-06 02:10:00+00:00,71231.74
2026-03-06 02:11:00+00:00,71245.53
2026-03-06 02:12:00+00:00,71350.43
2026-03-06 02:13:00+00:00,71379.39
2026-03-06 02:14:00+00:00,71329.93
2026-03-06 02:15:00+00:00,71321.19
2026-03-06 02:16:00+00:00,71286.0
2026-03-06 02:17:00+00:00,71266.01
2026-03-06 02:18:00+00:00,71175.01
2026-03-06 02:19:00+00:00,71174.0
2026-03-06 02:20:00+00:00,71176.31
2026-03-06 02:21:00+00:00,71129.13
2026-03-06 02:22:00+00:00,71172.77
2026-03-06 02:23:00+00:00,71141.98
2026-03-06 02:24:00+00:00,71197.49
2026-03-06 02:25:00+00:00,71403.37
2026-03-06 02:26:00+00:00,71257.17
2026-03-06 02:27:00+00:00,71207.7
2026-03-06 02:28:00+00:00,71292.09
2026-03-06 02:29:00+00:00,71338.09
2026-03-06 02:30:00+00:00,71262.99
2026-03-06 02:31:00+00:00,71253.98
2026-03-06 02:32:00+00:00,71210.43
2026-03-06 02:33:00+00:00,71187.32
2026-03-06 02:34:00+00:00,71178.59
2026-03-06 02:35:00+00:00,71172.76
2026-03-06 02:36:00+00:00,71161.14
2026-03-06 02:37:00+00:00,71161.15
2026-03-06 02:38:00+00:00,71169.73
2026-03-06 02:39:00+00:00,71242.01
2026-03-06 02:40:00+00:00,71233.9
2026-03-06 02:41:00+00:00,71281.6
2026-03-06 02:42:00+00:00,71275.36
2026-03-06 02:43:00+00:00,71297.92
2026-03-06 02:44:00+00:00,71350.29
2026-03-06 02:45:00+00:00,71329.92
2026-03-06 02:46:00+00:00,71332.82
2026-03-06 02:47:00+00:00,71316.02
2026-03-06 02:48:00+00:00,71276.64
2026-03-06 02:49:00+00:00,71326.26
2026-03-06 02:50:00+00:00,71252.19
2026-03-06 02:51:00+00:00,71253.23
2026-03-06 02:52:00+00:00,71252.61
2026-03-06 02:53:00+00:00,71243.98
2026-03-06 02:54:00+00:00,71206.02
2026-03-06 02:55:00+00:00,71227.5
2026-03-06 02:56:00+00:00,71196.07
2026-03-06 02:57:00+00:00,71225.16
2026-03-06 02:58:00+00:00,71242.48
2026-03-06 02:59:00+00:00,71248.45
2026-03-06 03:00:00+00:00,71242.63
2026-03-06 03:01:00+00:00,71213.54
2026-03-06 03:02:00+00:00,71219.35
2026-03-06 03:03:00+00:00,71222.25
2026-03-06 03:04:00+00:00,71251.35
2026-03-06 03:05:00+00:00,71239.72
2026-03-06 03:06:00+00:00,71218.0
2026-03-06 03:07:00+00:00,71220.95
2026-03-06 03:08:00+00:00,71254.26
2026-03-06 03:09:00+00:00,71242.63
2026-03-06 03:10:00+00:00,71240.0
2026-03-06 03:11:00+00:00,71221.99
2026-03-06 03:12:00+00:00,71074.94
2026-03-06 03:13:00+00:00,71038.93
2026-03-06 03:14:00+00:00,71066.88
2026-03-06 03:15:00+00:00,71031.26
2026-03-06 03:16:00+00:00,71073.19
2026-03-06 03:17:00+00:00,71056.4
2026-03-06 03:18:00+00:00,71015.64
2026-03-06 03:19:00+00:00,71068.02
2026-03-06 03:20:00+00:00,71076.76
2026-03-06 03:21:00+00:00,71111.68
2026-03-06 03:22:00+00:00,71140.78
2026-03-06 03:23:00+00:00,71220.97
2026-03-06 03:24:00+00:00,71187.34
2026-03-06 03:25:00+00:00,71196.05
2026-03-06 03:26:00+00:00,71182.67
2026-03-06 03:27:00+00:00,71158.24
2026-03-06 03:28:00+00:00,71175.32
2026-03-06 03:29:00+00:00,71179.69
2026-03-06 03:30:00+00:00,71201.89
2026-03-06 03:31:00+00:00,71158.24
2026-03-06 03:32:00+00:00,71151.33
2026-03-06 03:33:00+00:00,71162.84
2026-03-06 03:34:00+00:00,71149.5
2026-03-06 03:35:00+00:00,71126.23
2026-03-06 03:36:00+00:00,71146.08
2026-03-06 03:37:00+00:00,71121.28
2026-03-06 03:38:00+00:00,71132.05
2026-03-06 03:39:00+00:00,71102.25
2026-03-06 03:40:00+00:00,71125.02
2026-03-06 03:41:00+00:00,71097.12
2026-03-06 03:42:00+00:00,71099.99
2026-03-06 03:43:00+00:00,71116.97
2026-03-06 03:44:00+00:00,71091.31
2026-03-06 03:45:00+00:00,71079.66
2026-03-06 03:46:00+00:00,71082.58
2026-03-06 03:47:00+00:00,71123.06
2026-03-06 03:48:00+00:00,71137.86
2026-03-06 03:49:00+00:00,71075.44
2026-03-06 03:50:00+00:00,71115.16
2026-03-06 03:51:00+00:00,71074.86
2026-03-06 03:52:00+00:00,71066.0
2026-03-06 03:53:00+00:00,71085.87
2026-03-06 03:54:00+00:00,71071.52
2026-03-06 03:55:00+00:00,71040.01
2026-03-06 03:56:00+00:00,71038.6
2026-03-06 03:57:00+00:00,71065.08
2026-03-06 03:58:00+00:00,71086.77
2026-03-06 03:59:00+00:00,71082.01
2026-03-06 04:00:00+00:00,70996.01
2026-03-06 04:01:00+00:00,71030.19
2026-03-06 04:02:00+00:00,71076.74
2026-03-06 04:03:00+00:00,71040.01
2026-03-06 04:04:00+00:00,71078.0
2026-03-06 04:05:00+00:00,71100.04
2026-03-06 04:06:00+00:00,71068.02
2026-03-06 04:07:00+00:00,71024.3
2026-03-06 04:08:00+00:00,71036.57
2026-03-06 04:09:00+00:00,70985.26
2026-03-06 04:10:00+00:00,70929.81
2026-03-06 04:11:00+00:00,70954.47
2026-03-06 04:12:00+00:00,70936.91
2026-03-06 04:13:00+00:00,70928.35
2026-03-06 04:14:00+00:00,70915.93
2026-03-06 04:15:00+00:00,70916.16
2026-03-06 04:16:00+00:00,70948.95
2026-03-06 04:17:00+00:00,70947.38
2026-03-06 04:18:00+00:00,70915.03
2026-03-06 04:19:00+00:00,70931.14
2026-03-06 04:20:00+00:00,70931.23
2026-03-06 04:21:00+00:00,70923.59
2026-03-06 04:22:00+00:00,70910.87
2026-03-06 04:23:00+00:00,70917.11
2026-03-06 04:24:00+00:00,70983.63
2026-03-06 04:25:00+00:00,70952.81
2026-03-06 04:26:00+00:00,70884.0
2026-03-06 04:27:00+00:00,70903.33
2026-03-06 04:28:00+00:00,70934.17
2026-03-06 04:29:00+00:00,70869.59
2026-03-06 04:30:00+00:00,70840.2
2026-03-06 04:31:00+00:00,70802.39
2026-03-06 04:32:00+00:00,70791.99
2026-03-06 04:33:00+00:00,70910.88
2026-03-06 04:34:00+00:00,70905.58
2026-03-06 04:35:00+00:00,70873.05
2026-03-06 04:36:00+00:00,70823.58
2026-03-06 04:37:00+00:00,70789.79
2026-03-06 04:38:00+00:00,70739.93
2026-03-06 04:39:00+00:00,70721.74
2026-03-06 04:40:00+00:00,70416.7
2026-03-06 04:41:00+00:00,70474.01
2026-03-06 04:42:00+00:00,70436.59
2026-03-06 04:43:00+00:00,70472.0
2026-03-06 04:44:00+00:00,70523.84
2026-03-06 04:45:00+00:00,70563.98
2026-03-06 04:46:00+00:00,70523.58
2026-03-06 04:47:00+00:00,70581.3
2026-03-06 04:48:00+00:00,70548.34
2026-03-06 04:49:00+00:00,70550.48
2026-03-06 04:50:00+00:00,70576.23
2026-03-06 04:51:00+00:00,70622.79
2026-03-06 04:52:00+00:00,70622.22
2026-03-06 04:53:00+00:00,70535.5
2026-03-06 04:54:00+00:00,70515.16
2026-03-06 04:55:00+00:00,70540.86
2026-03-06 04:56:00+00:00,70536.0
2026-03-06 04:57:00+00:00,70532.58
2026-03-06 04:58:00+00:00,70603.35
2026-03-06 04:59:00+00:00,70614.06
2026-03-06 05:00:00+00:00,70573.09
2026-03-06 05:01:00+00:00,70582.05
2026-03-06 05:02:00+00:00,70578.21
2026-03-06 05:03:00+00:00,70568.55
2026-03-06 05:04:00+00:00,70626.22
2026-03-06 05:05:00+00:00,70612.82
2026-03-06 05:06:00+00:00,70571.02
2026-03-06 05:07:00+00:00,70488.93
2026-03-06 05:08:00+00:00,70446.52
2026-03-06 05:09:00+00:00,70504.77
2026-03-06 05:10:00+00:00,70477.32
2026-03-06 05:11:00+00:00,70427.82
2026-03-06 05:12:00+00:00,70446.74
2026-03-06 05:13:00+00:00,70440.17
2026-03-06 05:14:00+00:00,70541.58
2026-03-06 05:15:00+00:00,70606.27
2026-03-06 05:16:00+00:00,70636.55
2026-03-06 05:17:00+00:00,70616.97
2026-03-06 05:18:00+00:00,70609.61
2026-03-06 05:19:00+00:00,70593.82
2026-03-06 05:20:00+00:00,70565.99
2026-03-06 05:21:00+00:00,70602.33
2026-03-06 05:22:00+00:00,70577.83
2026-03-06 05:23:00+00:00,70448.15
2026-03-06 05:24:00+00:00,70422.0
2026-03-06 05:25:00+00:00,70363.79
2026-03-06 05:26:00+00:00,70382.68
2026-03-06 05:27:00+00:00,70352.76
2026-03-06 05:28:00+00:00,70384.17
2026-03-06 05:29:00+00:00,70401.64
2026-03-06 05:30:00+00:00,70372.53
2026-03-06 05:31:00+00:00,70429.92
2026-03-06 05:32:00+00:00,70497.65
2026-03-06 05:33:00+00:00,70466.69
2026-03-06 05:34:00+00:00,70313.11
2026-03-06 05:35:00+00:00,70367.21
2026-03-06 05:36:00+00:00,70364.43
2026-03-06 05:37:00+00:00,70397.83
2026-03-06 05:38:00+00:00,70415.34
2026-03-06 05:39:00+00:00,70304.62
2026-03-06 05:40:00+00:00,70270.68
2026-03-06 05:41:00+00:00,70252.57
2026-03-06 05:42:00+00:00,70196.77
2026-03-06 05:43:00+00:00,70187.6
2026-03-06 05:44:00+00:00,70203.76
2026-03-06 05:45:00+00:00,70224.39
2026-03-06 05:46:00+00:00,70261.75
2026-03-06 05:47:00+00:00,70224.13
2026-03-06 05:48:00+00:00,70178.33
2026-03-06 05:49:00+00:00,70163.01
2026-03-06 05:50:00+00:00,70183.37
2026-03-06 05:51:00+00:00,70183.83
2026-03-06 05:52:00+00:00,70184.86
2026-03-06 05:53:00+00:00,70336.66
2026-03-06 05:54:00+00:00,70361.31
2026-03-06 05:55:00+00:00,70308.54
2026-03-06 05:56:00+00:00,70401.64
2026-03-06 05:57:00+00:00,70421.99
2026-03-06 05:58:00+00:00,70469.72
2026-03-06 05:59:00+00:00,70431.19
2026-03-06 06:00:00+00:00,70424.22
2026-03-06 06:01:00+00:00,70410.37
2026-03-06 06:02:00+00:00,70413.27
2026-03-06 06:03:00+00:00,70381.26
2026-03-06 06:04:00+00:00,70431.76
2026-03-06 06:05:00+00:00,70377.38
2026-03-06 06:06:00+00:00,70352.15
2026-03-06 06:07:00+00:00,70393.09
2026-03-06 06:08:00+00:00,70371.05
2026-03-06 06:09:00+00:00,70333.82
2026-03-06 06:10:00+00:00,70310.24
2026-03-06 06:11:00+00:00,70276.51
2026-03-06 06:12:00+00:00,70284.84
2026-03-06 06:13:00+00:00,70299.78
2026-03-06 06:14:00+00:00,70304.12
2026-03-06 06:15:00+00:00,70323.04
2026-03-06 06:16:00+00:00,70337.6
2026-03-06 06:17:00+00:00,70312.83
2026-03-06 06:18:00+00:00,70339.02
2026-03-06 06:19:00+00:00,70387.08
2026-03-06 06:20:00+00:00,70484.49
2026-03-06 06:21:00+00:00,70445.29
2026-03-06 06:22:00+00:00,70488.93
2026-03-06 06:23:00+00:00,70485.03
2026-03-06 06:24:00+00:00,70511.27
2026-03-06 06:25:00+00:00,70482.25
2026-03-06 06:26:00+00:00,70474.39
2026-03-06 06:27:00+00:00,70465.66
2026-03-06 06:28:00+00:00,70434.83
2026-03-06 06:29:00+00:00,70418.5
2026-03-06 06:30:00+00:00,70452.0
2026-03-06 06:31:00+00:00,70439.5
2026-03-06 06:32:00+00:00,70403.49
2026-03-06 06:33:00+00:00,70420.27
2026-03-06 06:34:00+00:00,70392.14
2026-03-06 06:35:00+00:00,70385.53
2026-03-06 06:36:00+00:00,70450.33
2026-03-06 06:37:00+00:00,70467.6
2026-03-06 06:38:00+00:00,70554.15
2026-03-06 06:39:00+00:00,70520.95
2026-03-06 06:40:00+00:00,70491.07
2026-03-06 06:41:00+00:00,70580.03
2026-03-06 06:42:00+00:00,70625.7
2026-03-06 06:43:00+00:00,70626.17
2026-03-06 06:44:00+00:00,70666.39
2026-03-06 06:45:00+00:00,70634.0
2026-03-06 06:46:00+00:00,70690.73
2026-03-06 06:47:00+00:00,70750.82
2026-03-06 06:48:00+00:00,70795.74
2026-03-06 06:49:00+00:00,70736.51
2026-03-06 06:50:00+00:00,70721.73
2026-03-06 06:51:00+00:00,70653.64
2026-03-06 06:52:00+00:00,70639.41
2026-03-06 06:53:00+00:00,70600.01
2026-03-06 06:54:00+00:00,70593.68
2026-03-06 06:55:00+00:00,70625.7
2026-03-06 06:56:00+00:00,70662.46
2026-03-06 06:57:00+00:00,70648.99
2026-03-06 06:58:00+00:00,70640.73
2026-03-06 06:59:00+00:00,70597.02
2026-03-06 07:00:00+00:00,70651.89
2026-03-06 07:01:00+00:00,70674.0
2026-03-06 07:02:00+00:00,70733.38
2026-03-06 07:03:00+00:00,70795.0
2026-03-06 07:04:00+00:00,70775.02
2026-03-06 07:05:00+00:00,70768.3
2026-03-06 07:06:00+00:00,70736.29
2026-03-06 07:07:00+00:00,70739.07
2026-03-06 07:08:00+00:00,70730.46
2026-03-06 07:09:00+00:00,70657.72
2026-03-06 07:10:00+00:00,70596.0
2026-03-06 07:11:00+00:00,70504.0
2026-03-06 07:12:00+00:00,70520.14
2026-03-06 07:13:00+00:00,70564.59
2026-03-06 07:14:00+00:00,70557.41
2026-03-06 07:15:00+00:00,70566.82
2026-03-06 07:16:00+00:00,70625.7
2026-03-06 07:17:00+00:00,70650.46
2026-03-06 07:18:00+00:00,70631.53
2026-03-06 07:19:00+00:00,70657.71
2026-03-06 07:20:00+00:00,70745.02
2026-03-06 07:21:00+00:00,70724.64
2026-03-06 07:22:00+00:00,70756.74
2026-03-06 07:23:00+00:00,70760.93
2026-03-06 07:24:00+00:00,70747.01
2026-03-06 07:25:00+00:00,70724.23
2026-03-06 07:26:00+00:00,70835.22
2026-03-06 07:27:00+00:00,70880.4
2026-03-06 07:28:00+00:00,70873.92
2026-03-06 07:29:00+00:00,70859.26
2026-03-06 07:30:00+00:00,70891.51
2026-03-06 07:31:00+00:00,70932.0
2026-03-06 07:32:00+00:00,70948.91
2026-03-06 07:33:00+00:00,70982.63
2026-03-06 07:34:00+00:00,70964.79
2026-03-06 07:35:00+00:00,70939.74
2026-03-06 07:36:00+00:00,70984.06
2026-03-06 07:37:00+00:00,70948.02
2026-03-06 07:38:00+00:00,70942.67
2026-03-06 07:39:00+00:00,70894.4
2026-03-06 07:40:00+00:00,70979.99
2026-03-06 07:41:00+00:00,71018.44
2026-03-06 07:42:00+00:00,71043.45
2026-03-06 07:43:00+00:00,71034.02
2026-03-06 07:44:00+00:00,71076.24
2026-03-06 07:45:00+00:00,71108.87
2026-03-06 07:46:00+00:00,71163.94
2026-03-06 07:47:00+00:00,71145.63
2026-03-06 07:48:00+00:00,71088.98
2026-03-06 07:49:00+00:00,71119.91
2026-03-06 07:50:00+00:00,71126.8
2026-03-06 07:51:00+00:00,71100.24
2026-03-06 07:52:00+00:00,71109.64
2026-03-06 07:53:00+00:00,71096.01
2026-03-06 07:54:00+00:00,71125.94
2026-03-06 07:55:00+00:00,71100.15
2026-03-06 07:56:00+00:00,71078.17
2026-03-06 07:57:00+00:00,71094.05
2026-03-06 07:58:00+00:00,71089.91
2026-03-06 07:59:00+00:00,71069.75
2026-03-06 08:00:00+00:00,71014.91
2026-03-06 08:01:00+00:00,70975.99
2026-03-06 08:02:00+00:00,70989.98
2026-03-06 08:03:00+00:00,70957.46
2026-03-06 08:04:00+00:00,70953.95
2026-03-06 08:05:00+00:00,70934.42
2026-03-06 08:06:00+00:00,70917.13
2026-03-06 08:07:00+00:00,70947.98
2026-03-06 08:08:00+00:00,70917.11
2026-03-06 08:09:00+00:00,70942.05
2026-03-06 08:10:00+00:00,70964.49
2026-03-06 08:11:00+00:00,70940.16
2026-03-06 08:12:00+00:00,70957.01
2026-03-06 08:13:00+00:00,70943.84
2026-03-06 08:14:00+00:00,70945.28
2026-03-06 08:15:00+00:00,70966.07
2026-03-06 08:16:00+00:00,70963.21
2026-03-06 08:17:00+00:00,70951.86
2026-03-06 08:18:00+00:00,70912.01
2026-03-06 08:19:00+00:00,70979.95
2026-03-06 08:20:00+00:00,70956.01
2026-03-06 08:21:00+00:00,70925.48
2026-03-06 08:22:00+00:00,70922.93
2026-03-06 08:23:00+00:00,70921.79
2026-03-06 08:24:00+00:00,70900.01
2026-03-06 08:25:00+00:00,70849.44
2026-03-06 08:26:00+00:00,70864.01
2026-03-06 08:27:00+00:00,70858.52
2026-03-06 08:28:00+00:00,70899.84
2026-03-06 08:29:00+00:00,70937.28
2026-03-06 08:30:00+00:00,70927.53
2026-03-06 08:31:00+00:00,70949.88
2026-03-06 08:32:00+00:00,71022.33
2026-03-06 08:33:00+00:00,70974.72
2026-03-06 08:34:00+00:00,70937.28
2026-03-06 08:35:00+00:00,71000.63
2026-03-06 08:36:00+00:00,71005.65
2026-03-06 08:37:00+00:00,70960.32
2026-03-06 08:38:00+00:00,70896.0
2026-03-06 08:39:00+00:00,70916.42
2026-03-06 08:40:00+00:00,71012.95
2026-03-06 08:41:00+00:00,70987.48
2026-03-06 08:42:00+00:00,70928.38
2026-03-06 08:43:00+00:00,70920.02
2026-03-06 08:44:00+00:00,70920.05
2026-03-06 08:45:00+00:00,70954.0
2026-03-06 08:46:00+00:00,70908.49
2026-03-06 08:47:00+00:00,70957.44
2026-03-06 08:48:00+00:00,70920.0
2026-03-06 08:49:00+00:00,70911.5
2026-03-06 08:50:00+00:00,70896.79
2026-03-06 08:51:00+00:00,70838.01
2026-03-06 08:52:00+00:00,70833.98
2026-03-06 08:53:00+00:00,70810.58
2026-03-06 08:54:00+00:00,70831.99
2026-03-06 08:55:00+00:00,70778.0
2026-03-06 08:56:00+00:00,70778.0
2026-03-06 08:57:00+00:00,70773.02
2026-03-06 08:58:00+00:00,70753.76
2026-03-06 08:59:00+00:00,70794.76
2026-03-06 09:00:00+00:00,70785.0
2026-03-06 09:01:00+00:00,70756.0
2026-03-06 09:02:00+00:00,70749.98
2026-03-06 09:03:00+00:00,70778.36
2026-03-06 09:04:00+00:00,70789.99
2026-03-06 09:05:00+00:00,70754.72
2026-03-06 09:06:00+00:00,70775.14
2026-03-06 09:07:00+00:00,70773.12
2026-03-06 09:08:00+00:00,70709.77
2026-03-06 09:09:00+00:00,70669.66
2026-03-06 09:10:00+00:00,70582.86
2026-03-06 09:11:00+00:00,70571.53
2026-03-06 09:12:00+00:00,70554.25
2026-03-06 09:13:00+00:00,70545.77
2026-03-06 09:14:00+00:00,70574.4
2026-03-06 09:15:00+00:00,70565.76
2026-03-06 09:16:00+00:00,70548.48
2026-03-06 09:17:00+00:00,70476.48
2026-03-06 09:18:00+00:00,70513.02
2026-03-06 09:19:00+00:00,70584.53
2026-03-06 09:20:00+00:00,70531.21
2026-03-06 09:21:00+00:00,70522.57
2026-03-06 09:22:00+00:00,70496.65
2026-03-06 09:23:00+00:00,70525.44
2026-03-06 09:24:00+00:00,70456.33
2026-03-06 09:25:00+00:00,70424.61
2026-03-06 09:26:00+00:00,70395.84
2026-03-06 09:27:00+00:00,70387.21
2026-03-06 09:28:00+00:00,70384.36
2026-03-06 09:29:00+00:00,70410.77
2026-03-06 09:30:00+00:00,70439.06
2026-03-06 09:31:00+00:00,70413.13
2026-03-06 09:32:00+00:00,70401.55
2026-03-06 09:33:00+00:00,70372.81
2026-03-06 09:34:00+00:00,70323.84
2026-03-06 09:35:00+00:00,70352.63
2026-03-06 09:36:00+00:00,70387.06
2026-03-06 09:37:00+00:00,70372.81
2026-03-06 09:38:00+00:00,70429.21
2026-03-06 09:39:00+00:00,70349.91
2026-03-06 09:40:00+00:00,70336.33
2026-03-06 09:41:00+00:00,70413.11
2026-03-06 09:42:00+00:00,70441.63
2026-03-06 09:43:00+00:00,70502.26
2026-03-06 09:44:00+00:00,70548.57
2026-03-06 09:45:00+00:00,70597.44
2026-03-06 09:46:00+00:00,70482.25
2026-03-06 09:47:00+00:00,70470.72
2026-03-06 09:48:00+00:00,70485.13
2026-03-06 09:49:00+00:00,70481.42
2026-03-06 09:50:00+00:00,70503.76
2026-03-06 09:51:00+00:00,70511.06
2026-03-06 09:52:00+00:00,70529.91
2026-03-06 09:53:00+00:00,70560.94
2026-03-06 09:54:00+00:00,70493.79
2026-03-06 09:55:00+00:00,70509.14
2026-03-06 09:56:00+00:00,70580.16
2026-03-06 09:57:00+00:00,70546.36
2026-03-06 09:58:00+00:00,70579.17
2026-03-06 09:59:00+00:00,70562.89
2026-03-06 10:00:00+00:00,70626.24
2026-03-06 10:01:00+00:00,70583.04
2026-03-06 10:02:00+00:00,70565.75
2026-03-06 10:03:00+00:00,70626.24
2026-03-06 10:04:00+00:00,70648.26
2026-03-06 10:05:00+00:00,70698.97
2026-03-06 10:06:00+00:00,70655.04
2026-03-06 10:07:00+00:00,70639.72
2026-03-06 10:08:00+00:00,70642.72
2026-03-06 10:09:00+00:00,70673.4
2026-03-06 10:10:00+00:00,70665.52
2026-03-06 10:11:00+00:00,70632.01
2026-03-06 10:12:00+00:00,70631.61
2026-03-06 10:13:00+00:00,70629.13
2026-03-06 10:14:00+00:00,70686.46
2026-03-06 10:15:00+00:00,70664.28
2026-03-06 10:16:00+00:00,70693.85
2026-03-06 10:17:00+00:00,70707.94
2026-03-06 10:18:00+00:00,70689.78
2026-03-06 10:19:00+00:00,70655.05
2026-03-06 10:20:00+00:00,70657.93
2026-03-06 10:21:00+00:00,70668.76
2026-03-06 10:22:00+00:00,70692.31
2026-03-06 10:23:00+00:00,70747.66
2026-03-06 10:24:00+00:00,70768.02
2026-03-06 10:25:00+00:00,70760.54
2026-03-06 10:26:00+00:00,70792.38
2026-03-06 10:27:00+00:00,70731.01
2026-03-06 10:28:00+00:00,70727.04
2026-03-06 10:29:00+00:00,70773.12
2026-03-06 10:30:00+00:00,70660.93
2026-03-06 10:31:00+00:00,70693.52
2026-03-06 10:32:00+00:00,70630.53
2026-03-06 10:33:00+00:00,70611.44
2026-03-06 10:34:00+00:00,70606.08
2026-03-06 10:35:00+00:00,70551.37
2026-03-06 10:36:00+00:00,70576.82
2026-03-06 10:37:00+00:00,70577.29
2026-03-06 10:38:00+00:00,70543.78
2026-03-06 10:39:00+00:00,70539.85
2026-03-06 10:40:00+00:00,70544.0
2026-03-06 10:41:00+00:00,70557.13
2026-03-06 10:42:00+00:00,70536.97
2026-03-06 10:43:00+00:00,70521.5
2026-03-06 10:44:00+00:00,70560.0
2026-03-06 10:45:00+00:00,70539.84
2026-03-06 10:46:00+00:00,70571.7
2026-03-06 10:47:00+00:00,70589.23
2026-03-06 10:48:00+00:00,70571.49
2026-03-06 10:49:00+00:00,70536.96
2026-03-06 10:50:00+00:00,70485.99
2026-03-06 10:51:00+00:00,70513.91
2026-03-06 10:52:00+00:00,70575.04
2026-03-06 10:53:00+00:00,70570.0
2026-03-06 10:54:00+00:00,70531.2
2026-03-06 10:55:00+00:00,70529.55
2026-03-06 10:56:00+00:00,70564.17
2026-03-06 10:57:00+00:00,70571.53
2026-03-06 10:58:00+00:00,70559.24
2026-03-06 10:59:00+00:00,70531.24
2026-03-06 11:00:00+00:00,70511.24
2026-03-06 11:01:00+00:00,70488.65
2026-03-06 11:02:00+00:00,70485.12
2026-03-06 11:03:00+00:00,70450.57
2026-03-06 11:04:00+00:00,70455.78
2026-03-06 11:05:00+00:00,70425.74
2026-03-06 11:06:00+00:00,70479.28
2026-03-06 11:07:00+00:00,70466.11
2026-03-06 11:08:00+00:00,70445.87
2026-03-06 11:09:00+00:00,70445.94
2026-03-06 11:10:00+00:00,70422.0
2026-03-06 11:11:00+00:00,70490.88
2026-03-06 11:12:00+00:00,70578.28
2026-03-06 11:13:00+00:00,70571.52
2026-03-06 11:14:00+00:00,70560.0
2026-03-06 11:15:00+00:00,70528.02
2026-03-06 11:16:00+00:00,70544.9
2026-03-06 11:17:00+00:00,70559.93
2026-03-06 11:18:00+00:00,70526.32
2026-03-06 11:19:00+00:00,70528.34
2026-03-06 11:20:00+00:00,70551.29
2026-03-06 11:21:00+00:00,70569.7
2026-03-06 11:22:00+00:00,70557.73
2026-03-06 11:23:00+00:00,70516.06
2026-03-06 11:24:00+00:00,70525.45
2026-03-06 11:25:00+00:00,70571.52
2026-03-06 11:26:00+00:00,70557.37
2026-03-06 11:27:00+00:00,70551.37
2026-03-06 11:28:00+00:00,70555.19
2026-03-06 11:29:00+00:00,70553.58
2026-03-06 11:30:00+00:00,70540.9
2026-03-06 11:31:00+00:00,70526.5
2026-03-06 11:32:00+00:00,70513.93
2026-03-06 11:33:00+00:00,70513.93
2026-03-06 11:34:00+00:00,70484.06
2026-03-06 11:35:00+00:00,70568.01
2026-03-06 11:36:00+00:00,70614.62
2026-03-06 11:37:00+00:00,70580.16
2026-03-06 11:38:00+00:00,70612.68
2026-03-06 11:39:00+00:00,70600.32
2026-03-06 11:40:00+00:00,70613.32
2026-03-06 11:41:00+00:00,70541.83
2026-03-06 11:42:00+00:00,70427.47
2026-03-06 11:43:00+00:00,70374.8
2026-03-06 11:44:00+00:00,70384.44
2026-03-06 11:45:00+00:00,70311.84
2026-03-06 11:46:00+00:00,70309.44
2026-03-06 11:47:00+00:00,70322.02
2026-03-06 11:48:00+00:00,70320.18
2026-03-06 11:49:00+00:00,70306.0
2026-03-06 11:50:00+00:00,70290.0
2026-03-06 11:51:00+00:00,70272.01
2026-03-06 11:52:00+00:00,70247.04
2026-03-06 11:53:00+00:00,70254.72
2026-03-06 11:54:00+00:00,70261.68
2026-03-06 11:55:00+00:00,70231.94
2026-03-06 11:56:00+00:00,70208.65
2026-03-06 11:57:00+00:00,70194.9
2026-03-06 11:58:00+00:00,70206.79
2026-03-06 11:59:00+00:00,70211.49
2026-03-06 12:00:00+00:00,70202.88
2026-03-06 12:01:00+00:00,70224.92
2026-03-06 12:02:00+00:00,70176.43
2026-03-06 12:03:00+00:00,70202.83
2026-03-06 12:04:00+00:00,70161.67
2026-03-06 12:05:00+00:00,70154.44
2026-03-06 12:06:00+00:00,70108.88
2026-03-06 12:07:00+00:00,69962.01
2026-03-06 12:08:00+00:00,69913.98
2026-03-06 12:09:00+00:00,69847.48
2026-03-06 12:10:00+00:00,69816.06
2026-03-06 12:11:00+00:00,69819.83
2026-03-06 12:12:00+00:00,69890.02
2026-03-06 12:13:00+00:00,69922.93
2026-03-06 12:14:00+00:00,69929.27
2026-03-06 12:15:00+00:00,69966.74
2026-03-06 12:16:00+00:00,70042.12
2026-03-06 12:17:00+00:00,70004.16
2026-03-06 12:18:00+00:00,70138.1
2026-03-06 12:19:00+00:00,70185.6
2026-03-06 12:20:00+00:00,70130.89
2026-03-06 12:21:00+00:00,70092.5
2026-03-06 12:22:00+00:00,70084.78
2026-03-06 12:23:00+00:00,70108.08
2026-03-06 12:24:00+00:00,70099.91
2026-03-06 12:25:00+00:00,70070.4
2026-03-06 12:26:00+00:00,70116.52
2026-03-06 12:27:00+00:00,70060.01
2026-03-06 12:28:00+00:00,70038.78
2026-03-06 12:29:00+00:00,70008.5
2026-03-06 12:30:00+00:00,70050.25
2026-03-06 12:31:00+00:00,69957.11
2026-03-06 12:32:00+00:00,69955.39
2026-03-06 12:33:00+00:00,69868.01
2026-03-06 12:34:00+00:00,69888.0
2026-03-06 12:35:00+00:00,69759.03
2026-03-06 12:36:00+00:00,69815.99
2026-03-06 12:37:00+00:00,69849.68
2026-03-06 12:38:00+00:00,69766.23
2026-03-06 12:39:00+00:00,69763.98
2026-03-06 12:40:00+00:00,69728.04
2026-03-06 12:41:00+00:00,69832.49
2026-03-06 12:42:00+00:00,69776.65
2026-03-06 12:43:00+00:00,69767.0
2026-03-06 12:44:00+00:00,69753.6
2026-03-06 12:45:00+00:00,69735.41
2026-03-06 12:46:00+00:00,69751.03
2026-03-06 12:47:00+00:00,69683.98
2026-03-06 12:48:00+00:00,69722.01
2026-03-06 12:49:00+00:00,69773.52
2026-03-06 12:50:00+00:00,69843.32
2026-03-06 12:51:00+00:00,69846.11
2026-03-06 12:52:00+00:00,69949.9
2026-03-06 12:53:00+00:00,69866.74
2026-03-06 12:54:00+00:00,69920.46
2026-03-06 12:55:00+00:00,70027.21
2026-03-06 12:56:00+00:00,70051.37
2026-03-06 12:57:00+00:00,70007.02
2026-03-06 12:58:00+00:00,69997.85
2026-03-06 12:59:00+00:00,69935.93
2026-03-06 13:00:00+00:00,69988.82
2026-03-06 13:01:00+00:00,69988.09
2026-03-06 13:02:00+00:00,69938.66
2026-03-06 13:03:00+00:00,69912.42
2026-03-06 13:04:00+00:00,69938.85
2026-03-06 13:05:00+00:00,69948.92
2026-03-06 13:06:00+00:00,70016.54
2026-03-06 13:07:00+00:00,70026.09
2026-03-06 13:08:00+00:00,69931.7
2026-03-06 13:09:00+00:00,69981.66
2026-03-06 13:10:00+00:00,69999.94
2026-03-06 13:11:00+00:00,70014.52
2026-03-06 13:12:00+00:00,70018.5
2026-03-06 13:13:00+00:00,70031.65
2026-03-06 13:14:00+00:00,70000.94
2026-03-06 13:15:00+00:00,70002.7
2026-03-06 13:16:00+00:00,70029.99
2026-03-06 13:17:00+00:00,69979.9
2026-03-06 13:18:00+00:00,70004.02
2026-03-06 13:19:00+00:00,70026.05
2026-03-06 13:20:00+00:00,69898.02
2026-03-06 13:21:00+00:00,69924.02
2026-03-06 13:22:00+00:00,69966.8
2026-03-06 13:23:00+00:00,69963.25
2026-03-06 13:24:00+00:00,70039.53
2026-03-06 13:25:00+00:00,70090.5
2026-03-06 13:26:00+00:00,70086.83
2026-03-06 13:27:00+00:00,70127.03
2026-03-06 13:28:00+00:00,70107.35
2026-03-06 13:29:00+00:00,70060.0
2026-03-06 13:30:00+00:00,69934.0
2026-03-06 13:31:00+00:00,69973.78
2026-03-06 13:32:00+00:00,70028.34
2026-03-06 13:33:00+00:00,70039.33
2026-03-06 13:34:00+00:00,70185.17
2026-03-06 13:35:00+00:00,70271.14
2026-03-06 13:36:00+00:00,70192.01
2026-03-06 13:37:00+00:00,70166.29
2026-03-06 13:38:00+00:00,70115.85
2026-03-06 13:39:00+00:00,70093.45
2026-03-06 13:40:00+00:00,69954.32
2026-03-06 13:41:00+00:00,69952.75
2026-03-06 13:42:00+00:00,69968.54
2026-03-06 13:43:00+00:00,70104.06
2026-03-06 13:44:00+00:00,70090.05
2026-03-06 13:45:00+00:00,69873.84
2026-03-06 13:46:00+00:00,69865.6
2026-03-06 13:47:00+00:00,69884.56
2026-03-06 13:48:00+00:00,69930.0
2026-03-06 13:49:00+00:00,69971.89
2026-03-06 13:50:00+00:00,69883.7
2026-03-06 13:51:00+00:00,69850.72
2026-03-06 13:52:00+00:00,69915.92
2026-03-06 13:53:00+00:00,69919.93
2026-03-06 13:54:00+00:00,69974.66
2026-03-06 13:55:00+00:00,69455.01
2026-03-06 13:56:00+00:00,69436.92
2026-03-06 13:57:00+00:00,69317.98
2026-03-06 13:58:00+00:00,69367.04
2026-03-06 13:59:00+00:00,69226.86
2026-03-06 14:00:00+00:00,68917.21
2026-03-06 14:01:00+00:00,69069.05
2026-03-06 14:02:00+00:00,69156.33
2026-03-06 14:03:00+00:00,69224.0
2026-03-06 14:04:00+00:00,69180.0
2026-03-06 14:05:00+00:00,69043.0
2026-03-06 14:06:00+00:00,69057.01
2026-03-06 14:07:00+00:00,69032.24
2026-03-06 14:08:00+00:00,68923.36
2026-03-06 14:09:00+00:00,68660.98
2026-03-06 14:10:00+00:00,68761.4
2026-03-06 14:11:00+00:00,68779.98
2026-03-06 14:12:00+00:00,68699.19
2026-03-06 14:13:00+00:00,68713.67
2026-03-06 14:14:00+00:00,68821.99
2026-03-06 14:15:00+00:00,68822.8
2026-03-06 14:16:00+00:00,68769.37
2026-03-06 14:17:00+00:00,68890.22
2026-03-06 14:18:00+00:00,68974.03
2026-03-06 14:19:00+00:00,68990.13
2026-03-06 14:20:00+00:00,68961.98
2026-03-06 14:21:00+00:00,68971.22
2026-03-06 14:22:00+00:00,69000.0
2026-03-06 14:23:00+00:00,68977.0
2026-03-06 14:24:00+00:00,68994.81
2026-03-06 14:25:00+00:00,68955.41
2026-03-06 14:26:00+00:00,69042.76
2026-03-06 14:27:00+00:00,68994.89
2026-03-06 14:28:00+00:00,69071.64
2026-03-06 14:29:00+00:00,68992.79
2026-03-06 14:30:00+00:00,68990.14
2026-03-06 14:31:00+00:00,68834.33
2026-03-06 14:32:00+00:00,68851.43
2026-03-06 14:33:00+00:00,68867.72
2026-03-06 14:34:00+00:00,68848.15
2026-03-06 14:35:00+00:00,68669.91
2026-03-06 14:36:00+00:00,68513.28
2026-03-06 14:37:00+00:00,68402.01
2026-03-06 14:38:00+00:00,68632.01
2026-03-06 14:39:00+00:00,68637.22
2026-03-06 14:40:00+00:00,68653.52
2026-03-06 14:41:00+00:00,68778.01
2026-03-06 14:42:00+00:00,68646.0
2026-03-06 14:43:00+00:00,68662.52
2026-03-06 14:44:00+00:00,68740.13
2026-03-06 14:45:00+00:00,68730.98
2026-03-06 14:46:00+00:00,68605.27
2026-03-06 14:47:00+00:00,68422.0
2026-03-06 14:48:00+00:00,68508.46
2026-03-06 14:49:00+00:00,68405.96
2026-03-06 14:50:00+00:00,68432.04
2026-03-06 14:51:00+00:00,68412.91
2026-03-06 14:52:00+00:00,68386.91
2026-03-06 14:53:00+00:00,68401.16
2026-03-06 14:54:00+00:00,68341.59
2026-03-06 14:55:00+00:00,68393.84
2026-03-06 14:56:00+00:00,68431.21
2026-03-06 14:57:00+00:00,68290.6
2026-03-06 14:58:00+00:00,68286.39
2026-03-06 14:59:00+00:00,68397.59
2026-03-06 15:00:00+00:00,68423.66
2026-03-06 15:01:00+00:00,68390.27
2026-03-06 15:02:00+00:00,68540.02
2026-03-06 15:03:00+00:00,68572.0
2026-03-06 15:04:00+00:00,68590.12
2026-03-06 15:05:00+00:00,68614.01
2026-03-06 15:06:00+00:00,68573.4
2026-03-06 15:07:00+00:00,68458.9
2026-03-06 15:08:00+00:00,68494.99
2026-03-06 15:09:00+00:00,68319.51
2026-03-06 15:10:00+00:00,68378.54
2026-03-06 15:11:00+00:00,68455.24
2026-03-06 15:12:00+00:00,68537.01
2026-03-06 15:13:00+00:00,68619.25
2026-03-06 15:14:00+00:00,68621.96
2026-03-06 15:15:00+00:00,68656.56
2026-03-06 15:16:00+00:00,68591.93
2026-03-06 15:17:00+00:00,68753.46
2026-03-06 15:18:00+00:00,68774.5
2026-03-06 15:19:00+00:00,68787.18
2026-03-06 15:20:00+00:00,68733.72
2026-03-06 15:21:00+00:00,68862.01
2026-03-06 15:22:00+00:00,68879.96
2026-03-06 15:23:00+00:00,68913.04
2026-03-06 15:24:00+00:00,68963.87
2026-03-06 15:25:00+00:00,68926.9
2026-03-06 15:26:00+00:00,68862.02
2026-03-06 15:27:00+00:00,68884.95
2026-03-06 15:28:00+00:00,68839.86
2026-03-06 15:29:00+00:00,68885.34
2026-03-06 15:30:00+00:00,68897.99
2026-03-06 15:31:00+00:00,68999.9
2026-03-06 15:32:00+00:00,68966.51
2026-03-06 15:33:00+00:00,68874.44
2026-03-06 15:34:00+00:00,68852.37
2026-03-06 15:35:00+00:00,68914.08
2026-03-06 15:36:00+00:00,68932.28
2026-03-06 15:37:00+00:00,69046.97
2026-03-06 15:38:00+00:00,69027.15
2026-03-06 15:39:00+00:00,68940.94
2026-03-06 15:40:00+00:00,68883.96
2026-03-06 15:41:00+00:00,68848.0
2026-03-06 15:42:00+00:00,68815.75
2026-03-06 15:43:00+00:00,68701.4
2026-03-06 15:44:00+00:00,68750.83
2026-03-06 15:45:00+00:00,68645.19
2026-03-06 15:46:00+00:00,68624.59
2026-03-06 15:47:00+00:00,68664.38
2026-03-06 15:48:00+00:00,68629.65
2026-03-06 15:49:00+00:00,68600.54
2026-03-06 15:50:00+00:00,68451.81
2026-03-06 15:51:00+00:00,68315.5
2026-03-06 15:52:00+00:00,68351.69
2026-03-06 15:53:00+00:00,68346.9
2026-03-06 15:54:00+00:00,68417.71
2026-03-06 15:55:00+00:00,68520.24
2026-03-06 15:56:00+00:00,68583.17
2026-03-06 15:57:00+00:00,68517.44
2026-03-06 15:58:00+00:00,68543.06
2026-03-06 15:59:00+00:00,68499.99
2026-03-06 16:00:00+00:00,68567.96
2026-03-06 16:01:00+00:00,68541.99
2026-03-06 16:02:00+00:00,68536.0
2026-03-06 16:03:00+00:00,68701.3
2026-03-06 16:04:00+00:00,68785.02
2026-03-06 16:05:00+00:00,68679.82
2026-03-06 16:06:00+00:00,68613.74
2026-03-06 16:07:00+00:00,68625.61
2026-03-06 16:08:00+00:00,68537.8
2026-03-06 16:09:00+00:00,68382.64
2026-03-06 16:10:00+00:00,68329.99
2026-03-06 16:11:00+00:00,68327.0
2026-03-06 16:12:00+00:00,68360.46
2026-03-06 16:13:00+00:00,68403.71
2026-03-06 16:14:00+00:00,68340.54
2026-03-06 16:15:00+00:00,68344.71
2026-03-06 16:16:00+00:00,68285.99
2026-03-06 16:17:00+00:00,68251.16
2026-03-06 16:18:00+00:00,68248.01
2026-03-06 16:19:00+00:00,68369.17
2026-03-06 16:20:00+00:00,68350.0
2026-03-06 16:21:00+00:00,68334.06
2026-03-06 16:22:00+00:00,68319.52
2026-03-06 16:23:00+00:00,68295.38
2026-03-06 16:24:00+00:00,68399.9
2026-03-06 16:25:00+00:00,68427.3
2026-03-06 16:26:00+00:00,68455.34
2026-03-06 16:27:00+00:00,68526.48
2026-03-06 16:28:00+00:00,68553.08
2026-03-06 16:29:00+00:00,68540.01
2026-03-06 16:30:00+00:00,68464.15
2026-03-06 16:31:00+00:00,68540.39
2026-03-06 16:32:00+00:00,68581.03
2026-03-06 16:33:00+00:00,68488.42
2026-03-06 16:34:00+00:00,68410.45
2026-03-06 16:35:00+00:00,68437.98
2026-03-06 16:36:00+00:00,68518.0
2026-03-06 16:37:00+00:00,68575.7
2026-03-06 16:38:00+00:00,68631.1
2026-03-06 16:39:00+00:00,68666.47
2026-03-06 16:40:00+00:00,68624.59
2026-03-06 16:41:00+00:00,68583.95
2026-03-06 16:42:00+00:00,68545.32
2026-03-06 16:43:00+00:00,68595.15
2026-03-06 16:44:00+00:00,68594.17
2026-03-06 16:45:00+00:00,68609.46
2026-03-06 16:46:00+00:00,68672.91
2026-03-06 16:47:00+00:00,68561.7
2026-03-06 16:48:00+00:00,68572.41
2026-03-06 16:49:00+00:00,68593.02
2026-03-06 16:50:00+00:00,68604.96
2026-03-06 16:51:00+00:00,68656.84
2026-03-06 16:52:00+00:00,68629.86
2026-03-06 16:53:00+00:00,68595.66
2026-03-06 16:54:00+00:00,68361.68
2026-03-06 16:55:00+00:00,68459.19
2026-03-06 16:56:00+00:00,68372.61
2026-03-06 16:57:00+00:00,68451.0
2026-03-06 16:58:00+00:00,68459.17
2026-03-06 16:59:00+00:00,68443.78
2026-03-06 17:00:00+00:00,68467.55
2026-03-06 17:01:00+00:00,68484.9
2026-03-06 17:02:00+00:00,68440.26
2026-03-06 17:03:00+00:00,68539.0
2026-03-06 17:04:00+00:00,68579.89
2026-03-06 17:05:00+00:00,68543.1
2026-03-06 17:06:00+00:00,68514.91
2026-03-06 17:07:00+00:00,68485.21
2026-03-06 17:08:00+00:00,68503.62
2026-03-06 17:09:00+00:00,68547.99
2026-03-06 17:10:00+00:00,68529.93
2026-03-06 17:11:00+00:00,68534.4
2026-03-06 17:12:00+00:00,68470.08
2026-03-06 17:13:00+00:00,68479.94
2026-03-06 17:14:00+00:00,68399.88
2026-03-06 17:15:00+00:00,68359.85
2026-03-06 17:16:00+00:00,68360.01
2026-03-06 17:17:00+00:00,68414.19
2026-03-06 17:18:00+00:00,68369.48
2026-03-06 17:19:00+00:00,68461.53
2026-03-06 17:20:00+00:00,68456.27
2026-03-06 17:21:00+00:00,68407.98
2026-03-06 17:22:00+00:00,68519.02
2026-03-06 17:23:00+00:00,68442.74
2026-03-06 17:24:00+00:00,68384.38
2026-03-06 17:25:00+00:00,68232.71
2026-03-06 17:26:00+00:00,68230.97
2026-03-06 17:27:00+00:00,68274.93
2026-03-06 17:28:00+00:00,68248.82
2026-03-06 17:29:00+00:00,68242.04
2026-03-06 17:30:00+00:00,68285.57
2026-03-06 17:31:00+00:00,68234.94
2026-03-06 17:32:00+00:00,68242.29
2026-03-06 17:33:00+00:00,68216.72
2026-03-06 17:34:00+00:00,68145.93
2026-03-06 17:35:00+00:00,68079.66
2026-03-06 17:36:00+00:00,67933.0
2026-03-06 17:37:00+00:00,67925.0
2026-03-06 17:38:00+00:00,67859.26
2026-03-06 17:39:00+00:00,67840.02
2026-03-06 17:40:00+00:00,67746.35
2026-03-06 17:41:00+00:00,67766.58
2026-03-06 17:42:00+00:00,67743.78
2026-03-06 17:43:00+00:00,67777.93
2026-03-06 17:44:00+00:00,67822.04
2026-03-06 17:45:00+00:00,67863.91
2026-03-06 17:46:00+00:00,67914.32
2026-03-06 17:47:00+00:00,67916.57
2026-03-06 17:48:00+00:00,67961.83
2026-03-06 17:49:00+00:00,67971.01
2026-03-06 17:50:00+00:00,68024.96
2026-03-06 17:51:00+00:00,67948.66
2026-03-06 17:52:00+00:00,67924.02
2026-03-06 17:53:00+00:00,67920.61
2026-03-06 17:54:00+00:00,67925.02
2026-03-06 17:55:00+00:00,67952.4
2026-03-06 17:56:00+00:00,68006.0
2026-03-06 17:57:00+00:00,68003.83
2026-03-06 17:58:00+00:00,67980.75
2026-03-06 17:59:00+00:00,67948.83
2026-03-06 18:00:00+00:00,68023.54
2026-03-06 18:01:00+00:00,68182.01
2026-03-06 18:02:00+00:00,68162.84
2026-03-06 18:03:00+00:00,68124.9
2026-03-06 18:04:00+00:00,68105.6
2026-03-06 18:05:00+00:00,68204.04
2026-03-06 18:06:00+00:00,68135.42
2026-03-06 18:07:00+00:00,68190.03
2026-03-06 18:08:00+00:00,68216.22
2026-03-06 18:09:00+00:00,68211.69
2026-03-06 18:10:00+00:00,68166.98
2026-03-06 18:11:00+00:00,68244.87
2026-03-06 18:12:00+00:00,68250.37
2026-03-06 18:13:00+00:00,68351.21
2026-03-06 18:14:00+00:00,68323.54
2026-03-06 18:15:00+00:00,68347.23
2026-03-06 18:16:00+00:00,68298.0
2026-03-06 18:17:00+00:00,68327.4
2026-03-06 18:18:00+00:00,68383.69
2026-03-06 18:19:00+00:00,68366.87
2026-03-06 18:20:00+00:00,68354.57
2026-03-06 18:21:00+00:00,68358.53
2026-03-06 18:22:00+00:00,68293.06
2026-03-06 18:23:00+00:00,68363.72
2026-03-06 18:24:00+00:00,68380.01
2026-03-06 18:25:00+00:00,68395.98
2026-03-06 18:26:00+00:00,68363.2
2026-03-06 18:27:00+00:00,68308.93
2026-03-06 18:28:00+00:00,68297.39
2026-03-06 18:29:00+00:00,68280.45
2026-03-06 18:30:00+00:00,68330.95
2026-03-06 18:31:00+00:00,68443.07
2026-03-06 18:32:00+00:00,68419.29
2026-03-06 18:33:00+00:00,68407.18
2026-03-06 18:34:00+00:00,68429.97
2026-03-06 18:35:00+00:00,68390.46
2026-03-06 18:36:00+00:00,68342.0
2026-03-06 18:37:00+00:00,68353.7
2026-03-06 18:38:00+00:00,68351.0
2026-03-06 18:39:00+00:00,68402.91
2026-03-06 18:40:00+00:00,68402.4
2026-03-06 18:41:00+00:00,68419.65
2026-03-06 18:42:00+00:00,68414.25
2026-03-06 18:43:00+00:00,68436.0
2026-03-06 18:44:00+00:00,68437.75
2026-03-06 18:45:00+00:00,68430.62
2026-03-06 18:46:00+00:00,68403.96
2026-03-06 18:47:00+00:00,68372.12
2026-03-06 18:48:00+00:00,68358.96
2026-03-06 18:49:00+00:00,68394.94
2026-03-06 18:50:00+00:00,68305.13
2026-03-06 18:51:00+00:00,68191.6
2026-03-06 18:52:00+00:00,68248.79
2026-03-06 18:53:00+00:00,68289.02
2026-03-06 18:54:00+00:00,68228.63
2026-03-06 18:55:00+00:00,68256.39
2026-03-06 18:56:00+00:00,68253.26
2026-03-06 18:57:00+00:00,68217.99
2026-03-06 18:58:00+00:00,68174.82
2026-03-06 18:59:00+00:00,68164.94
2026-03-06 19:00:00+00:00,68261.62
2026-03-06 19:01:00+00:00,68272.0
2026-03-06 19:02:00+00:00,68282.21
2026-03-06 19:03:00+00:00,68285.32
2026-03-06 19:04:00+00:00,68256.49
2026-03-06 19:05:00+00:00,68264.94
2026-03-06 19:06:00+00:00,68246.0
2026-03-06 19:07:00+00:00,68295.7
2026-03-06 19:08:00+00:00,68258.13
2026-03-06 19:09:00+00:00,68261.66
2026-03-06 19:10:00+00:00,68287.95
2026-03-06 19:11:00+00:00,68311.01
2026-03-06 19:12:00+00:00,68309.32
2026-03-06 19:13:00+00:00,68398.66
2026-03-06 19:14:00+00:00,68428.07
2026-03-06 19:15:00+00:00,68419.96
2026-03-06 19:16:00+00:00,68428.0
2026-03-06 19:17:00+00:00,68383.66
2026-03-06 19:18:00+00:00,68343.16
2026-03-06 19:19:00+00:00,68461.23
2026-03-06 19:20:00+00:00,68393.24
2026-03-06 19:21:00+00:00,68287.02
2026-03-06 19:22:00+00:00,68233.45
2026-03-06 19:23:00+00:00,68302.77
2026-03-06 19:24:00+00:00,68209.06
2026-03-06 19:25:00+00:00,68153.54
2026-03-06 19:26:00+00:00,68176.63
2026-03-06 19:27:00+00:00,68176.68
2026-03-06 19:28:00+00:00,68161.26
2026-03-06 19:29:00+00:00,68208.95
2026-03-06 19:30:00+00:00,68195.64
2026-03-06 19:31:00+00:00,68216.94
2026-03-06 19:32:00+00:00,68218.02
2026-03-06 19:33:00+00:00,68225.03
2026-03-06 19:34:00+00:00,68190.0
2026-03-06 19:35:00+00:00,68252.83
2026-03-06 19:36:00+00:00,68249.29
2026-03-06 19:37:00+00:00,68201.17
2026-03-06 19:38:00+00:00,68190.0
2026-03-06 19:39:00+00:00,68160.08
2026-03-06 19:40:00+00:00,68265.03
2026-03-06 19:41:00+00:00,68306.59
2026-03-06 19:42:00+00:00,68237.17
2026-03-06 19:43:00+00:00,68219.51
2026-03-06 19:44:00+00:00,68136.05
2026-03-06 19:45:00+00:00,68145.93
2026-03-06 19:46:00+00:00,68129.11
2026-03-06 19:47:00+00:00,68061.4
2026-03-06 19:48:00+00:00,68075.12
2026-03-06 19:49:00+00:00,68077.57
2026-03-06 19:50:00+00:00,68088.06
2026-03-06 19:51:00+00:00,68034.81
2026-03-06 19:52:00+00:00,68040.89
2026-03-06 19:53:00+00:00,68009.24
2026-03-06 19:54:00+00:00,68046.02
2026-03-06 19:55:00+00:00,68093.08
2026-03-06 19:56:00+00:00,68139.59
2026-03-06 19:57:00+00:00,68114.36
2026-03-06 19:58:00+00:00,68137.92
2026-03-06 19:59:00+00:00,68114.5
2026-03-06 20:00:00+00:00,68149.3
2026-03-06 20:01:00+00:00,68243.53
2026-03-06 20:02:00+00:00,68222.2
2026-03-06 20:03:00+00:00,68229.55
2026-03-06 20:04:00+00:00,68189.51
2026-03-06 20:05:00+00:00,68177.73
2026-03-06 20:06:00+00:00,68180.13
2026-03-06 20:07:00+00:00,68189.59
2026-03-06 20:08:00+00:00,68159.08
2026-03-06 20:09:00+00:00,68167.67
2026-03-06 20:10:00+00:00,68121.71
2026-03-06 20:11:00+00:00,68009.31
2026-03-06 20:12:00+00:00,67989.36
2026-03-06 20:13:00+00:00,68015.96
2026-03-06 20:14:00+00:00,68002.0
2026-03-06 20:15:00+00:00,68012.89
2026-03-06 20:16:00+00:00,68071.52
2026-03-06 20:17:00+00:00,68072.55
2026-03-06 20:18:00+00:00,68088.07
2026-03-06 20:19:00+00:00,68048.87
2026-03-06 20:20:00+00:00,68059.84
2026-03-06 20:21:00+00:00,68050.87
2026-03-06 20:22:00+00:00,68037.73
2026-03-06 20:23:00+00:00,68035.75
2026-03-06 20:24:00+00:00,68014.59
2026-03-06 20:25:00+00:00,67954.23
2026-03-06 20:26:00+00:00,67791.9
2026-03-06 20:27:00+00:00,67769.04
2026-03-06 20:28:00+00:00,67828.92
2026-03-06 20:29:00+00:00,67816.37
2026-03-06 20:30:00+00:00,67896.0
2026-03-06 20:31:00+00:00,67868.01
2026-03-06 20:32:00+00:00,67872.51
2026-03-06 20:33:00+00:00,67836.42
2026-03-06 20:34:00+00:00,67793.52
2026-03-06 20:35:00+00:00,67830.4
2026-03-06 20:36:00+00:00,67817.13
2026-03-06 20:37:00+00:00,67843.48
2026-03-06 20:38:00+00:00,67811.02
2026-03-06 20:39:00+00:00,67880.54
2026-03-06 20:40:00+00:00,68037.84
2026-03-06 20:41:00+00:00,67974.98
2026-03-06 20:42:00+00:00,67982.01
2026-03-06 20:43:00+00:00,67987.09
2026-03-06 20:44:00+00:00,67977.33
2026-03-06 20:45:00+00:00,68017.07
2026-03-06 20:46:00+00:00,68066.06
2026-03-06 20:47:00+00:00,68042.66
2026-03-06 20:48:00+00:00,68027.66
2026-03-06 20:49:00+00:00,68085.99
2026-03-06 20:50:00+00:00,68095.97
2026-03-06 20:51:00+00:00,68098.6
2026-03-06 20:52:00+00:00,68084.0
2026-03-06 20:53:00+00:00,68049.0
2026-03-06 20:54:00+00:00,68103.85
2026-03-06 20:55:00+00:00,68080.18
2026-03-06 20:56:00+00:00,68085.23
2026-03-06 20:57:00+00:00,68142.29
2026-03-06 20:58:00+00:00,68139.16
2026-03-06 20:59:00+00:00,68102.86
2026-03-06 21:00:00+00:00,68127.52
2026-03-06 21:01:00+00:00,68114.37
2026-03-06 21:02:00+00:00,68117.01
2026-03-06 21:03:00+00:00,68115.99
2026-03-06 21:04:00+00:00,68145.94
2026-03-06 21:05:00+00:00,68142.0
2026-03-06 21:06:00+00:00,68150.01
2026-03-06 21:07:00+00:00,68173.05
2026-03-06 21:08:00+00:00,68149.3
2026-03-06 21:09:00+00:00,68148.57
2026-03-06 21:10:00+00:00,68140.29
2026-03-06 21:11:00+00:00,68132.78
2026-03-06 21:12:00+00:00,68138.04
2026-03-06 21:13:00+00:00,68129.55
2026-03-06 21:14:00+00:00,68144.3
2026-03-06 21:15:00+00:00,68137.56
2026-03-06 21:16:00+00:00,68138.98
2026-03-06 21:17:00+00:00,68126.2
2026-03-06 21:18:00+00:00,68125.61
2026-03-06 21:19:00+00:00,68135.36
2026-03-06 21:20:00+00:00,68114.6
2026-03-06 21:21:00+00:00,68116.01
2026-03-06 21:22:00+00:00,68084.41
2026-03-06 21:23:00+00:00,68072.22
2026-03-06 21:24:00+00:00,67979.99
2026-03-06 21:25:00+00:00,67951.31
2026-03-06 21:26:00+00:00,67944.0
2026-03-06 21:27:00+00:00,68006.65
2026-03-06 21:28:00+00:00,68019.97
2026-03-06 21:29:00+00:00,68010.94
2026-03-06 21:30:00+00:00,68024.92
2026-03-06 21:31:00+00:00,68060.19
2026-03-06 21:32:00+00:00,68064.26
2026-03-06 21:33:00+00:00,68080.42
2026-03-06 21:34:00+00:00,68008.0
2026-03-06 21:35:00+00:00,68081.99
2026-03-06 21:36:00+00:00,68082.81
2026-03-06 21:37:00+00:00,68116.67
2026-03-06 21:38:00+00:00,68117.01
2026-03-06 21:39:00+00:00,68143.3
2026-03-06 21:40:00+00:00,68164.34
2026-03-06 21:41:00+00:00,68182.76
2026-03-06 21:42:00+00:00,68180.12
2026-03-06 21:43:00+00:00,68220.3
2026-03-06 21:44:00+00:00,68237.99
2026-03-06 21:45:00+00:00,68238.0
2026-03-06 21:46:00+00:00,68263.97
2026-03-06 21:47:00+00:00,68236.17
2026-03-06 21:48:00+00:00,68269.98
2026-03-06 21:49:00+00:00,68273.17
2026-03-06 21:50:00+00:00,68303.74
2026-03-06 21:51:00+00:00,68312.57
2026-03-06 21:52:00+00:00,68324.77
2026-03-06 21:53:00+00:00,68307.73
2026-03-06 21:54:00+00:00,68241.82
2026-03-06 21:55:00+00:00,68194.03
2026-03-06 21:56:00+00:00,68269.54
2026-03-06 21:57:00+00:00,68285.32
2026-03-06 21:58:00+00:00,68291.02
2026-03-06 21:59:00+00:00,68284.83
2026-03-06 22:00:00+00:00,68302.38
2026-03-06 22:01:00+00:00,68322.15
2026-03-06 22:02:00+00:00,68292.1
2026-03-06 22:03:00+00:00,68329.44
2026-03-06 22:04:00+00:00,68340.55
2026-03-06 22:05:00+00:00,68301.99
2026-03-06 22:06:00+00:00,68325.23
2026-03-06 22:07:00+00:00,68314.25
2026-03-06 22:08:00+00:00,68343.17
2026-03-06 22:09:00+00:00,68316.88
2026-03-06 22:10:00+00:00,68266.92
2026-03-06 22:11:00+00:00,68273.6
2026-03-06 22:12:00+00:00,68286.02
2026-03-06 22:13:00+00:00,68297.86
2026-03-06 22:14:00+00:00,68287.96
2026-03-06 22:15:00+00:00,68280.85
2026-03-06 22:16:00+00:00,68278.0
2026-03-06 22:17:00+00:00,68266.79
2026-03-06 22:18:00+00:00,68315.99
2026-03-06 22:19:00+00:00,68338.62
2026-03-06 22:20:00+00:00,68345.87
2026-03-06 22:21:00+00:00,68341.48
2026-03-06 22:22:00+00:00,68327.41
2026-03-06 22:23:00+00:00,68332.66
2026-03-06 22:24:00+00:00,68308.05
2026-03-06 22:25:00+00:00,68308.72
2026-03-06 22:26:00+00:00,68311.62
2026-03-06 22:27:00+00:00,68288.24
2026-03-06 22:28:00+00:00,68290.0
2026-03-06 22:29:00+00:00,68290.47
2026-03-06 22:30:00+00:00,68274.8
2026-03-06 22:31:00+00:00,68261.4
2026-03-06 22:32:00+00:00,68231.11
2026-03-06 22:33:00+00:00,68236.86
2026-03-06 22:34:00+00:00,68274.8
2026-03-06 22:35:00+00:00,68268.81
2026-03-06 22:36:00+00:00,68231.0
2026-03-06 22:37:00+00:00,68261.6
2026-03-06 22:38:00+00:00,68265.94
2026-03-06 22:39:00+00:00,68310.37
2026-03-06 22:40:00+00:00,68310.5
2026-03-06 22:41:00+00:00,68340.55
2026-03-06 22:42:00+00:00,68366.66
2026-03-06 22:43:00+00:00,68367.48
2026-03-06 22:44:00+00:00,68371.31
2026-03-06 22:45:00+00:00,68382.69
2026-03-06 22:46:00+00:00,68393.16
2026-03-06 22:47:00+00:00,68408.93
2026-03-06 22:48:00+00:00,68423.53
2026-03-06 22:49:00+00:00,68421.2
2026-03-06 22:50:00+00:00,68388.36
2026-03-06 22:51:00+00:00,68374.11
2026-03-06 22:52:00+00:00,68393.17
2026-03-06 22:53:00+00:00,68429.23
2026-03-06 22:54:00+00:00,68430.89
2026-03-06 22:55:00+00:00,68400.5
2026-03-06 22:56:00+00:00,68420.24
2026-03-06 22:57:00+00:00,68437.84
2026-03-06 22:58:00+00:00,68421.51
2026-03-06 22:59:00+00:00,68317.08
2026-03-06 23:00:00+00:00,68248.03
2026-03-06 23:01:00+00:00,68277.44
2026-03-06 23:02:00+00:00,68303.72
2026-03-06 23:03:00+00:00,68297.06
2026-03-06 23:04:00+00:00,68331.77
2026-03-06 23:05:00+00:00,68319.52
2026-03-06 23:06:00+00:00,68298.47
2026-03-06 23:07:00+00:00,68293.34
2026-03-06 23:08:00+00:00,68274.81
2026-03-06 23:09:00+00:00,68328.0
2026-03-06 23:10:00+00:00,68271.16
2026-03-06 23:11:00+00:00,68278.98
2026-03-06 23:12:00+00:00,68286.14
2026-03-06 23:13:00+00:00,68296.88
2026-03-06 23:14:00+00:00,68324.79
2026-03-06 23:15:00+00:00,68321.47
2026-03-06 23:16:00+00:00,68308.99
2026-03-06 23:17:00+00:00,68320.83
2026-03-06 23:18:00+00:00,68344.99
2026-03-06 23:19:00+00:00,68351.07
2026-03-06 23:20:00+00:00,68363.68
2026-03-06 23:21:00+00:00,68337.93
2026-03-06 23:22:00+00:00,68349.77
2026-03-06 23:23:00+00:00,68343.18
2026-03-06 23:24:00+00:00,68333.25
2026-03-06 23:25:00+00:00,68335.29
2026-03-06 23:26:00+00:00,68322.71
2026-03-06 23:27:00+00:00,68330.25
2026-03-06 23:28:00+00:00,68316.68
2026-03-06 23:29:00+00:00,68345.8
2026-03-06 23:30:00+00:00,68308.9
2026-03-06 23:31:00+00:00,68318.65
2026-03-06 23:32:00+00:00,68322.97
2026-03-06 23:33:00+00:00,68311.79
2026-03-06 23:34:00+00:00,68338.03
2026-03-06 23:35:00+00:00,68282.71
2026-03-06 23:36:00+00:00,68237.99
2026-03-06 23:37:00+00:00,68228.06
2026-03-06 23:38:00+00:00,68232.45
2026-03-06 23:39:00+00:00,68227.99
2026-03-06 23:40:00+00:00,68220.0
2026-03-06 23:41:00+00:00,68207.97
2026-03-06 23:42:00+00:00,68177.5
2026-03-06 23:43:00+00:00,68181.99
2026-03-06 23:44:00+00:00,68234.59
2026-03-06 23:45:00+00:00,68220.53
2026-03-06 23:46:00+00:00,68230.01
2026-03-06 23:47:00+00:00,68214.32
2026-03-06 23:48:00+00:00,68224.48
2026-03-06 23:49:00+00:00,68210.42
2026-03-06 23:50:00+00:00,68219.57
2026-03-06 23:51:00+00:00,68174.87
2026-03-06 23:52:00+00:00,68147.01
2026-03-06 23:53:00+00:00,68144.8
2026-03-06 23:54:00+00:00,68127.51
2026-03-06 23:55:00+00:00,68110.01
2026-03-06 23:56:00+00:00,68106.47
2026-03-06 23:57:00+00:00,68121.55
2026-03-06 23:58:00+00:00,68127.53
2026-03-06 23:59:00+00:00,68108.24
2026-03-07 00:00:00+00:00,68140.02
2026-03-07 00:01:00+00:00,68126.02
2026-03-07 00:02:00+00:00,68150.34
2026-03-07 00:03:00+00:00,68161.71
2026-03-07 00:04:00+00:00,68119.99
2026-03-07 00:05:00+00:00,68165.9
2026-03-07 00:06:00+00:00,68217.36
2026-03-07 00:07:00+00:00,68222.28
2026-03-07 00:08:00+00:00,68230.0
2026-03-07 00:09:00+00:00,68217.7
2026-03-07 00:10:00+00:00,68251.12
2026-03-07 00:11:00+00:00,68230.05
2026-03-07 00:12:00+00:00,68221.94
2026-03-07 00:13:00+00:00,68226.42
2026-03-07 00:14:00+00:00,68211.67
2026-03-07 00:15:00+00:00,68219.51
2026-03-07 00:16:00+00:00,68220.19
2026-03-07 00:17:00+00:00,68214.31
2026-03-07 00:18:00+00:00,68227.47
2026-03-07 00:19:00+00:00,68230.7
2026-03-07 00:20:00+00:00,68187.95
2026-03-07 00:21:00+00:00,68122.26
2026-03-07 00:22:00+00:00,68165.61
2026-03-07 00:23:00+00:00,68177.48
2026-03-07 00:24:00+00:00,68216.01
2026-03-07 00:25:00+00:00,68230.08
2026-03-07 00:26:00+00:00,68229.43
2026-03-07 00:27:00+00:00,68228.56
2026-03-07 00:28:00+00:00,68253.87
2026-03-07 00:29:00+00:00,68209.06
2026-03-07 00:30:00+00:00,68221.72
2026-03-07 00:31:00+00:00,68275.64
2026-03-07 00:32:00+00:00,68327.4
2026-03-07 00:33:00+00:00,68376.93
2026-03-07 00:34:00+00:00,68301.12
2026-03-07 00:35:00+00:00,68294.3
2026-03-07 00:36:00+00:00,68276.75
2026-03-07 00:37:00+00:00,68255.07
2026-03-07 00:38:00+00:00,68287.95
2026-03-07 00:39:00+00:00,68285.99
2026-03-07 00:40:00+00:00,68303.69
2026-03-07 00:41:00+00:00,68330.0
2026-03-07 00:42:00+00:00,68315.01
2026-03-07 00:43:00+00:00,68311.73
2026-03-07 00:44:00+00:00,68287.99
2026-03-07 00:45:00+00:00,68288.0
2026-03-07 00:46:00+00:00,68311.62
2026-03-07 00:47:00+00:00,68321.85
2026-03-07 00:48:00+00:00,68311.63
2026-03-07 00:49:00+00:00,68304.03
2026-03-07 00:50:00+00:00,68327.4
2026-03-07 00:51:00+00:00,68343.97
2026-03-07 00:52:00+00:00,68340.0
2026-03-07 00:53:00+00:00,68346.69
2026-03-07 00:54:00+00:00,68353.69
2026-03-07 00:55:00+00:00,68333.02
2026-03-07 00:56:00+00:00,68324.78
2026-03-07 00:57:00+00:00,68300.62
2026-03-07 00:58:00+00:00,68322.0
2026-03-07 00:59:00+00:00,68277.44
2026-03-07 01:00:00+00:00,68300.0
2026-03-07 01:01:00+00:00,68333.09
2026-03-07 01:02:00+00:00,68347.98
2026-03-07 01:03:00+00:00,68350.0
2026-03-07 01:04:00+00:00,68336.31
2026-03-07 01:05:00+00:00,68325.3
2026-03-07 01:06:00+00:00,68301.15
2026-03-07 01:07:00+00:00,68311.63
2026-03-07 01:08:00+00:00,68322.95
2026-03-07 01:09:00+00:00,68324.76
2026-03-07 01:10:00+00:00,68325.96
2026-03-07 01:11:00+00:00,68292.18
2026-03-07 01:12:00+00:00,68267.45
2026-03-07 01:13:00+00:00,68216.94
2026-03-07 01:14:00+00:00,68231.68
2026-03-07 01:15:00+00:00,68223.98
2026-03-07 01:16:00+00:00,68231.99
2026-03-07 01:17:00+00:00,68228.8
2026-03-07 01:18:00+00:00,68220.04
2026-03-07 01:19:00+00:00,68243.24
2026-03-07 01:20:00+00:00,68237.97
2026-03-07 01:21:00+00:00,68230.1
2026-03-07 01:22:00+00:00,68225.96
2026-03-07 01:23:00+00:00,68189.77
2026-03-07 01:24:00+00:00,68196.11
2026-03-07 01:25:00+00:00,68188.97
2026-03-07 01:26:00+00:00,68211.7
2026-03-07 01:27:00+00:00,68192.51
2026-03-07 01:28:00+00:00,68220.54
2026-03-07 01:29:00+00:00,68226.02
2026-03-07 01:30:00+00:00,68204.91
2026-03-07 01:31:00+00:00,68227.45
2026-03-07 01:32:00+00:00,68182.76
2026-03-07 01:33:00+00:00,68189.99
2026-03-07 01:34:00+00:00,68202.1
2026-03-07 01:35:00+00:00,68193.3
2026-03-07 01:36:00+00:00,68227.54
2026-03-07 01:37:00+00:00,68255.97
2026-03-07 01:38:00+00:00,68246.86
2026-03-07 01:39:00+00:00,68243.25
2026-03-07 01:40:00+00:00,68235.36
2026-03-07 01:41:00+00:00,68237.99
2026-03-07 01:42:00+00:00,68227.77
2026-03-07 01:43:00+00:00,68237.03
2026-03-07 01:44:00+00:00,68268.02
2026-03-07 01:45:00+00:00,68252.73
2026-03-07 01:46:00+00:00,68254.81
2026-03-07 01:47:00+00:00,68259.01
2026-03-07 01:48:00+00:00,68274.01
2026-03-07 01:49:00+00:00,68285.32
2026-03-07 01:50:00+00:00,68290.34
2026-03-07 01:51:00+00:00,68306.36
2026-03-07 01:52:00+00:00,68330.0
2026-03-07 01:53:00+00:00,68310.02
2026-03-07 01:54:00+00:00,68309.0
2026-03-07 01:55:00+00:00,68319.2
2026-03-07 01:56:00+00:00,68280.01
2026-03-07 01:57:00+00:00,68277.43
2026-03-07 01:58:00+00:00,68275.36
2026-03-07 01:59:00+00:00,68251.14
2026-03-07 02:00:00+00:00,68240.62
2026-03-07 02:01:00+00:00,68216.95
2026-03-07 02:02:00+00:00,68211.85
2026-03-07 02:03:00+00:00,68232.62
2026-03-07 02:04:00+00:00,68246.04
2026-03-07 02:05:00+00:00,68220.53
2026-03-07 02:06:00+00:00,68230.1
2026-03-07 02:07:00+00:00,68231.24
2026-03-07 02:08:00+00:00,68243.66
2026-03-07 02:09:00+00:00,68275.87
2026-03-07 02:10:00+00:00,68251.76
2026-03-07 02:11:00+00:00,68277.43
2026-03-07 02:12:00+00:00,68289.99
2026-03-07 02:13:00+00:00,68266.25
2026-03-07 02:14:00+00:00,68233.98
2026-03-07 02:15:00+00:00,68260.52
2026-03-07 02:16:00+00:00,68235.99
2026-03-07 02:17:00+00:00,68225.01
2026-03-07 02:18:00+00:00,68240.08
2026-03-07 02:19:00+00:00,68217.14
2026-03-07 02:20:00+00:00,68232.76
2026-03-07 02:21:00+00:00,68225.87
2026-03-07 02:22:00+00:00,68214.32
2026-03-07 02:23:00+00:00,68105.99
2026-03-07 02:24:00+00:00,68126.44
2026-03-07 02:25:00+00:00,68135.37
2026-03-07 02:26:00+00:00,68128.66
2026-03-07 02:27:00+00:00,68117.02
2026-03-07 02:28:00+00:00,68103.85
2026-03-07 02:29:00+00:00,68099.82
2026-03-07 02:30:00+00:00,68093.34
2026-03-07 02:31:00+00:00,68104.95
2026-03-07 02:32:00+00:00,68112.1
2026-03-07 02:33:00+00:00,68127.52
2026-03-07 02:34:00+00:00,68117.3
2026-03-07 02:35:00+00:00,68128.01
2026-03-07 02:36:00+00:00,68127.98
2026-03-07 02:37:00+00:00,68090.71
2026-03-07 02:38:00+00:00,68052.84
2026-03-07 02:39:00+00:00,68137.99
2026-03-07 02:40:00+00:00,68128.85
2026-03-07 02:41:00+00:00,68153.82
2026-03-07 02:42:00+00:00,68182.13
2026-03-07 02:43:00+00:00,68187.79
2026-03-07 02:44:00+00:00,68154.04
2026-03-07 02:45:00+00:00,68150.0
2026-03-07 02:46:00+00:00,68172.23
2026-03-07 02:47:00+00:00,68166.97
2026-03-07 02:48:00+00:00,68189.42
2026-03-07 02:49:00+00:00,68200.05
2026-03-07 02:50:00+00:00,68224.01
2026-03-07 02:51:00+00:00,68245.31
2026-03-07 02:52:00+00:00,68231.2
2026-03-07 02:53:00+00:00,68239.94
2026-03-07 02:54:00+00:00,68209.58
2026-03-07 02:55:00+00:00,68240.61
2026-03-07 02:56:00+00:00,68232.42
2026-03-07 02:57:00+00:00,68272.02
2026-03-07 02:58:00+00:00,68295.84
2026-03-07 02:59:00+00:00,68340.0
2026-03-07 03:00:00+00:00,68353.27
2026-03-07 03:01:00+00:00,68390.52
2026-03-07 03:02:00+00:00,68374.74
2026-03-07 03:03:00+00:00,68363.5
2026-03-07 03:04:00+00:00,68362.62
2026-03-07 03:05:00+00:00,68356.34
2026-03-07 03:06:00+00:00,68356.0
2026-03-07 03:07:00+00:00,68390.02
2026-03-07 03:08:00+00:00,68392.11
2026-03-07 03:09:00+00:00,68388.51
2026-03-07 03:10:00+00:00,68356.34
2026-03-07 03:11:00+00:00,68355.99
2026-03-07 03:12:00+00:00,68356.33
2026-03-07 03:13:00+00:00,68494.31
2026-03-07 03:14:00+00:00,68509.32
2026-03-07 03:15:00+00:00,68457.02
2026-03-07 03:16:00+00:00,68398.42
2026-03-07 03:17:00+00:00,68316.88
2026-03-07 03:18:00+00:00,68340.55
2026-03-07 03:19:00+00:00,68327.4
2026-03-07 03:20:00+00:00,68266.91
2026-03-07 03:21:00+00:00,68266.91
2026-03-07 03:22:00+00:00,68288.23
2026-03-07 03:23:00+00:00,68291.66
2026-03-07 03:24:00+00:00,68282.7
2026-03-07 03:25:00+00:00,68283.8
2026-03-07 03:26:00+00:00,68235.34
2026-03-07 03:27:00+00:00,68224.02
2026-03-07 03:28:00+00:00,68229.34
2026-03-07 03:29:00+00:00,68224.84
2026-03-07 03:30:00+00:00,68222.21
2026-03-07 03:31:00+00:00,68209.3
2026-03-07 03:32:00+00:00,68207.56
2026-03-07 03:33:00+00:00,68221.97
2026-03-07 03:34:00+00:00,68216.59
2026-03-07 03:35:00+00:00,68233.39
2026-03-07 03:36:00+00:00,68233.35
2026-03-07 03:37:00+00:00,68254.77
2026-03-07 03:38:00+00:00,68225.9
2026-03-07 03:39:00+00:00,68185.39
2026-03-07 03:40:00+00:00,68200.8
2026-03-07 03:41:00+00:00,68187.72
2026-03-07 03:42:00+00:00,68187.81
2026-03-07 03:43:00+00:00,68195.69
2026-03-07 03:44:00+00:00,68168.53
2026-03-07 03:45:00+00:00,68157.02
2026-03-07 03:46:00+00:00,68174.86
2026-03-07 03:47:00+00:00,68198.04
2026-03-07 03:48:00+00:00,68202.45
2026-03-07 03:49:00+00:00,68174.87
2026-03-07 03:50:00+00:00,68144.39
2026-03-07 03:51:00+00:00,68142.38
2026-03-07 03:52:00+00:00,68100.75
2026-03-07 03:53:00+00:00,68124.48
2026-03-07 03:54:00+00:00,68114.39
2026-03-07 03:55:00+00:00,68153.82
2026-03-07 03:56:00+00:00,68130.16
2026-03-07 03:57:00+00:00,68130.16
2026-03-07 03:58:00+00:00,68144.82
2026-03-07 03:59:00+00:00,68090.87
2026-03-07 04:00:00+00:00,68100.0
2026-03-07 04:01:00+00:00,68073.83
2026-03-07 04:02:00+00:00,68019.98
2026-03-07 04:03:00+00:00,67861.56
2026-03-07 04:04:00+00:00,67901.33
2026-03-07 04:05:00+00:00,67921.88
2026-03-07 04:06:00+00:00,67975.96
2026-03-07 04:07:00+00:00,67970.94
2026-03-07 04:08:00+00:00,67949.81
2026-03-07 04:09:00+00:00,67891.07
2026-03-07 04:10:00+00:00,67938.16
2026-03-07 04:11:00+00:00,67975.47
2026-03-07 04:12:00+00:00,67946.05
2026-03-07 04:13:00+00:00,67964.0
2026-03-07 04:14:00+00:00,67944.0
2026-03-07 04:15:00+00:00,67985.97
2026-03-07 04:16:00+00:00,67985.51
2026-03-07 04:17:00+00:00,67980.01
2026-03-07 04:18:00+00:00,67990.81
2026-03-07 04:19:00+00:00,68017.05
2026-03-07 04:20:00+00:00,67989.66
2026-03-07 04:21:00+00:00,68023.96
2026-03-07 04:22:00+00:00,67985.63
2026-03-07 04:23:00+00:00,68035.91
2026-03-07 04:24:00+00:00,68044.52
2026-03-07 04:25:00+00:00,68040.28
2026-03-07 04:26:00+00:00,68037.23
2026-03-07 04:27:00+00:00,68049.57
2026-03-07 04:28:00+00:00,68040.42
2026-03-07 04:29:00+00:00,68019.7
2026-03-07 04:30:00+00:00,68046.44
2026-03-07 04:31:00+00:00,68040.73
2026-03-07 04:32:00+00:00,68040.93
2026-03-07 04:33:00+00:00,68022.0
2026-03-07 04:34:00+00:00,67982.87
2026-03-07 04:35:00+00:00,68021.99
2026-03-07 04:36:00+00:00,68029.76
2026-03-07 04:37:00+00:00,68051.99
2026-03-07 04:38:00+00:00,68080.22
2026-03-07 04:39:00+00:00,68111.76
2026-03-07 04:40:00+00:00,68130.16
2026-03-07 04:41:00+00:00,68129.11
2026-03-07 04:42:00+00:00,68141.05
2026-03-07 04:43:00+00:00,68131.88
2026-03-07 04:44:00+00:00,68134.01
2026-03-07 04:45:00+00:00,68107.8
2026-03-07 04:46:00+00:00,68099.08
2026-03-07 04:47:00+00:00,68088.08
2026-03-07 04:48:00+00:00,68083.99
2026-03-07 04:49:00+00:00,68100.18
2026-03-07 04:50:00+00:00,68105.37
2026-03-07 04:51:00+00:00,68090.71
2026-03-07 04:52:00+00:00,68088.85
2026-03-07 04:53:00+00:00,68088.2
2026-03-07 04:54:00+00:00,68077.51
2026-03-07 04:55:00+00:00,68102.27
2026-03-07 04:56:00+00:00,68108.54
2026-03-07 04:57:00+00:00,68086.55
2026-03-07 04:58:00+00:00,68072.52
2026-03-07 04:59:00+00:00,68054.01
2026-03-07 05:00:00+00:00,68077.54
2026-03-07 05:01:00+00:00,68099.49
2026-03-07 05:02:00+00:00,68097.03
2026-03-07 05:03:00+00:00,68099.61
2026-03-07 05:04:00+00:00,68114.59
2026-03-07 05:05:00+00:00,68097.67
2026-03-07 05:06:00+00:00,68106.01
2026-03-07 05:07:00+00:00,68111.03
2026-03-07 05:08:00+00:00,68110.36
2026-03-07 05:09:00+00:00,68105.59
2026-03-07 05:10:00+00:00,68017.06
2026-03-07 05:11:00+00:00,67974.15
2026-03-07 05:12:00+00:00,67974.96
2026-03-07 05:13:00+00:00,68007.98
2026-03-07 05:14:00+00:00,68010.23
2026-03-07 05:15:00+00:00,68015.31
2026-03-07 05:16:00+00:00,67933.66
2026-03-07 05:17:00+00:00,67935.54
2026-03-07 05:18:00+00:00,67946.91
2026-03-07 05:19:00+00:00,67932.99
2026-03-07 05:20:00+00:00,67946.31
2026-03-07 05:21:00+00:00,67947.91
2026-03-07 05:22:00+00:00,67961.84
2026-03-07 05:23:00+00:00,67969.73
2026-03-07 05:24:00+00:00,67967.77
2026-03-07 05:25:00+00:00,67980.25
2026-03-07 05:26:00+00:00,67955.0
2026-03-07 05:27:00+00:00,67982.3
2026-03-07 05:28:00+00:00,68001.23
2026-03-07 05:29:00+00:00,68014.44
2026-03-07 05:30:00+00:00,68008.86
2026-03-07 05:31:00+00:00,67988.08
2026-03-07 05:32:00+00:00,67959.03
2026-03-07 05:33:00+00:00,67950.58
2026-03-07 05:34:00+00:00,67954.78
2026-03-07 05:35:00+00:00,67975.9
2026-03-07 05:36:00+00:00,67980.24
2026-03-07 05:37:00+00:00,67980.25
2026-03-07 05:38:00+00:00,68011.79
2026-03-07 05:39:00+00:00,68041.76
2026-03-07 05:40:00+00:00,68078.56
2026-03-07 05:41:00+00:00,68084.28
2026-03-07 05:42:00+00:00,68080.18
2026-03-07 05:43:00+00:00,68082.32
2026-03-07 05:44:00+00:00,68077.82
2026-03-07 05:45:00+00:00,68080.21
2026-03-07 05:46:00+00:00,68100.0
2026-03-07 05:47:00+00:00,68065.15
2026-03-07 05:48:00+00:00,68052.01
2026-03-07 05:49:00+00:00,68050.11
2026-03-07 05:50:00+00:00,68066.18
2026-03-07 05:51:00+00:00,68047.05
2026-03-07 05:52:00+00:00,68039.38
2026-03-07 05:53:00+00:00,68046.18
2026-03-07 05:54:00+00:00,68061.77
2026-03-07 05:55:00+00:00,68058.61
2026-03-07 05:56:00+00:00,68024.96
2026-03-07 05:57:00+00:00,68028.83
2026-03-07 05:58:00+00:00,67996.06
2026-03-07 05:59:00+00:00,68013.83
2026-03-07 06:00:00+00:00,67992.38
2026-03-07 06:01:00+00:00,67959.22
2026-03-07 06:02:00+00:00,67985.25
2026-03-07 06:03:00+00:00,68009.17
2026-03-07 06:04:00+00:00,67998.72
2026-03-07 06:05:00+00:00,68022.28
2026-03-07 06:06:00+00:00,67980.25
2026-03-07 06:07:00+00:00,67959.21
2026-03-07 06:08:00+00:00,67976.97
2026-03-07 06:09:00+00:00,67967.08
2026-03-07 06:10:00+00:00,67982.86
2026-03-07 06:11:00+00:00,67948.68
2026-03-07 06:12:00+00:00,67935.54
2026-03-07 06:13:00+00:00,67953.94
2026-03-07 06:14:00+00:00,67955.62
2026-03-07 06:15:00+00:00,67960.5
2026-03-07 06:16:00+00:00,67954.71
2026-03-07 06:17:00+00:00,67963.82
2026-03-07 06:18:00+00:00,67986.41
2026-03-07 06:19:00+00:00,67927.27
2026-03-07 06:20:00+00:00,67911.86
2026-03-07 06:21:00+00:00,67951.57
2026-03-07 06:22:00+00:00,67946.05
2026-03-07 06:23:00+00:00,67907.77
2026-03-07 06:24:00+00:00,67915.7
2026-03-07 06:25:00+00:00,67916.12
2026-03-07 06:26:00+00:00,67906.62
2026-03-07 06:27:00+00:00,67858.54
2026-03-07 06:28:00+00:00,67862.02
2026-03-07 06:29:00+00:00,67863.71
2026-03-07 06:30:00+00:00,67888.32
2026-03-07 06:31:00+00:00,67917.08
2026-03-07 06:32:00+00:00,67880.26
2026-03-07 06:33:00+00:00,67872.14
2026-03-07 06:34:00+00:00,67842.98
2026-03-07 06:35:00+00:00,67893.45
2026-03-07 06:36:00+00:00,67846.1
2026-03-07 06:37:00+00:00,67850.01
2026-03-07 06:38:00+00:00,67873.12
2026-03-07 06:39:00+00:00,67847.98
2026-03-07 06:40:00+00:00,67900.2
2026-03-07 06:41:00+00:00,67868.14
2026-03-07 06:42:00+00:00,67888.21
2026-03-07 06:43:00+00:00,67900.01
2026-03-07 06:44:00+00:00,67934.65
2026-03-07 06:45:00+00:00,67935.53
2026-03-07 06:46:00+00:00,67940.82
2026-03-07 06:47:00+00:00,67919.75
2026-03-07 06:48:00+00:00,67896.09
2026-03-07 06:49:00+00:00,67890.01
2026-03-07 06:50:00+00:00,67788.25
2026-03-07 06:51:00+00:00,67806.68
2026-03-07 06:52:00+00:00,67775.11
2026-03-07 06:53:00+00:00,67714.62
2026-03-07 06:54:00+00:00,67690.94
2026-03-07 06:55:00+00:00,67725.13
2026-03-07 06:56:00+00:00,67748.93
2026-03-07 06:57:00+00:00,67748.8
2026-03-07 06:58:00+00:00,67699.99
2026-03-07 06:59:00+00:00,67684.0
2026-03-07 07:00:00+00:00,67643.58
2026-03-07 07:01:00+00:00,67648.51
2026-03-07 07:02:00+00:00,67633.05
2026-03-07 07:03:00+00:00,67585.4
2026-03-07 07:04:00+00:00,67565.1
2026-03-07 07:05:00+00:00,67583.11
2026-03-07 07:06:00+00:00,67493.71
2026-03-07 07:07:00+00:00,67463.18
2026-03-07 07:08:00+00:00,67522.6
2026-03-07 07:09:00+00:00,67470.03
2026-03-07 07:10:00+00:00,67519.99
2026-03-07 07:11:00+00:00,67591.02
2026-03-07 07:12:00+00:00,67633.09
2026-03-07 07:13:00+00:00,67649.23
2026-03-07 07:14:00+00:00,67624.02
2026-03-07 07:15:00+00:00,67613.05
2026-03-07 07:16:00+00:00,67619.97
2026-03-07 07:17:00+00:00,67622.01
2026-03-07 07:18:00+00:00,67616.13
2026-03-07 07:19:00+00:00,67616.25
2026-03-07 07:20:00+00:00,67633.84
2026-03-07 07:21:00+00:00,67612.05
2026-03-07 07:22:00+00:00,67640.96
2026-03-07 07:23:00+00:00,67689.51
2026-03-07 07:24:00+00:00,67701.59
2026-03-07 07:25:00+00:00,67707.75
2026-03-07 07:26:00+00:00,67708.04
2026-03-07 07:27:00+00:00,67741.98
2026-03-07 07:28:00+00:00,67719.18
2026-03-07 07:29:00+00:00,67727.75
2026-03-07 07:30:00+00:00,67738.65
2026-03-07 07:31:00+00:00,67726.65
2026-03-07 07:32:00+00:00,67698.3
2026-03-07 07:33:00+00:00,67732.01
2026-03-07 07:34:00+00:00,67743.54
2026-03-07 07:35:00+00:00,67759.98
2026-03-07 07:36:00+00:00,67724.73
2026-03-07 07:37:00+00:00,67693.57
2026-03-07 07:38:00+00:00,67662.68
2026-03-07 07:39:00+00:00,67690.0
2026-03-07 07:40:00+00:00,67700.95
2026-03-07 07:41:00+00:00,67724.3
2026-03-07 07:42:00+00:00,67752.03
2026-03-07 07:43:00+00:00,67777.93
2026-03-07 07:44:00+00:00,67790.88
2026-03-07 07:45:00+00:00,67807.14
2026-03-07 07:46:00+00:00,67822.62
2026-03-07 07:47:00+00:00,67790.88
2026-03-07 07:48:00+00:00,67788.1
2026-03-07 07:49:00+00:00,67782.75
2026-03-07 07:50:00+00:00,67796.0
2026-03-07 07:51:00+00:00,67822.94
2026-03-07 07:52:00+00:00,67805.98
2026-03-07 07:53:00+00:00,67827.7
2026-03-07 07:54:00+00:00,67819.81
2026-03-07 07:55:00+00:00,67834.76
2026-03-07 07:56:00+00:00,67827.36
2026-03-07 07:57:00+00:00,67838.16
2026-03-07 07:58:00+00:00,67856.74
2026-03-07 07:59:00+00:00,67840.82
2026-03-07 08:00:00+00:00,67820.93
2026-03-07 08:01:00+00:00,67805.25
2026-03-07 08:02:00+00:00,67796.78
2026-03-07 08:03:00+00:00,67793.87
2026-03-07 08:04:00+00:00,67795.12
2026-03-07 08:05:00+00:00,67786.0
2026-03-07 08:06:00+00:00,67774.77
2026-03-07 08:07:00+00:00,67775.97
2026-03-07 08:08:00+00:00,67789.99
2026-03-07 08:09:00+00:00,67806.65
2026-03-07 08:10:00+00:00,67800.01
2026-03-07 08:11:00+00:00,67822.41
2026-03-07 08:12:00+00:00,67833.71
2026-03-07 08:13:00+00:00,67836.94
2026-03-07 08:14:00+00:00,67867.77
2026-03-07 08:15:00+00:00,67882.73
2026-03-07 08:16:00+00:00,67878.44
2026-03-07 08:17:00+00:00,67927.95
2026-03-07 08:18:00+00:00,67958.94
2026-03-07 08:19:00+00:00,67930.27
2026-03-07 08:20:00+00:00,67919.76
2026-03-07 08:21:00+00:00,67951.3
2026-03-07 08:22:00+00:00,67974.99
2026-03-07 08:23:00+00:00,68026.01
2026-03-07 08:24:00+00:00,67971.51
2026-03-07 08:25:00+00:00,67965.78
2026-03-07 08:26:00+00:00,67922.39
2026-03-07 08:27:00+00:00,67948.68
2026-03-07 08:28:00+00:00,67978.72
2026-03-07 08:29:00+00:00,67943.42
2026-03-07 08:30:00+00:00,67996.03
2026-03-07 08:31:00+00:00,67990.38
2026-03-07 08:32:00+00:00,68001.28
2026-03-07 08:33:00+00:00,67959.45
2026-03-07 08:34:00+00:00,67930.27
2026-03-07 08:35:00+00:00,67917.13
2026-03-07 08:36:00+00:00,67927.38
2026-03-07 08:37:00+00:00,67942.4
2026-03-07 08:38:00+00:00,67905.04
2026-03-07 08:39:00+00:00,67910.62
2026-03-07 08:40:00+00:00,67911.87
2026-03-07 08:41:00+00:00,67915.44
2026-03-07 08:42:00+00:00,67910.36
2026-03-07 08:43:00+00:00,67908.27
2026-03-07 08:44:00+00:00,67896.85
2026-03-07 08:45:00+00:00,67911.86
2026-03-07 08:46:00+00:00,67921.89
2026-03-07 08:47:00+00:00,67882.94
2026-03-07 08:48:00+00:00,67884.16
2026-03-07 08:49:00+00:00,67911.86
2026-03-07 08:50:00+00:00,67890.83
2026-03-07 08:51:00+00:00,67906.07
2026-03-07 08:52:00+00:00,67917.12
2026-03-07 08:53:00+00:00,67916.04
2026-03-07 08:54:00+00:00,67880.31
2026-03-07 08:55:00+00:00,67809.54
2026-03-07 08:56:00+00:00,67751.42
2026-03-07 08:57:00+00:00,67770.0
2026-03-07 08:58:00+00:00,67754.01
2026-03-07 08:59:00+00:00,67798.4
2026-03-07 09:00:00+00:00,67785.63
2026-03-07 09:01:00+00:00,67767.22
2026-03-07 09:02:00+00:00,67735.67
2026-03-07 09:03:00+00:00,67788.25
2026-03-07 09:04:00+00:00,67788.17
2026-03-07 09:05:00+00:00,67798.77
2026-03-07 09:06:00+00:00,67796.67
2026-03-07 09:07:00+00:00,67801.4
2026-03-07 09:08:00+00:00,67827.71
2026-03-07 09:09:00+00:00,67841.66
2026-03-07 09:10:00+00:00,67848.99
2026-03-07 09:11:00+00:00,67930.79
2026-03-07 09:12:00+00:00,67947.99
2026-03-07 09:13:00+00:00,67938.17
2026-03-07 09:14:00+00:00,67969.72
2026-03-07 09:15:00+00:00,68025.46
2026-03-07 09:16:00+00:00,68040.74
2026-03-07 09:17:00+00:00,68030.21
2026-03-07 09:18:00+00:00,67983.71
2026-03-07 09:19:00+00:00,67945.49
2026-03-07 09:20:00+00:00,67956.57
2026-03-07 09:21:00+00:00,67966.2
2026-03-07 09:22:00+00:00,67943.41
2026-03-07 09:23:00+00:00,67951.02
2026-03-07 09:24:00+00:00,67951.06
2026-03-07 09:25:00+00:00,67962.66
2026-03-07 09:26:00+00:00,67962.72
2026-03-07 09:27:00+00:00,67943.43
2026-03-07 09:28:00+00:00,67947.01
2026-03-07 09:29:00+00:00,67959.99
2026-03-07 09:30:00+00:00,67956.55
2026-03-07 09:31:00+00:00,67985.49
2026-03-07 09:32:00+00:00,67982.88
2026-03-07 09:33:00+00:00,67993.37
2026-03-07 09:34:00+00:00,67982.88
2026-03-07 09:35:00+00:00,67992.67
2026-03-07 09:36:00+00:00,67985.51
2026-03-07 09:37:00+00:00,68002.71
2026-03-07 09:38:00+00:00,68014.44
2026-03-07 09:39:00+00:00,68000.01
2026-03-07 09:40:00+00:00,67993.41
2026-03-07 09:41:00+00:00,67972.35
2026-03-07 09:42:00+00:00,67980.25
2026-03-07 09:43:00+00:00,67958.5
2026-03-07 09:44:00+00:00,67967.09
2026-03-07 09:45:00+00:00,67967.14
2026-03-07 09:46:00+00:00,68002.03
2026-03-07 09:47:00+00:00,68003.33
2026-03-07 09:48:00+00:00,67998.66
2026-03-07 09:49:00+00:00,67996.03
2026-03-07 09:50:00+00:00,68012.03
2026-03-07 09:51:00+00:00,68010.38
2026-03-07 09:52:00+00:00,68022.09
2026-03-07 09:53:00+00:00,68027.61
2026-03-07 09:54:00+00:00,67982.88
2026-03-07 09:55:00+00:00,68027.5
2026-03-07 09:56:00+00:00,68033.63
2026-03-07 09:57:00+00:00,68019.7
2026-03-07 09:58:00+00:00,68011.79
2026-03-07 09:59:00+00:00,67996.86
2026-03-07 10:00:00+00:00,68006.53
2026-03-07 10:01:00+00:00,67977.62
2026-03-07 10:02:00+00:00,67991.95
2026-03-07 10:03:00+00:00,67999.63
2026-03-07 10:04:00+00:00,68048.62
2026-03-07 10:05:00+00:00,68018.01
2026-03-07 10:06:00+00:00,68009.16
2026-03-07 10:07:00+00:00,68012.45
2026-03-07 10:08:00+00:00,68028.61
2026-03-07 10:09:00+00:00,68043.38
2026-03-07 10:10:00+00:00,68052.29
2026-03-07 10:11:00+00:00,68058.01
2026-03-07 10:12:00+00:00,68064.41
2026-03-07 10:13:00+00:00,68080.18
2026-03-07 10:14:00+00:00,68092.0
2026-03-07 10:15:00+00:00,68064.08
2026-03-07 10:16:00+00:00,68017.29
2026-03-07 10:17:00+00:00,68017.36
2026-03-07 10:18:00+00:00,68023.72
2026-03-07 10:19:00+00:00,67993.86
2026-03-07 10:20:00+00:00,67982.94
2026-03-07 10:21:00+00:00,67982.86
2026-03-07 10:22:00+00:00,67982.88
2026-03-07 10:23:00+00:00,67959.2
2026-03-07 10:24:00+00:00,67950.5
2026-03-07 10:25:00+00:00,67949.01
2026-03-07 10:26:00+00:00,67942.92
2026-03-07 10:27:00+00:00,67930.01
2026-03-07 10:28:00+00:00,67921.43
2026-03-07 10:29:00+00:00,67972.35
2026-03-07 10:30:00+00:00,67962.03
2026-03-07 10:31:00+00:00,67938.17
2026-03-07 10:32:00+00:00,67912.21
2026-03-07 10:33:00+00:00,67927.62
2026-03-07 10:34:00+00:00,67923.85
2026-03-07 10:35:00+00:00,67974.98
2026-03-07 10:36:00+00:00,67961.24
2026-03-07 10:37:00+00:00,67961.83
2026-03-07 10:38:00+00:00,67990.76
2026-03-07 10:39:00+00:00,67980.24
2026-03-07 10:40:00+00:00,67975.68
2026-03-07 10:41:00+00:00,67993.7
2026-03-07 10:42:00+00:00,67992.84
2026-03-07 10:43:00+00:00,67988.14
2026-03-07 10:44:00+00:00,67948.68
2026-03-07 10:45:00+00:00,67956.0
2026-03-07 10:46:00+00:00,67972.13
2026-03-07 10:47:00+00:00,67949.98
2026-03-07 10:48:00+00:00,67958.94
2026-03-07 10:49:00+00:00,67974.98
2026-03-07 10:50:00+00:00,67960.41
2026-03-07 10:51:00+00:00,67940.79
2026-03-07 10:52:00+00:00,67924.85
2026-03-07 10:53:00+00:00,67917.05
2026-03-07 10:54:00+00:00,67917.04
2026-03-07 10:55:00+00:00,67913.74
2026-03-07 10:56:00+00:00,67925.01
2026-03-07 10:57:00+00:00,67872.0
2026-03-07 10:58:00+00:00,67893.53
2026-03-07 10:59:00+00:00,67887.16
2026-03-07 11:00:00+00:00,67878.24
2026-03-07 11:01:00+00:00,67875.97
2026-03-07 11:02:00+00:00,67882.3
2026-03-07 11:03:00+00:00,67873.06
2026-03-07 11:04:00+00:00,67869.74
2026-03-07 11:05:00+00:00,67861.89
2026-03-07 11:06:00+00:00,67892.0
2026-03-07 11:07:00+00:00,67916.0
2026-03-07 11:08:00+00:00,67901.31
2026-03-07 11:09:00+00:00,67885.56
2026-03-07 11:10:00+00:00,67885.57
2026-03-07 11:11:00+00:00,67949.4
2026-03-07 11:12:00+00:00,68036.94
2026-03-07 11:13:00+00:00,68059.95
2026-03-07 11:14:00+00:00,68192.9
2026-03-07 11:15:00+00:00,68204.32
2026-03-07 11:16:00+00:00,68164.34
2026-03-07 11:17:00+00:00,68143.3
2026-03-07 11:18:00+00:00,68148.03
2026-03-07 11:19:00+00:00,68188.0
2026-03-07 11:20:00+00:00,68205.43
2026-03-07 11:21:00+00:00,68174.86
2026-03-07 11:22:00+00:00,68196.88
2026-03-07 11:23:00+00:00,68143.3
2026-03-07 11:24:00+00:00,68127.52
2026-03-07 11:25:00+00:00,68145.07
2026-03-07 11:26:00+00:00,68127.53
2026-03-07 11:27:00+00:00,68110.11
2026-03-07 11:28:00+00:00,68122.26
2026-03-07 11:29:00+00:00,68149.8
2026-03-07 11:30:00+00:00,68127.52
2026-03-07 11:31:00+00:00,68150.0
2026-03-07 11:32:00+00:00,68106.5
2026-03-07 11:33:00+00:00,68113.32
2026-03-07 11:34:00+00:00,68104.3
2026-03-07 11:35:00+00:00,68101.22
2026-03-07 11:36:00+00:00,68100.53
2026-03-07 11:37:00+00:00,68115.99
2026-03-07 11:38:00+00:00,68098.59
2026-03-07 11:39:00+00:00,68114.37
2026-03-07 11:40:00+00:00,68085.09
2026-03-07 11:41:00+00:00,68067.03
2026-03-07 11:42:00+00:00,68094.84
2026-03-07 11:43:00+00:00,68090.7
2026-03-07 11:44:00+00:00,68125.0
2026-03-07 11:45:00+00:00,68085.44
2026-03-07 11:46:00+00:00,68080.19
2026-03-07 11:47:00+00:00,68080.38
2026-03-07 11:48:00+00:00,68069.67
2026-03-07 11:49:00+00:00,68065.65
2026-03-07 11:50:00+00:00,68050.0
2026-03-07 11:51:00+00:00,68058.85
2026-03-07 11:52:00+00:00,68069.99
2026-03-07 11:53:00+00:00,68079.0
2026-03-07 11:54:00+00:00,68056.51
2026-03-07 11:55:00+00:00,68074.92
2026-03-07 11:56:00+00:00,68061.04
2026-03-07 11:57:00+00:00,68037.99
2026-03-07 11:58:00+00:00,68024.81
2026-03-07 11:59:00+00:00,68010.31
2026-03-07 12:00:00+00:00,68011.54
2026-03-07 12:01:00+00:00,68011.55
2026-03-07 12:02:00+00:00,68019.69
2026-03-07 12:03:00+00:00,68030.21
2026-03-07 12:04:00+00:00,68081.02
2026-03-07 12:05:00+00:00,68053.89
2026-03-07 12:06:00+00:00,68050.99
2026-03-07 12:07:00+00:00,68011.81
2026-03-07 12:08:00+00:00,67992.63
2026-03-07 12:09:00+00:00,67988.09
2026-03-07 12:10:00+00:00,67968.69
2026-03-07 12:11:00+00:00,67983.99
2026-03-07 12:12:00+00:00,67988.33
2026-03-07 12:13:00+00:00,67990.76
2026-03-07 12:14:00+00:00,67998.65
2026-03-07 12:15:00+00:00,68002.97
2026-03-07 12:16:00+00:00,68007.66
2026-03-07 12:17:00+00:00,68023.8
2026-03-07 12:18:00+00:00,68050.11
2026-03-07 12:19:00+00:00,68023.35
2026-03-07 12:20:00+00:00,68039.03
2026-03-07 12:21:00+00:00,68050.47
2026-03-07 12:22:00+00:00,68035.54
2026-03-07 12:23:00+00:00,68055.99
2026-03-07 12:24:00+00:00,68054.06
2026-03-07 12:25:00+00:00,68070.64
2026-03-07 12:26:00+00:00,68031.05
2026-03-07 12:27:00+00:00,68011.8
2026-03-07 12:28:00+00:00,67989.91
2026-03-07 12:29:00+00:00,68027.16
2026-03-07 12:30:00+00:00,68027.8
2026-03-07 12:31:00+00:00,67996.03
2026-03-07 12:32:00+00:00,68019.52
2026-03-07 12:33:00+00:00,68028.95
2026-03-07 12:34:00+00:00,68035.46
2026-03-07 12:35:00+00:00,68006.99
2026-03-07 12:36:00+00:00,68004.49
2026-03-07 12:37:00+00:00,68003.92
2026-03-07 12:38:00+00:00,68003.68
2026-03-07 12:39:00+00:00,68003.47
2026-03-07 12:40:00+00:00,67990.54
2026-03-07 12:41:00+00:00,67977.6
2026-03-07 12:42:00+00:00,67947.61
2026-03-07 12:43:00+00:00,67916.43
2026-03-07 12:44:00+00:00,67938.17
2026-03-07 12:45:00+00:00,67964.41
2026-03-07 12:46:00+00:00,67965.41
2026-03-07 12:47:00+00:00,67922.64
2026-03-07 12:48:00+00:00,67893.46
2026-03-07 12:49:00+00:00,67938.0
2026-03-07 12:50:00+00:00,67982.95
2026-03-07 12:51:00+00:00,67973.59
2026-03-07 12:52:00+00:00,68020.5
2026-03-07 12:53:00+00:00,68009.18
2026-03-07 12:54:00+00:00,68015.28
2026-03-07 12:55:00+00:00,67983.98
2026-03-07 12:56:00+00:00,68000.0
2026-03-07 12:57:00+00:00,67994.0
2026-03-07 12:58:00+00:00,67989.76
2026-03-07 12:59:00+00:00,67990.0
2026-03-07 13:00:00+00:00,68015.42
2026-03-07 13:01:00+00:00,68001.29
2026-03-07 13:02:00+00:00,68035.28
2026-03-07 13:03:00+00:00,68025.01
2026-03-07 13:04:00+00:00,68059.15
2026-03-07 13:05:00+00:00,68032.85
2026-03-07 13:06:00+00:00,67964.45
2026-03-07 13:07:00+00:00,67946.05
2026-03-07 13:08:00+00:00,67967.99
2026-03-07 13:09:00+00:00,68014.43
2026-03-07 13:10:00+00:00,68024.95
2026-03-07 13:11:00+00:00,68040.05
2026-03-07 13:12:00+00:00,68036.88
2026-03-07 13:13:00+00:00,68026.59
2026-03-07 13:14:00+00:00,68038.8
2026-03-07 13:15:00+00:00,68056.0
2026-03-07 13:16:00+00:00,68056.51
2026-03-07 13:17:00+00:00,68060.91
2026-03-07 13:18:00+00:00,68082.05
2026-03-07 13:19:00+00:00,67970.27
2026-03-07 13:20:00+00:00,68001.05
2026-03-07 13:21:00+00:00,67980.43
2026-03-07 13:22:00+00:00,68005.65
2026-03-07 13:23:00+00:00,67991.65
2026-03-07 13:24:00+00:00,68007.86
2026-03-07 13:25:00+00:00,68015.47
2026-03-07 13:26:00+00:00,67998.71
2026-03-07 13:27:00+00:00,68020.56
2026-03-07 13:28:00+00:00,68034.45
2026-03-07 13:29:00+00:00,67992.36
2026-03-07 13:30:00+00:00,68027.58
2026-03-07 13:31:00+00:00,68050.0
2026-03-07 13:32:00+00:00,68043.35
2026-03-07 13:33:00+00:00,68014.44
2026-03-07 13:34:00+00:00,67962.54
2026-03-07 13:35:00+00:00,67993.32
2026-03-07 13:36:00+00:00,67998.65
2026-03-07 13:37:00+00:00,67953.91
2026-03-07 13:38:00+00:00,67877.98
2026-03-07 13:39:00+00:00,67893.45
2026-03-07 13:40:00+00:00,67901.34
2026-03-07 13:41:00+00:00,67927.99
2026-03-07 13:42:00+00:00,67935.71
2026-03-07 13:43:00+00:00,67925.0
2026-03-07 13:44:00+00:00,67881.04
2026-03-07 13:45:00+00:00,67906.59
2026-03-07 13:46:00+00:00,67931.0
2026-03-07 13:47:00+00:00,67935.53
2026-03-07 13:48:00+00:00,67912.0
2026-03-07 13:49:00+00:00,67921.54
2026-03-07 13:50:00+00:00,67923.91
2026-03-07 13:51:00+00:00,67933.99
2026-03-07 13:52:00+00:00,67934.0
2026-03-07 13:53:00+00:00,67922.4
2026-03-07 13:54:00+00:00,67936.03
2026-03-07 13:55:00+00:00,67927.5
2026-03-07 13:56:00+00:00,67920.01
2026-03-07 13:57:00+00:00,67903.98
2026-03-07 13:58:00+00:00,67929.99
2026-03-07 13:59:00+00:00,67922.4
2026-03-07 14:00:00+00:00,67880.3
2026-03-07 14:01:00+00:00,67798.62
2026-03-07 14:02:00+00:00,67788.25
2026-03-07 14:03:00+00:00,67851.37
2026-03-07 14:04:00+00:00,67851.1
2026-03-07 14:05:00+00:00,67796.14
2026-03-07 14:06:00+00:00,67796.13
2026-03-07 14:07:00+00:00,67796.13
2026-03-07 14:08:00+00:00,67782.98
2026-03-07 14:09:00+00:00,67698.84
2026-03-07 14:10:00+00:00,67704.09
2026-03-07 14:11:00+00:00,67648.85
2026-03-07 14:12:00+00:00,67623.0
2026-03-07 14:13:00+00:00,67647.26
2026-03-07 14:14:00+00:00,67743.54
2026-03-07 14:15:00+00:00,67747.77
2026-03-07 14:16:00+00:00,67756.69
2026-03-07 14:17:00+00:00,67751.43
2026-03-07 14:18:00+00:00,67804.29
2026-03-07 14:19:00+00:00,67781.77
2026-03-07 14:20:00+00:00,67756.71
2026-03-07 14:21:00+00:00,67755.88
2026-03-07 14:22:00+00:00,67772.47
2026-03-07 14:23:00+00:00,67804.0
2026-03-07 14:24:00+00:00,67789.01
2026-03-07 14:25:00+00:00,67829.43
2026-03-07 14:26:00+00:00,67805.04
2026-03-07 14:27:00+00:00,67806.0
2026-03-07 14:28:00+00:00,67792.03
2026-03-07 14:29:00+00:00,67806.75
2026-03-07 14:30:00+00:00,67824.67
2026-03-07 14:31:00+00:00,67808.11
2026-03-07 14:32:00+00:00,67805.73
2026-03-07 14:33:00+00:00,67821.1
2026-03-07 14:34:00+00:00,67819.25
2026-03-07 14:35:00+00:00,67861.89
2026-03-07 14:36:00+00:00,67838.22
2026-03-07 14:37:00+00:00,67853.84
2026-03-07 14:38:00+00:00,67921.99
2026-03-07 14:39:00+00:00,68065.6
2026-03-07 14:40:00+00:00,68017.68
2026-03-07 14:41:00+00:00,68035.48
2026-03-07 14:42:00+00:00,68038.11
2026-03-07 14:43:00+00:00,68023.93
2026-03-07 14:44:00+00:00,68015.11
2026-03-07 14:45:00+00:00,68034.76
2026-03-07 14:46:00+00:00,68050.71
2026-03-07 14:47:00+00:00,68014.44
2026-03-07 14:48:00+00:00,67995.37
2026-03-07 14:49:00+00:00,68041.8
2026-03-07 14:50:00+00:00,68025.46
2026-03-07 14:51:00+00:00,68051.26
2026-03-07 14:52:00+00:00,68033.67
2026-03-07 14:53:00+00:00,68053.88
2026-03-07 14:54:00+00:00,68045.5
2026-03-07 14:55:00+00:00,68044.65
2026-03-07 14:56:00+00:00,68039.11
2026-03-07 14:57:00+00:00,68039.11
2026-03-07 14:58:00+00:00,68040.85
2026-03-07 14:59:00+00:00,68015.89
2026-03-07 15:00:00+00:00,68014.26
2026-03-07 15:01:00+00:00,67978.35
2026-03-07 15:02:00+00:00,67985.95
2026-03-07 15:03:00+00:00,68010.27
2026-03-07 15:04:00+00:00,67984.02
2026-03-07 15:05:00+00:00,67982.86
2026-03-07 15:06:00+00:00,68009.07
2026-03-07 15:07:00+00:00,68017.06
2026-03-07 15:08:00+00:00,68003.92
2026-03-07 15:09:00+00:00,67998.65
2026-03-07 15:10:00+00:00,67961.83
2026-03-07 15:11:00+00:00,67946.06
2026-03-07 15:12:00+00:00,67955.11
2026-03-07 15:13:00+00:00,67956.57
2026-03-07 15:14:00+00:00,67927.91
2026-03-07 15:15:00+00:00,67981.59
2026-03-07 15:16:00+00:00,67989.33
2026-03-07 15:17:00+00:00,67995.98
2026-03-07 15:18:00+00:00,67975.04
2026-03-07 15:19:00+00:00,67920.01
2026-03-07 15:20:00+00:00,67909.63
2026-03-07 15:21:00+00:00,67888.0
2026-03-07 15:22:00+00:00,67927.39
2026-03-07 15:23:00+00:00,67955.37
2026-03-07 15:24:00+00:00,67955.55
2026-03-07 15:25:00+00:00,67943.43
2026-03-07 15:26:00+00:00,67917.92
2026-03-07 15:27:00+00:00,67929.0
2026-03-07 15:28:00+00:00,67935.05
2026-03-07 15:29:00+00:00,67964.44
2026-03-07 15:30:00+00:00,67933.87
2026-03-07 15:31:00+00:00,67908.08
2026-03-07 15:32:00+00:00,67964.34
2026-03-07 15:33:00+00:00,68011.53
2026-03-07 15:34:00+00:00,68000.0
2026-03-07 15:35:00+00:00,68023.99
2026-03-07 15:36:00+00:00,67978.74
2026-03-07 15:37:00+00:00,67946.05
2026-03-07 15:38:00+00:00,67896.68
2026-03-07 15:39:00+00:00,67825.07
2026-03-07 15:40:00+00:00,67815.98
2026-03-07 15:41:00+00:00,67818.27
2026-03-07 15:42:00+00:00,67821.47
2026-03-07 15:43:00+00:00,67804.04
2026-03-07 15:44:00+00:00,67829.99
2026-03-07 15:45:00+00:00,67800.01
2026-03-07 15:46:00+00:00,67827.7
2026-03-07 15:47:00+00:00,67853.34
2026-03-07 15:48:00+00:00,67857.68
2026-03-07 15:49:00+00:00,67835.77
2026-03-07 15:50:00+00:00,67858.53
2026-03-07 15:51:00+00:00,67848.74
2026-03-07 15:52:00+00:00,67883.21
2026-03-07 15:53:00+00:00,67890.83
2026-03-07 15:54:00+00:00,67896.54
2026-03-07 15:55:00+00:00,67896.09
2026-03-07 15:56:00+00:00,67895.73
2026-03-07 15:57:00+00:00,67914.08
2026-03-07 15:58:00+00:00,67912.02
2026-03-07 15:59:00+00:00,67874.75
2026-03-07 16:00:00+00:00,67844.01
2026-03-07 16:01:00+00:00,67855.92
2026-03-07 16:02:00+00:00,67865.99
2026-03-07 16:03:00+00:00,67865.99
2026-03-07 16:04:00+00:00,67846.11
2026-03-07 16:05:00+00:00,67825.07
2026-03-07 16:06:00+00:00,67829.29
2026-03-07 16:07:00+00:00,67851.37
2026-03-07 16:08:00+00:00,67879.1
2026-03-07 16:09:00+00:00,67867.46
2026-03-07 16:10:00+00:00,67873.99
2026-03-07 16:11:00+00:00,67869.78
2026-03-07 16:12:00+00:00,67872.35
2026-03-07 16:13:00+00:00,67882.92
2026-03-07 16:14:00+00:00,67882.94
2026-03-07 16:15:00+00:00,67848.0
2026-03-07 16:16:00+00:00,67830.78
2026-03-07 16:17:00+00:00,67778.7
2026-03-07 16:18:00+00:00,67772.5
2026-03-07 16:19:00+00:00,67780.38
2026-03-07 16:20:00+00:00,67809.0
2026-03-07 16:21:00+00:00,67819.8
2026-03-07 16:22:00+00:00,67831.46
2026-03-07 16:23:00+00:00,67834.51
2026-03-07 16:24:00+00:00,67781.29
2026-03-07 16:25:00+00:00,67796.13
2026-03-07 16:26:00+00:00,67822.44
2026-03-07 16:27:00+00:00,67810.28
2026-03-07 16:28:00+00:00,67798.02
2026-03-07 16:29:00+00:00,67778.56
2026-03-07 16:30:00+00:00,67786.92
2026-03-07 16:31:00+00:00,67777.7
2026-03-07 16:32:00+00:00,67815.2
2026-03-07 16:33:00+00:00,67828.84
2026-03-07 16:34:00+00:00,67793.52
2026-03-07 16:35:00+00:00,67798.78
2026-03-07 16:36:00+00:00,67778.0
2026-03-07 16:37:00+00:00,67801.96
2026-03-07 16:38:00+00:00,67816.0
2026-03-07 16:39:00+00:00,67781.01
2026-03-07 16:40:00+00:00,67728.0
2026-03-07 16:41:00+00:00,67743.52
2026-03-07 16:42:00+00:00,67763.54
2026-03-07 16:43:00+00:00,67784.9
2026-03-07 16:44:00+00:00,67784.0
2026-03-07 16:45:00+00:00,67791.47
2026-03-07 16:46:00+00:00,67806.66
2026-03-07 16:47:00+00:00,67794.0
2026-03-07 16:48:00+00:00,67776.13
2026-03-07 16:49:00+00:00,67795.0
2026-03-07 16:50:00+00:00,67773.0
2026-03-07 16:51:00+00:00,67770.15
2026-03-07 16:52:00+00:00,67801.97
2026-03-07 16:53:00+00:00,67803.98
2026-03-07 16:54:00+00:00,67796.98
2026-03-07 16:55:00+00:00,67809.29
2026-03-07 16:56:00+00:00,67796.26
2026-03-07 16:57:00+00:00,67785.76
2026-03-07 16:58:00+00:00,67825.0
2026-03-07 16:59:00+00:00,67788.26
2026-03-07 17:00:00+00:00,67800.0
2026-03-07 17:01:00+00:00,67850.12
2026-03-07 17:02:00+00:00,67844.03
2026-03-07 17:03:00+00:00,67850.07
2026-03-07 17:04:00+00:00,67847.04
2026-03-07 17:05:00+00:00,67828.22
2026-03-07 17:06:00+00:00,67811.09
2026-03-07 17:07:00+00:00,67812.99
2026-03-07 17:08:00+00:00,67819.82
2026-03-07 17:09:00+00:00,67848.98
2026-03-07 17:10:00+00:00,67840.84
2026-03-07 17:11:00+00:00,67814.41
2026-03-07 17:12:00+00:00,67810.95
2026-03-07 17:13:00+00:00,67835.59
2026-03-07 17:14:00+00:00,67838.23
2026-03-07 17:15:00+00:00,67838.22
2026-03-07 17:16:00+00:00,67840.86
2026-03-07 17:17:00+00:00,67827.89
2026-03-07 17:18:00+00:00,67812.61
2026-03-07 17:19:00+00:00,67832.71
2026-03-07 17:20:00+00:00,67869.78
2026-03-07 17:21:00+00:00,67890.83
2026-03-07 17:22:00+00:00,67919.74
2026-03-07 17:23:00+00:00,67920.76
2026-03-07 17:24:00+00:00,67896.01
2026-03-07 17:25:00+00:00,67901.09
2026-03-07 17:26:00+00:00,67894.01
2026-03-07 17:27:00+00:00,67882.96
2026-03-07 17:28:00+00:00,67872.01
2026-03-07 17:29:00+00:00,67880.2
2026-03-07 17:30:00+00:00,67879.02
2026-03-07 17:31:00+00:00,67876.2
2026-03-07 17:32:00+00:00,67878.56
2026-03-07 17:33:00+00:00,67872.0
2026-03-07 17:34:00+00:00,67872.01
2026-03-07 17:35:00+00:00,67872.42
2026-03-07 17:36:00+00:00,67875.53
2026-03-07 17:37:00+00:00,67875.16
2026-03-07 17:38:00+00:00,67872.4
2026-03-07 17:39:00+00:00,67879.76
2026-03-07 17:40:00+00:00,67876.46
2026-03-07 17:41:00+00:00,67882.39
2026-03-07 17:42:00+00:00,67880.36
2026-03-07 17:43:00+00:00,67886.45
2026-03-07 17:44:00+00:00,67883.75
2026-03-07 17:45:00+00:00,67870.01
2026-03-07 17:46:00+00:00,67875.0
2026-03-07 17:47:00+00:00,67881.31
2026-03-07 17:48:00+00:00,67872.0
2026-03-07 17:49:00+00:00,67886.95
2026-03-07 17:50:00+00:00,67873.86
2026-03-07 17:51:00+00:00,67864.53
2026-03-07 17:52:00+00:00,67870.99
2026-03-07 17:53:00+00:00,67860.78
2026-03-07 17:54:00+00:00,67885.43
2026-03-07 17:55:00+00:00,67867.17
2026-03-07 17:56:00+00:00,67862.09
2026-03-07 17:57:00+00:00,67809.72
2026-03-07 17:58:00+00:00,67778.41
2026-03-07 17:59:00+00:00,67783.84
2026-03-07 18:00:00+00:00,67739.38
2026-03-07 18:01:00+00:00,67724.0
2026-03-07 18:02:00+00:00,67543.66
2026-03-07 18:03:00+00:00,67589.64
2026-03-07 18:04:00+00:00,67605.16
2026-03-07 18:05:00+00:00,67612.05
2026-03-07 18:06:00+00:00,67591.01
2026-03-07 18:07:00+00:00,67625.18
2026-03-07 18:08:00+00:00,67601.0
2026-03-07 18:09:00+00:00,67623.99
2026-03-07 18:10:00+00:00,67638.34
2026-03-07 18:11:00+00:00,67633.21
2026-03-07 18:12:00+00:00,67630.76
2026-03-07 18:13:00+00:00,67611.27
2026-03-07 18:14:00+00:00,67626.13
2026-03-07 18:15:00+00:00,67643.69
2026-03-07 18:16:00+00:00,67664.29
2026-03-07 18:17:00+00:00,67676.08
2026-03-07 18:18:00+00:00,67656.75
2026-03-07 18:19:00+00:00,67606.1
2026-03-07 18:20:00+00:00,67619.94
2026-03-07 18:21:00+00:00,67614.68
2026-03-07 18:22:00+00:00,67665.22
2026-03-07 18:23:00+00:00,67669.46
2026-03-07 18:24:00+00:00,67654.13
2026-03-07 18:25:00+00:00,67646.21
2026-03-07 18:26:00+00:00,67630.99
2026-03-07 18:27:00+00:00,67617.3
2026-03-07 18:28:00+00:00,67606.78
2026-03-07 18:29:00+00:00,67660.4
2026-03-07 18:30:00+00:00,67609.99
2026-03-07 18:31:00+00:00,67600.03
2026-03-07 18:32:00+00:00,67604.16
2026-03-07 18:33:00+00:00,67538.0
2026-03-07 18:34:00+00:00,67532.95
2026-03-07 18:35:00+00:00,67519.99
2026-03-07 18:36:00+00:00,67531.42
2026-03-07 18:37:00+00:00,67531.98
2026-03-07 18:38:00+00:00,67524.0
2026-03-07 18:39:00+00:00,67583.86
2026-03-07 18:40:00+00:00,67585.53
2026-03-07 18:41:00+00:00,67606.79
2026-03-07 18:42:00+00:00,67609.41
2026-03-07 18:43:00+00:00,67609.34
2026-03-07 18:44:00+00:00,67660.01
2026-03-07 18:45:00+00:00,67640.98
2026-03-07 18:46:00+00:00,67615.69
2026-03-07 18:47:00+00:00,67622.56
2026-03-07 18:48:00+00:00,67628.19
2026-03-07 18:49:00+00:00,67665.36
2026-03-07 18:50:00+00:00,67607.27
2026-03-07 18:51:00+00:00,67569.22
2026-03-07 18:52:00+00:00,67575.52
2026-03-07 18:53:00+00:00,67596.26
2026-03-07 18:54:00+00:00,67593.63
2026-03-07 18:55:00+00:00,67587.38
2026-03-07 18:56:00+00:00,67593.64
2026-03-07 18:57:00+00:00,67590.22
2026-03-07 18:58:00+00:00,67599.99
2026-03-07 18:59:00+00:00,67567.33
2026-03-07 19:00:00+00:00,67543.66
2026-03-07 19:01:00+00:00,67562.01
2026-03-07 19:02:00+00:00,67551.55
2026-03-07 19:03:00+00:00,67534.22
2026-03-07 19:04:00+00:00,67525.51
2026-03-07 19:05:00+00:00,67539.13
2026-03-07 19:06:00+00:00,67531.79
2026-03-07 19:07:00+00:00,67526.26
2026-03-07 19:08:00+00:00,67570.0
2026-03-07 19:09:00+00:00,67504.22
2026-03-07 19:10:00+00:00,67552.0
2026-03-07 19:11:00+00:00,67556.8
2026-03-07 19:12:00+00:00,67562.07
2026-03-07 19:13:00+00:00,67548.02
2026-03-07 19:14:00+00:00,67504.19
2026-03-07 19:15:00+00:00,67541.99
2026-03-07 19:16:00+00:00,67545.98
2026-03-07 19:17:00+00:00,67536.12
2026-03-07 19:18:00+00:00,67485.71
2026-03-07 19:19:00+00:00,67365.09
2026-03-07 19:20:00+00:00,67451.61
2026-03-07 19:21:00+00:00,67462.55
2026-03-07 19:22:00+00:00,67444.99
2026-03-07 19:23:00+00:00,67418.0
2026-03-07 19:24:00+00:00,67315.01
2026-03-07 19:25:00+00:00,67380.6
2026-03-07 19:26:00+00:00,67312.23
2026-03-07 19:27:00+00:00,67251.05
2026-03-07 19:28:00+00:00,67238.29
2026-03-07 19:29:00+00:00,67218.29
2026-03-07 19:30:00+00:00,67237.27
2026-03-07 19:31:00+00:00,67246.69
2026-03-07 19:32:00+00:00,67264.87
2026-03-07 19:33:00+00:00,67291.19
2026-03-07 19:34:00+00:00,67220.18
2026-03-07 19:35:00+00:00,67283.28
2026-03-07 19:36:00+00:00,67300.1
2026-03-07 19:37:00+00:00,67318.01
2026-03-07 19:38:00+00:00,67296.27
2026-03-07 19:39:00+00:00,67285.92
2026-03-07 19:40:00+00:00,67325.91
2026-03-07 19:41:00+00:00,67245.67
2026-03-07 19:42:00+00:00,67286.36
2026-03-07 19:43:00+00:00,67300.0
2026-03-07 19:44:00+00:00,67216.96
2026-03-07 19:45:00+00:00,67262.01
2026-03-07 19:46:00+00:00,67246.48
2026-03-07 19:47:00+00:00,67259.36
2026-03-07 19:48:00+00:00,67216.32
2026-03-07 19:49:00+00:00,67177.39
2026-03-07 19:50:00+00:00,67007.96
2026-03-07 19:51:00+00:00,67063.62
2026-03-07 19:52:00+00:00,67036.97
2026-03-07 19:53:00+00:00,67000.0
2026-03-07 19:54:00+00:00,67031.99
2026-03-07 19:55:00+00:00,67015.99
2026-03-07 19:56:00+00:00,67051.78
2026-03-07 19:57:00+00:00,67105.57
2026-03-07 19:58:00+00:00,67089.23
2026-03-07 19:59:00+00:00,67080.78
2026-03-07 20:00:00+00:00,67110.91
2026-03-07 20:01:00+00:00,67126.72
2026-03-07 20:02:00+00:00,67150.47
2026-03-07 20:03:00+00:00,67185.99
2026-03-07 20:04:00+00:00,67185.96
2026-03-07 20:05:00+00:00,67207.01
2026-03-07 20:06:00+00:00,67230.63
2026-03-07 20:07:00+00:00,67242.85
2026-03-07 20:08:00+00:00,67246.81
2026-03-07 20:09:00+00:00,67191.25
2026-03-07 20:10:00+00:00,67264.38
2026-03-07 20:11:00+00:00,67267.52
2026-03-07 20:12:00+00:00,67285.28
2026-03-07 20:13:00+00:00,67261.82
2026-03-07 20:14:00+00:00,67242.52
2026-03-07 20:15:00+00:00,67227.53
2026-03-07 20:16:00+00:00,67246.74
2026-03-07 20:17:00+00:00,67283.28
2026-03-07 20:18:00+00:00,67262.25
2026-03-07 20:19:00+00:00,67251.74
2026-03-07 20:20:00+00:00,67201.76
2026-03-07 20:21:00+00:00,67254.36
2026-03-07 20:22:00+00:00,67207.99
2026-03-07 20:23:00+00:00,67245.78
2026-03-07 20:24:00+00:00,67278.65
2026-03-07 20:25:00+00:00,67261.99
2026-03-07 20:26:00+00:00,67275.36
2026-03-07 20:27:00+00:00,67281.2
2026-03-07 20:28:00+00:00,67296.44
2026-03-07 20:29:00+00:00,67246.48
2026-03-07 20:30:00+00:00,67279.72
2026-03-07 20:31:00+00:00,67262.46
2026-03-07 20:32:00+00:00,67262.45
2026-03-07 20:33:00+00:00,67270.41
2026-03-07 20:34:00+00:00,67270.41
2026-03-07 20:35:00+00:00,67311.45
2026-03-07 20:36:00+00:00,67310.98
2026-03-07 20:37:00+00:00,67326.78
2026-03-07 20:38:00+00:00,67405.35
2026-03-07 20:39:00+00:00,67383.24
2026-03-07 20:40:00+00:00,67395.4
2026-03-07 20:41:00+00:00,67400.97
2026-03-07 20:42:00+00:00,67420.43
2026-03-07 20:43:00+00:00,67396.38
2026-03-07 20:44:00+00:00,67397.56
2026-03-07 20:45:00+00:00,67411.96
2026-03-07 20:46:00+00:00,67405.81
2026-03-07 20:47:00+00:00,67385.86
2026-03-07 20:48:00+00:00,67391.98
2026-03-07 20:49:00+00:00,67401.63
2026-03-07 20:50:00+00:00,67349.04
2026-03-07 20:51:00+00:00,67365.71
2026-03-07 20:52:00+00:00,67380.01
2026-03-07 20:53:00+00:00,67383.25
2026-03-07 20:54:00+00:00,67418.84
2026-03-07 20:55:00+00:00,67407.99
2026-03-07 20:56:00+00:00,67411.97
2026-03-07 20:57:00+00:00,67393.75
2026-03-07 20:58:00+00:00,67404.28
2026-03-07 20:59:00+00:00,67396.68
2026-03-07 21:00:00+00:00,67432.91
2026-03-07 21:01:00+00:00,67391.39
2026-03-07 21:02:00+00:00,67355.05
2026-03-07 21:03:00+00:00,67372.58
2026-03-07 21:04:00+00:00,67423.8
2026-03-07 21:05:00+00:00,67404.26
2026-03-07 21:06:00+00:00,67425.7
2026-03-07 21:07:00+00:00,67406.91
2026-03-07 21:08:00+00:00,67420.97
2026-03-07 21:09:00+00:00,67446.35
2026-03-07 21:10:00+00:00,67444.46
2026-03-07 21:11:00+00:00,67443.99
2026-03-07 21:12:00+00:00,67466.0
2026-03-07 21:13:00+00:00,67446.34
2026-03-07 21:14:00+00:00,67401.98
2026-03-07 21:15:00+00:00,67430.49
2026-03-07 21:16:00+00:00,67455.47
2026-03-07 21:17:00+00:00,67463.75
2026-03-07 21:18:00+00:00,67470.8
2026-03-07 21:19:00+00:00,67393.76
2026-03-07 21:20:00+00:00,67428.93
2026-03-07 21:21:00+00:00,67443.01
2026-03-07 21:22:00+00:00,67449.36
2026-03-07 21:23:00+00:00,67440.13
2026-03-07 21:24:00+00:00,67442.71
2026-03-07 21:25:00+00:00,67466.66
2026-03-07 21:26:00+00:00,67476.0
2026-03-07 21:27:00+00:00,67471.99
2026-03-07 21:28:00+00:00,67481.55
2026-03-07 21:29:00+00:00,67457.22
2026-03-07 21:30:00+00:00,67451.96
2026-03-07 21:31:00+00:00,67376.97
2026-03-07 21:32:00+00:00,67391.12
2026-03-07 21:33:00+00:00,67414.51
2026-03-07 21:34:00+00:00,67417.43
2026-03-07 21:35:00+00:00,67322.74
2026-03-07 21:36:00+00:00,67304.54
2026-03-07 21:37:00+00:00,67294.61
2026-03-07 21:38:00+00:00,67303.99
2026-03-07 21:39:00+00:00,67330.66
2026-03-07 21:40:00+00:00,67335.54
2026-03-07 21:41:00+00:00,67322.75
2026-03-07 21:42:00+00:00,67343.47
2026-03-07 21:43:00+00:00,67361.42
2026-03-07 21:44:00+00:00,67371.43
2026-03-07 21:45:00+00:00,67346.41
2026-03-07 21:46:00+00:00,67325.38
2026-03-07 21:47:00+00:00,67303.98
2026-03-07 21:48:00+00:00,67338.52
2026-03-07 21:49:00+00:00,67362.74
2026-03-07 21:50:00+00:00,67349.99
2026-03-07 21:51:00+00:00,67337.91
2026-03-07 21:52:00+00:00,67357.96
2026-03-07 21:53:00+00:00,67360.0
2026-03-07 21:54:00+00:00,67377.98
2026-03-07 21:55:00+00:00,67360.84
2026-03-07 21:56:00+00:00,67384.99
2026-03-07 21:57:00+00:00,67447.96
2026-03-07 21:58:00+00:00,67438.45
2026-03-07 21:59:00+00:00,67451.74
2026-03-07 22:00:00+00:00,67431.79
2026-03-07 22:01:00+00:00,67448.84
2026-03-07 22:02:00+00:00,67439.96
2026-03-07 22:03:00+00:00,67438.46
2026-03-07 22:04:00+00:00,67431.7
2026-03-07 22:05:00+00:00,67472.65
2026-03-07 22:06:00+00:00,67454.11
2026-03-07 22:07:00+00:00,67432.04
2026-03-07 22:08:00+00:00,67452.2
2026-03-07 22:09:00+00:00,67388.02
2026-03-07 22:10:00+00:00,67411.14
2026-03-07 22:11:00+00:00,67389.04
2026-03-07 22:12:00+00:00,67417.12
2026-03-07 22:13:00+00:00,67378.06
2026-03-07 22:14:00+00:00,67334.0
2026-03-07 22:15:00+00:00,67339.73
2026-03-07 22:16:00+00:00,67340.89
2026-03-07 22:17:00+00:00,67369.49
2026-03-07 22:18:00+00:00,67355.64
2026-03-07 22:19:00+00:00,67362.18
2026-03-07 22:20:00+00:00,67345.88
2026-03-07 22:21:00+00:00,67300.01
2026-03-07 22:22:00+00:00,67307.02
2026-03-07 22:23:00+00:00,67304.34
2026-03-07 22:24:00+00:00,67320.11
2026-03-07 22:25:00+00:00,67308.01
2026-03-07 22:26:00+00:00,67304.37
2026-03-07 22:27:00+00:00,67294.65
2026-03-07 22:28:00+00:00,67299.08
2026-03-07 22:29:00+00:00,67272.77
2026-03-07 22:30:00+00:00,67309.1
2026-03-07 22:31:00+00:00,67313.13
2026-03-07 22:32:00+00:00,67276.06
2026-03-07 22:33:00+00:00,67222.0
2026-03-07 22:34:00+00:00,67228.05
2026-03-07 22:35:00+00:00,67130.16
2026-03-07 22:36:00+00:00,67207.01
2026-03-07 22:37:00+00:00,67199.15
2026-03-07 22:38:00+00:00,67238.58
2026-03-07 22:39:00+00:00,67246.23
2026-03-07 22:40:00+00:00,67258.53
2026-03-07 22:41:00+00:00,67272.78
2026-03-07 22:42:00+00:00,67299.07
2026-03-07 22:43:00+00:00,67296.41
2026-03-07 22:44:00+00:00,67244.54
2026-03-07 22:45:00+00:00,67330.0
2026-03-07 22:46:00+00:00,67300.07
2026-03-07 22:47:00+00:00,67303.89
2026-03-07 22:48:00+00:00,67264.88
2026-03-07 22:49:00+00:00,67276.21
2026-03-07 22:50:00+00:00,67292.64
2026-03-07 22:51:00+00:00,67288.75
2026-03-07 22:52:00+00:00,67296.84
2026-03-07 22:53:00+00:00,67268.13
2026-03-07 22:54:00+00:00,67267.23
2026-03-07 22:55:00+00:00,67244.27
2026-03-07 22:56:00+00:00,67239.93
2026-03-07 22:57:00+00:00,67234.8
2026-03-07 22:58:00+00:00,67246.44
2026-03-07 22:59:00+00:00,67262.01
2026-03-07 23:00:00+00:00,67237.14
2026-03-07 23:01:00+00:00,67211.37
2026-03-07 23:02:00+00:00,67278.02
2026-03-07 23:03:00+00:00,67297.91
2026-03-07 23:04:00+00:00,67341.15
2026-03-07 23:05:00+00:00,67359.84
2026-03-07 23:06:00+00:00,67351.01
2026-03-07 23:07:00+00:00,67348.09
2026-03-07 23:08:00+00:00,67354.3
2026-03-07 23:09:00+00:00,67310.06
2026-03-07 23:10:00+00:00,67355.31
2026-03-07 23:11:00+00:00,67333.05
2026-03-07 23:12:00+00:00,67325.48
2026-03-07 23:13:00+00:00,67328.48
2026-03-07 23:14:00+00:00,67328.08
2026-03-07 23:15:00+00:00,67317.49
2026-03-07 23:16:00+00:00,67335.85
2026-03-07 23:17:00+00:00,67348.21
2026-03-07 23:18:00+00:00,67366.0
2026-03-07 23:19:00+00:00,67321.98
2026-03-07 23:20:00+00:00,67358.59
2026-03-07 23:21:00+00:00,67368.02
2026-03-07 23:22:00+00:00,67384.23
2026-03-07 23:23:00+00:00,67381.88
2026-03-07 23:24:00+00:00,67388.0
2026-03-07 23:25:00+00:00,67360.0
2026-03-07 23:26:00+00:00,67331.98
2026-03-07 23:27:00+00:00,67354.01
2026-03-07 23:28:00+00:00,67351.66
2026-03-07 23:29:00+00:00,67369.82
2026-03-07 23:30:00+00:00,67375.99
2026-03-07 23:31:00+00:00,67375.96
2026-03-07 23:32:00+00:00,67370.94
2026-03-07 23:33:00+00:00,67376.0
2026-03-07 23:34:00+00:00,67346.42
2026-03-07 23:35:00+00:00,67394.82
2026-03-07 23:36:00+00:00,67366.01
2026-03-07 23:37:00+00:00,67359.56
2026-03-07 23:38:00+00:00,67323.96
2026-03-07 23:39:00+00:00,67316.47
2026-03-07 23:40:00+00:00,67326.6
2026-03-07 23:41:00+00:00,67340.56
2026-03-07 23:42:00+00:00,67336.5
2026-03-07 23:43:00+00:00,67329.34
2026-03-07 23:44:00+00:00,67348.27
2026-03-07 23:45:00+00:00,67322.1
2026-03-07 23:46:00+00:00,67272.78
2026-03-07 23:47:00+00:00,67279.0
2026-03-07 23:48:00+00:00,67284.28
2026-03-07 23:49:00+00:00,67256.99
2026-03-07 23:50:00+00:00,67241.2
2026-03-07 23:51:00+00:00,67256.02
2026-03-07 23:52:00+00:00,67245.68
2026-03-07 23:53:00+00:00,67277.37
2026-03-07 23:54:00+00:00,67279.66
2026-03-07 23:55:00+00:00,67279.64
2026-03-07 23:56:00+00:00,67258.01
2026-03-07 23:57:00+00:00,67275.98
2026-03-07 23:58:00+00:00,67276.43
2026-03-07 23:59:00+00:00,67259.62
2026-03-08 00:00:00+00:00,67304.26
2026-03-08 00:01:00+00:00,67322.75
2026-03-08 00:02:00+00:00,67368.38
2026-03-08 00:03:00+00:00,67377.68
2026-03-08 00:04:00+00:00,67382.03
2026-03-08 00:05:00+00:00,67405.0
2026-03-08 00:06:00+00:00,67376.0
2026-03-08 00:07:00+00:00,67390.39
2026-03-08 00:08:00+00:00,67409.53
2026-03-08 00:09:00+00:00,67408.02
2026-03-08 00:10:00+00:00,67444.01
2026-03-08 00:11:00+00:00,67430.58
2026-03-08 00:12:00+00:00,67433.21
2026-03-08 00:13:00+00:00,67440.97
2026-03-08 00:14:00+00:00,67398.94
2026-03-08 00:15:00+00:00,67417.43
2026-03-08 00:16:00+00:00,67431.01
2026-03-08 00:17:00+00:00,67432.81
2026-03-08 00:18:00+00:00,67431.6
2026-03-08 00:19:00+00:00,67402.64
2026-03-08 00:20:00+00:00,67424.03
2026-03-08 00:21:00+00:00,67454.23
2026-03-08 00:22:00+00:00,67479.98
2026-03-08 00:23:00+00:00,67385.86
2026-03-08 00:24:00+00:00,67367.46
2026-03-08 00:25:00+00:00,67359.57
2026-03-08 00:26:00+00:00,67338.51
2026-03-08 00:27:00+00:00,67345.94
2026-03-08 00:28:00+00:00,67349.99
2026-03-08 00:29:00+00:00,67343.12
2026-03-08 00:30:00+00:00,67356.93
2026-03-08 00:31:00+00:00,67326.01
2026-03-08 00:32:00+00:00,67334.99
2026-03-08 00:33:00+00:00,67329.95
2026-03-08 00:34:00+00:00,67330.64
2026-03-08 00:35:00+00:00,67295.48
2026-03-08 00:36:00+00:00,67270.55
2026-03-08 00:37:00+00:00,67272.77
2026-03-08 00:38:00+00:00,67293.86
2026-03-08 00:39:00+00:00,67318.0
2026-03-08 00:40:00+00:00,67328.0
2026-03-08 00:41:00+00:00,67299.08
2026-03-08 00:42:00+00:00,67288.57
2026-03-08 00:43:00+00:00,67254.35
2026-03-08 00:44:00+00:00,67317.48
2026-03-08 00:45:00+00:00,67272.78
2026-03-08 00:46:00+00:00,67233.32
2026-03-08 00:47:00+00:00,67211.37
2026-03-08 00:48:00+00:00,67196.51
2026-03-08 00:49:00+00:00,67204.39
2026-03-08 00:50:00+00:00,67223.14
2026-03-08 00:51:00+00:00,67206.09
2026-03-08 00:52:00+00:00,67175.0
2026-03-08 00:53:00+00:00,67181.83
2026-03-08 00:54:00+00:00,67205.96
2026-03-08 00:55:00+00:00,67178.09
2026-03-08 00:56:00+00:00,67197.24
2026-03-08 00:57:00+00:00,67223.78
2026-03-08 00:58:00+00:00,67228.38
2026-03-08 00:59:00+00:00,67189.25
2026-03-08 01:00:00+00:00,67199.14
2026-03-08 01:01:00+00:00,67170.53
2026-03-08 01:02:00+00:00,67188.43
2026-03-08 01:03:00+00:00,67193.87
2026-03-08 01:04:00+00:00,67170.47
2026-03-08 01:05:00+00:00,67170.0
2026-03-08 01:06:00+00:00,67217.21
2026-03-08 01:07:00+00:00,67280.07
2026-03-08 01:08:00+00:00,67273.32
2026-03-08 01:09:00+00:00,67284.2
2026-03-08 01:10:00+00:00,67231.41
2026-03-08 01:11:00+00:00,67223.96
2026-03-08 01:12:00+00:00,67261.08
2026-03-08 01:13:00+00:00,67259.95
2026-03-08 01:14:00+00:00,67275.58
2026-03-08 01:15:00+00:00,67276.1
2026-03-08 01:16:00+00:00,67320.01
2026-03-08 01:17:00+00:00,67305.61
2026-03-08 01:18:00+00:00,67264.67
2026-03-08 01:19:00+00:00,67267.33
2026-03-08 01:20:00+00:00,67289.96
2026-03-08 01:21:00+00:00,67297.68
2026-03-08 01:22:00+00:00,67259.63
2026-03-08 01:23:00+00:00,67283.21
2026-03-08 01:24:00+00:00,67246.56
2026-03-08 01:25:00+00:00,67288.54
2026-03-08 01:26:00+00:00,67267.52
2026-03-08 01:27:00+00:00,67256.35
2026-03-08 01:28:00+00:00,67279.5
2026-03-08 01:29:00+00:00,67228.67
2026-03-08 01:30:00+00:00,67157.06
2026-03-08 01:31:00+00:00,67136.0
2026-03-08 01:32:00+00:00,67101.74
2026-03-08 01:33:00+00:00,67120.23
2026-03-08 01:34:00+00:00,67091.32
2026-03-08 01:35:00+00:00,67090.0
2026-03-08 01:36:00+00:00,67188.62
2026-03-08 01:37:00+00:00,67228.99
2026-03-08 01:38:00+00:00,67244.99
2026-03-08 01:39:00+00:00,67235.39
2026-03-08 01:40:00+00:00,67233.04
2026-03-08 01:41:00+00:00,67233.34
2026-03-08 01:42:00+00:00,67241.55
2026-03-08 01:43:00+00:00,67280.51
2026-03-08 01:44:00+00:00,67307.42
2026-03-08 01:45:00+00:00,67288.55
2026-03-08 01:46:00+00:00,67300.0
2026-03-08 01:47:00+00:00,67314.86
2026-03-08 01:48:00+00:00,67313.18
2026-03-08 01:49:00+00:00,67326.94
2026-03-08 01:50:00+00:00,67330.97
2026-03-08 01:51:00+00:00,67336.93
2026-03-08 01:52:00+00:00,67347.67
2026-03-08 01:53:00+00:00,67340.0
2026-03-08 01:54:00+00:00,67350.0
2026-03-08 01:55:00+00:00,67330.65
2026-03-08 01:56:00+00:00,67330.64
2026-03-08 01:57:00+00:00,67305.15
2026-03-08 01:58:00+00:00,67292.69
2026-03-08 01:59:00+00:00,67292.02
2026-03-08 02:00:00+00:00,67285.3
2026-03-08 02:01:00+00:00,67263.9
2026-03-08 02:02:00+00:00,67267.5
2026-03-08 02:03:00+00:00,67260.01
2026-03-08 02:04:00+00:00,67261.43
2026-03-08 02:05:00+00:00,67264.0
2026-03-08 02:06:00+00:00,67272.0
2026-03-08 02:07:00+00:00,67286.68
2026-03-08 02:08:00+00:00,67281.12
2026-03-08 02:09:00+00:00,67229.59
2026-03-08 02:10:00+00:00,67229.07
2026-03-08 02:11:00+00:00,67231.36
2026-03-08 02:12:00+00:00,67223.19
2026-03-08 02:13:00+00:00,67238.19
2026-03-08 02:14:00+00:00,67312.22
2026-03-08 02:15:00+00:00,67320.11
2026-03-08 02:16:00+00:00,67330.37
2026-03-08 02:17:00+00:00,67342.13
2026-03-08 02:18:00+00:00,67288.55
2026-03-08 02:19:00+00:00,67256.98
2026-03-08 02:20:00+00:00,67278.31
2026-03-08 02:21:00+00:00,67291.18
2026-03-08 02:22:00+00:00,67293.11
2026-03-08 02:23:00+00:00,67283.96
2026-03-08 02:24:00+00:00,67284.96
2026-03-08 02:25:00+00:00,67295.57
2026-03-08 02:26:00+00:00,67275.41
2026-03-08 02:27:00+00:00,67244.0
2026-03-08 02:28:00+00:00,67232.76
2026-03-08 02:29:00+00:00,67215.99
2026-03-08 02:30:00+00:00,67170.2
2026-03-08 02:31:00+00:00,67138.64
2026-03-08 02:32:00+00:00,67141.56
2026-03-08 02:33:00+00:00,67183.28
2026-03-08 02:34:00+00:00,67191.91
2026-03-08 02:35:00+00:00,67217.0
2026-03-08 02:36:00+00:00,67187.25
2026-03-08 02:37:00+00:00,67165.04
2026-03-08 02:38:00+00:00,67207.97
2026-03-08 02:39:00+00:00,67190.02
2026-03-08 02:40:00+00:00,67224.13
2026-03-08 02:41:00+00:00,67222.8
2026-03-08 02:42:00+00:00,67230.72
2026-03-08 02:43:00+00:00,67413.51
2026-03-08 02:44:00+00:00,67390.46
2026-03-08 02:45:00+00:00,67305.84
2026-03-08 02:46:00+00:00,67293.81
2026-03-08 02:47:00+00:00,67180.74
2026-03-08 02:48:00+00:00,67199.34
2026-03-08 02:49:00+00:00,67072.01
2026-03-08 02:50:00+00:00,66858.01
2026-03-08 02:51:00+00:00,66907.31
2026-03-08 02:52:00+00:00,66962.43
2026-03-08 02:53:00+00:00,66990.12
2026-03-08 02:54:00+00:00,67008.0
2026-03-08 02:55:00+00:00,67015.03
2026-03-08 02:56:00+00:00,66938.76
2026-03-08 02:57:00+00:00,66973.84
2026-03-08 02:58:00+00:00,66917.73
2026-03-08 02:59:00+00:00,66921.35
2026-03-08 03:00:00+00:00,66914.62
2026-03-08 03:01:00+00:00,66912.0
2026-03-08 03:02:00+00:00,66924.99
2026-03-08 03:03:00+00:00,66940.69
2026-03-08 03:04:00+00:00,66915.1
2026-03-08 03:05:00+00:00,66933.87
2026-03-08 03:06:00+00:00,66986.0
2026-03-08 03:07:00+00:00,67012.02
2026-03-08 03:08:00+00:00,66951.47
2026-03-08 03:09:00+00:00,66908.0
2026-03-08 03:10:00+00:00,66962.43
2026-03-08 03:11:00+00:00,66946.65
2026-03-08 03:12:00+00:00,66978.55
2026-03-08 03:13:00+00:00,66973.54
2026-03-08 03:14:00+00:00,66967.42
2026-03-08 03:15:00+00:00,67017.33
2026-03-08 03:16:00+00:00,67062.09
2026-03-08 03:17:00+00:00,67044.58
2026-03-08 03:18:00+00:00,67003.97
2026-03-08 03:19:00+00:00,67024.41
2026-03-08 03:20:00+00:00,67012.0
2026-03-08 03:21:00+00:00,66988.75
2026-03-08 03:22:00+00:00,67001.89
2026-03-08 03:23:00+00:00,67029.81
2026-03-08 03:24:00+00:00,67033.29
2026-03-08 03:25:00+00:00,66999.25
2026-03-08 03:26:00+00:00,66995.97
2026-03-08 03:27:00+00:00,66996.65
2026-03-08 03:28:00+00:00,66993.17
2026-03-08 03:29:00+00:00,66994.0
2026-03-08 03:30:00+00:00,67023.47
2026-03-08 03:31:00+00:00,66957.16
2026-03-08 03:32:00+00:00,66968.02
2026-03-08 03:33:00+00:00,66929.72
2026-03-08 03:34:00+00:00,67002.99
2026-03-08 03:35:00+00:00,66968.54
2026-03-08 03:36:00+00:00,66993.18
2026-03-08 03:37:00+00:00,66992.8
2026-03-08 03:38:00+00:00,67020.29
2026-03-08 03:39:00+00:00,66986.39
2026-03-08 03:40:00+00:00,66970.33
2026-03-08 03:41:00+00:00,66993.6
2026-03-08 03:42:00+00:00,66967.76
2026-03-08 03:43:00+00:00,67004.52
2026-03-08 03:44:00+00:00,66992.44
2026-03-08 03:45:00+00:00,67023.02
2026-03-08 03:46:00+00:00,67032.89
2026-03-08 03:47:00+00:00,67030.01
2026-03-08 03:48:00+00:00,67049.97
2026-03-08 03:49:00+00:00,66988.74
2026-03-08 03:50:00+00:00,67017.29
2026-03-08 03:51:00+00:00,67014.0
2026-03-08 03:52:00+00:00,67026.19
2026-03-08 03:53:00+00:00,67033.12
2026-03-08 03:54:00+00:00,67004.52
2026-03-08 03:55:00+00:00,67034.0
2026-03-08 03:56:00+00:00,67049.27
2026-03-08 03:57:00+00:00,67031.59
2026-03-08 03:58:00+00:00,67048.04
2026-03-08 03:59:00+00:00,67001.16
2026-03-08 04:00:00+00:00,67005.08
2026-03-08 04:01:00+00:00,66980.85
2026-03-08 04:02:00+00:00,66965.0
2026-03-08 04:03:00+00:00,66965.05
2026-03-08 04:04:00+00:00,67020.29
2026-03-08 04:05:00+00:00,67005.91
2026-03-08 04:06:00+00:00,67019.99
2026-03-08 04:07:00+00:00,67055.49
2026-03-08 04:08:00+00:00,67078.0
2026-03-08 04:09:00+00:00,67032.59
2026-03-08 04:10:00+00:00,67020.29
2026-03-08 04:11:00+00:00,67025.54
2026-03-08 04:12:00+00:00,66975.49
2026-03-08 04:13:00+00:00,66942.97
2026-03-08 04:14:00+00:00,67023.94
2026-03-08 04:15:00+00:00,66972.96
2026-03-08 04:16:00+00:00,66999.02
2026-03-08 04:17:00+00:00,67022.21
2026-03-08 04:18:00+00:00,67047.19
2026-03-08 04:19:00+00:00,67066.22
2026-03-08 04:20:00+00:00,67075.11
2026-03-08 04:21:00+00:00,67057.06
2026-03-08 04:22:00+00:00,67051.03
2026-03-08 04:23:00+00:00,67062.37
2026-03-08 04:24:00+00:00,67039.72
2026-03-08 04:25:00+00:00,67036.06
2026-03-08 04:26:00+00:00,67042.96
2026-03-08 04:27:00+00:00,67033.41
2026-03-08 04:28:00+00:00,67009.47
2026-03-08 04:29:00+00:00,66999.26
2026-03-08 04:30:00+00:00,66999.67
2026-03-08 04:31:00+00:00,66983.88
2026-03-08 04:32:00+00:00,67000.48
2026-03-08 04:33:00+00:00,67006.85
2026-03-08 04:34:00+00:00,66994.0
2026-03-08 04:35:00+00:00,66954.54
2026-03-08 04:36:00+00:00,66970.31
2026-03-08 04:37:00+00:00,66943.7
2026-03-08 04:38:00+00:00,66946.44
2026-03-08 04:39:00+00:00,66983.19
2026-03-08 04:40:00+00:00,66955.44
2026-03-08 04:41:00+00:00,66936.12
2026-03-08 04:42:00+00:00,66949.0
2026-03-08 04:43:00+00:00,66948.02
2026-03-08 04:44:00+00:00,66949.29
2026-03-08 04:45:00+00:00,66940.94
2026-03-08 04:46:00+00:00,66926.01
2026-03-08 04:47:00+00:00,66850.0
2026-03-08 04:48:00+00:00,66866.0
2026-03-08 04:49:00+00:00,66870.39
2026-03-08 04:50:00+00:00,66819.32
2026-03-08 04:51:00+00:00,66867.05
2026-03-08 04:52:00+00:00,66879.02
2026-03-08 04:53:00+00:00,66756.92
2026-03-08 04:54:00+00:00,66626.65
2026-03-08 04:55:00+00:00,66621.99
2026-03-08 04:56:00+00:00,66641.57
2026-03-08 04:57:00+00:00,66611.65
2026-03-08 04:58:00+00:00,66652.09
2026-03-08 04:59:00+00:00,66631.06
2026-03-08 05:00:00+00:00,66673.14
2026-03-08 05:01:00+00:00,66720.86
2026-03-08 05:02:00+00:00,66743.88
2026-03-08 05:03:00+00:00,66773.08
2026-03-08 05:04:00+00:00,66770.43
2026-03-08 05:05:00+00:00,66814.14
2026-03-08 05:06:00+00:00,66829.24
2026-03-08 05:07:00+00:00,66906.0
2026-03-08 05:08:00+00:00,66907.21
2026-03-08 05:09:00+00:00,66910.02
2026-03-08 05:10:00+00:00,66917.78
2026-03-08 05:11:00+00:00,66943.71
2026-03-08 05:12:00+00:00,66917.44
2026-03-08 05:13:00+00:00,66958.67
2026-03-08 05:14:00+00:00,66977.19
2026-03-08 05:15:00+00:00,66970.32
2026-03-08 05:16:00+00:00,66984.8
2026-03-08 05:17:00+00:00,66992.0
2026-03-08 05:18:00+00:00,67028.16
2026-03-08 05:19:00+00:00,67020.29
2026-03-08 05:20:00+00:00,67051.85
2026-03-08 05:21:00+00:00,67062.36
2026-03-08 05:22:00+00:00,67143.67
2026-03-08 05:23:00+00:00,67125.33
2026-03-08 05:24:00+00:00,67141.27
2026-03-08 05:25:00+00:00,67176.08
2026-03-08 05:26:00+00:00,67173.54
2026-03-08 05:27:00+00:00,67159.67
2026-03-08 05:28:00+00:00,67157.99
2026-03-08 05:29:00+00:00,67125.59
2026-03-08 05:30:00+00:00,67162.24
2026-03-08 05:31:00+00:00,67201.99
2026-03-08 05:32:00+00:00,67110.67
2026-03-08 05:33:00+00:00,67120.24
2026-03-08 05:34:00+00:00,67100.97
2026-03-08 05:35:00+00:00,67120.99
2026-03-08 05:36:00+00:00,67144.32
2026-03-08 05:37:00+00:00,67145.91
2026-03-08 05:38:00+00:00,67157.07
2026-03-08 05:39:00+00:00,67175.46
2026-03-08 05:40:00+00:00,67186.55
2026-03-08 05:41:00+00:00,67163.36
2026-03-08 05:42:00+00:00,67159.68
2026-03-08 05:43:00+00:00,67185.97
2026-03-08 05:44:00+00:00,67184.4
2026-03-08 05:45:00+00:00,67197.73
2026-03-08 05:46:00+00:00,67212.58
2026-03-08 05:47:00+00:00,67207.3
2026-03-08 05:48:00+00:00,67204.38
2026-03-08 05:49:00+00:00,67222.68
2026-03-08 05:50:00+00:00,67204.39
2026-03-08 05:51:00+00:00,67201.78
2026-03-08 05:52:00+00:00,67176.98
2026-03-08 05:53:00+00:00,67159.68
2026-03-08 05:54:00+00:00,67224.79
2026-03-08 05:55:00+00:00,67243.77
2026-03-08 05:56:00+00:00,67178.1
2026-03-08 05:57:00+00:00,67180.15
2026-03-08 05:58:00+00:00,67137.15
2026-03-08 05:59:00+00:00,67145.98
2026-03-08 06:00:00+00:00,67164.0
2026-03-08 06:01:00+00:00,67163.76
2026-03-08 06:02:00+00:00,67190.48
2026-03-08 06:03:00+00:00,67207.03
2026-03-08 06:04:00+00:00,67217.53
2026-03-08 06:05:00+00:00,67202.0
2026-03-08 06:06:00+00:00,67163.61
2026-03-08 06:07:00+00:00,67193.86
2026-03-08 06:08:00+00:00,67186.97
2026-03-08 06:09:00+00:00,67196.5
2026-03-08 06:10:00+00:00,67185.99
2026-03-08 06:11:00+00:00,67153.38
2026-03-08 06:12:00+00:00,67117.61
2026-03-08 06:13:00+00:00,67099.35
2026-03-08 06:14:00+00:00,67096.57
2026-03-08 06:15:00+00:00,67120.24
2026-03-08 06:16:00+00:00,67130.76
2026-03-08 06:17:00+00:00,67134.74
2026-03-08 06:18:00+00:00,67141.27
2026-03-08 06:19:00+00:00,67086.04
2026-03-08 06:20:00+00:00,67113.66
2026-03-08 06:21:00+00:00,67134.47
2026-03-08 06:22:00+00:00,67154.01
2026-03-08 06:23:00+00:00,67136.02
2026-03-08 06:24:00+00:00,67128.12
2026-03-08 06:25:00+00:00,67128.44
2026-03-08 06:26:00+00:00,67114.84
2026-03-08 06:27:00+00:00,67100.67
2026-03-08 06:28:00+00:00,67078.86
2026-03-08 06:29:00+00:00,67048.37
2026-03-08 06:30:00+00:00,67062.0
2026-03-08 06:31:00+00:00,67077.7
2026-03-08 06:32:00+00:00,67064.99
2026-03-08 06:33:00+00:00,67079.03
2026-03-08 06:34:00+00:00,67038.71
2026-03-08 06:35:00+00:00,67058.14
2026-03-08 06:36:00+00:00,67077.36
2026-03-08 06:37:00+00:00,67082.01
2026-03-08 06:38:00+00:00,67100.43
2026-03-08 06:39:00+00:00,67124.33
2026-03-08 06:40:00+00:00,67118.06
2026-03-08 06:41:00+00:00,67122.87
2026-03-08 06:42:00+00:00,67143.9
2026-03-08 06:43:00+00:00,67130.74
2026-03-08 06:44:00+00:00,67118.35
2026-03-08 06:45:00+00:00,67138.01
2026-03-08 06:46:00+00:00,67143.9
2026-03-08 06:47:00+00:00,67150.62
2026-03-08 06:48:00+00:00,67132.03
2026-03-08 06:49:00+00:00,67114.98
2026-03-08 06:50:00+00:00,67130.74
2026-03-08 06:51:00+00:00,67122.02
2026-03-08 06:52:00+00:00,67122.89
2026-03-08 06:53:00+00:00,67112.12
2026-03-08 06:54:00+00:00,67128.12
2026-03-08 06:55:00+00:00,67151.79
2026-03-08 06:56:00+00:00,67162.31
2026-03-08 06:57:00+00:00,67174.3
2026-03-08 06:58:00+00:00,67188.01
2026-03-08 06:59:00+00:00,67162.04
2026-03-08 07:00:00+00:00,67165.78
2026-03-08 07:01:00+00:00,67159.42
2026-03-08 07:02:00+00:00,67175.12
2026-03-08 07:03:00+00:00,67220.0
2026-03-08 07:04:00+00:00,67264.77
2026-03-08 07:05:00+00:00,67384.25
2026-03-08 07:06:00+00:00,67346.41
2026-03-08 07:07:00+00:00,67333.0
2026-03-08 07:08:00+00:00,67334.58
2026-03-08 07:09:00+00:00,67371.72
2026-03-08 07:10:00+00:00,67393.76
2026-03-08 07:11:00+00:00,67372.72
2026-03-08 07:12:00+00:00,67381.86
2026-03-08 07:13:00+00:00,67354.01
2026-03-08 07:14:00+00:00,67377.5
2026-03-08 07:15:00+00:00,67356.13
2026-03-08 07:16:00+00:00,67351.39
2026-03-08 07:17:00+00:00,67381.31
2026-03-08 07:18:00+00:00,67362.06
2026-03-08 07:19:00+00:00,67394.89
2026-03-08 07:20:00+00:00,67404.27
2026-03-08 07:21:00+00:00,67356.64
2026-03-08 07:22:00+00:00,67350.1
2026-03-08 07:23:00+00:00,67328.01
2026-03-08 07:24:00+00:00,67330.49
2026-03-08 07:25:00+00:00,67307.7
2026-03-08 07:26:00+00:00,67316.54
2026-03-08 07:27:00+00:00,67283.61
2026-03-08 07:28:00+00:00,67294.7
2026-03-08 07:29:00+00:00,67356.94
2026-03-08 07:30:00+00:00,67362.2
2026-03-08 07:31:00+00:00,67349.05
2026-03-08 07:32:00+00:00,67344.01
2026-03-08 07:33:00+00:00,67335.9
2026-03-08 07:34:00+00:00,67357.25
2026-03-08 07:35:00+00:00,67315.43
2026-03-08 07:36:00+00:00,67326.49
2026-03-08 07:37:00+00:00,67339.24
2026-03-08 07:38:00+00:00,67342.74
2026-03-08 07:39:00+00:00,67347.99
2026-03-08 07:40:00+00:00,67328.02
2026-03-08 07:41:00+00:00,67328.62
2026-03-08 07:42:00+00:00,67338.53
2026-03-08 07:43:00+00:00,67330.89
2026-03-08 07:44:00+00:00,67309.56
2026-03-08 07:45:00+00:00,67309.56
2026-03-08 07:46:00+00:00,67309.51
2026-03-08 07:47:00+00:00,67273.14
2026-03-08 07:48:00+00:00,67293.82
2026-03-08 07:49:00+00:00,67266.38
2026-03-08 07:50:00+00:00,67278.0
2026-03-08 07:51:00+00:00,67309.6
2026-03-08 07:52:00+00:00,67308.59
2026-03-08 07:53:00+00:00,67286.57
2026-03-08 07:54:00+00:00,67272.76
2026-03-08 07:55:00+00:00,67272.77
2026-03-08 07:56:00+00:00,67264.88
2026-03-08 07:57:00+00:00,67278.03
2026-03-08 07:58:00+00:00,67275.99
2026-03-08 07:59:00+00:00,67314.86
2026-03-08 08:00:00+00:00,67351.47
2026-03-08 08:01:00+00:00,67296.44
2026-03-08 08:02:00+00:00,67272.77
2026-03-08 08:03:00+00:00,67308.0
2026-03-08 08:04:00+00:00,67315.8
2026-03-08 08:05:00+00:00,67280.67
2026-03-08 08:06:00+00:00,67303.71
2026-03-08 08:07:00+00:00,67325.38
2026-03-08 08:08:00+00:00,67327.83
2026-03-08 08:09:00+00:00,67281.98
2026-03-08 08:10:00+00:00,67267.94
2026-03-08 08:11:00+00:00,67309.59
2026-03-08 08:12:00+00:00,67324.01
2026-03-08 08:13:00+00:00,67325.37
2026-03-08 08:14:00+00:00,67239.49
2026-03-08 08:15:00+00:00,67215.45
2026-03-08 08:16:00+00:00,67198.34
2026-03-08 08:17:00+00:00,67186.76
2026-03-08 08:18:00+00:00,67198.11
2026-03-08 08:19:00+00:00,67275.67
2026-03-08 08:20:00+00:00,67270.69
2026-03-08 08:21:00+00:00,67279.98
2026-03-08 08:22:00+00:00,67258.17
2026-03-08 08:23:00+00:00,67251.1
2026-03-08 08:24:00+00:00,67291.18
2026-03-08 08:25:00+00:00,67256.03
2026-03-08 08:26:00+00:00,67258.71
2026-03-08 08:27:00+00:00,67261.17
2026-03-08 08:28:00+00:00,67276.52
2026-03-08 08:29:00+00:00,67274.24
2026-03-08 08:30:00+00:00,67280.66
2026-03-08 08:31:00+00:00,67291.8
2026-03-08 08:32:00+00:00,67266.69
2026-03-08 08:33:00+00:00,67249.1
2026-03-08 08:34:00+00:00,67304.06
2026-03-08 08:35:00+00:00,67306.12
2026-03-08 08:36:00+00:00,67309.58
2026-03-08 08:37:00+00:00,67294.01
2026-03-08 08:38:00+00:00,67303.78
2026-03-08 08:39:00+00:00,67322.74
2026-03-08 08:40:00+00:00,67424.1
2026-03-08 08:41:00+00:00,67415.43
2026-03-08 08:42:00+00:00,67430.57
2026-03-08 08:43:00+00:00,67458.0
2026-03-08 08:44:00+00:00,67491.73
2026-03-08 08:45:00+00:00,67496.32
2026-03-08 08:46:00+00:00,67541.04
2026-03-08 08:47:00+00:00,67505.01
2026-03-08 08:48:00+00:00,67461.71
2026-03-08 08:49:00+00:00,67456.35
2026-03-08 08:50:00+00:00,67497.75
2026-03-08 08:51:00+00:00,67459.54
2026-03-08 08:52:00+00:00,67454.24
2026-03-08 08:53:00+00:00,67501.91
2026-03-08 08:54:00+00:00,67522.02
2026-03-08 08:55:00+00:00,67497.48
2026-03-08 08:56:00+00:00,67554.18
2026-03-08 08:57:00+00:00,67541.4
2026-03-08 08:58:00+00:00,67535.99
2026-03-08 08:59:00+00:00,67527.89
2026-03-08 09:00:00+00:00,67530.51
2026-03-08 09:01:00+00:00,67488.44
2026-03-08 09:02:00+00:00,67467.39
2026-03-08 09:03:00+00:00,67482.91
2026-03-08 09:04:00+00:00,67502.01
2026-03-08 09:05:00+00:00,67534.16
2026-03-08 09:06:00+00:00,67519.99
2026-03-08 09:07:00+00:00,67495.88
2026-03-08 09:08:00+00:00,67514.74
2026-03-08 09:09:00+00:00,67515.94
2026-03-08 09:10:00+00:00,67566.02
2026-03-08 09:11:00+00:00,67575.31
2026-03-08 09:12:00+00:00,67611.5
2026-03-08 09:13:00+00:00,67668.57
2026-03-08 09:14:00+00:00,67754.07
2026-03-08 09:15:00+00:00,67756.13
2026-03-08 09:16:00+00:00,67836.0
2026-03-08 09:17:00+00:00,67772.48
2026-03-08 09:18:00+00:00,67786.95
2026-03-08 09:19:00+00:00,67779.74
2026-03-08 09:20:00+00:00,67738.28
2026-03-08 09:21:00+00:00,67761.92
2026-03-08 09:22:00+00:00,67730.54
2026-03-08 09:23:00+00:00,67748.81
2026-03-08 09:24:00+00:00,67774.0
2026-03-08 09:25:00+00:00,67733.02
2026-03-08 09:26:00+00:00,67750.67
2026-03-08 09:27:00+00:00,67772.01
2026-03-08 09:28:00+00:00,67809.29
2026-03-08 09:29:00+00:00,67843.48
2026-03-08 09:30:00+00:00,67780.37
2026-03-08 09:31:00+00:00,67751.43
2026-03-08 09:32:00+00:00,67789.32
2026-03-08 09:33:00+00:00,67751.43
2026-03-08 09:34:00+00:00,67758.83
2026-03-08 09:35:00+00:00,67734.65
2026-03-08 09:36:00+00:00,67735.38
2026-03-08 09:37:00+00:00,67718.02
2026-03-08 09:38:00+00:00,67727.76
2026-03-08 09:39:00+00:00,67751.43
2026-03-08 09:40:00+00:00,67740.24
2026-03-08 09:41:00+00:00,67748.49
2026-03-08 09:42:00+00:00,67740.92
2026-03-08 09:43:00+00:00,67742.28
2026-03-08 09:44:00+00:00,67743.55
2026-03-08 09:45:00+00:00,67735.65
2026-03-08 09:46:00+00:00,67717.25
2026-03-08 09:47:00+00:00,67709.49
2026-03-08 09:48:00+00:00,67716.01
2026-03-08 09:49:00+00:00,67718.86
2026-03-08 09:50:00+00:00,67708.01
2026-03-08 09:51:00+00:00,67717.25
2026-03-08 09:52:00+00:00,67703.23
2026-03-08 09:53:00+00:00,67708.97
2026-03-08 09:54:00+00:00,67689.02
2026-03-08 09:55:00+00:00,67736.35
2026-03-08 09:56:00+00:00,67711.99
2026-03-08 09:57:00+00:00,67724.44
2026-03-08 09:58:00+00:00,67732.76
2026-03-08 09:59:00+00:00,67689.99
2026-03-08 10:00:00+00:00,67724.59
2026-03-08 10:01:00+00:00,67745.12
2026-03-08 10:02:00+00:00,67787.08
2026-03-08 10:03:00+00:00,67798.78
2026-03-08 10:04:00+00:00,67798.77
2026-03-08 10:05:00+00:00,67862.01
2026-03-08 10:06:00+00:00,67793.24
2026-03-08 10:07:00+00:00,67782.99
2026-03-08 10:08:00+00:00,67823.6
2026-03-08 10:09:00+00:00,67805.05
2026-03-08 10:10:00+00:00,67792.55
2026-03-08 10:11:00+00:00,67817.14
2026-03-08 10:12:00+00:00,67848.74
2026-03-08 10:13:00+00:00,67868.28
2026-03-08 10:14:00+00:00,67871.27
2026-03-08 10:15:00+00:00,67866.89
2026-03-08 10:16:00+00:00,67876.65
2026-03-08 10:17:00+00:00,67903.92
2026-03-08 10:18:00+00:00,67906.6
2026-03-08 10:19:00+00:00,67936.02
2026-03-08 10:20:00+00:00,67924.52
2026-03-08 10:21:00+00:00,67925.01
2026-03-08 10:22:00+00:00,67993.4
2026-03-08 10:23:00+00:00,68056.74
2026-03-08 10:24:00+00:00,68092.1
2026-03-08 10:25:00+00:00,68182.75
2026-03-08 10:26:00+00:00,68182.67
2026-03-08 10:27:00+00:00,68140.67
2026-03-08 10:28:00+00:00,68058.0
2026-03-08 10:29:00+00:00,68048.63
2026-03-08 10:30:00+00:00,68018.7
2026-03-08 10:31:00+00:00,68037.21
2026-03-08 10:32:00+00:00,68030.21
2026-03-08 10:33:00+00:00,67994.0
2026-03-08 10:34:00+00:00,68068.0
2026-03-08 10:35:00+00:00,68019.69
2026-03-08 10:36:00+00:00,68036.0
2026-03-08 10:37:00+00:00,67961.84
2026-03-08 10:38:00+00:00,67949.75
2026-03-08 10:39:00+00:00,67968.03
2026-03-08 10:40:00+00:00,67945.0
2026-03-08 10:41:00+00:00,67955.66
2026-03-08 10:42:00+00:00,67948.82
2026-03-08 10:43:00+00:00,67942.0
2026-03-08 10:44:00+00:00,67972.35
2026-03-08 10:45:00+00:00,67921.35
2026-03-08 10:46:00+00:00,67925.21
2026-03-08 10:47:00+00:00,67909.52
2026-03-08 10:48:00+00:00,67914.5
2026-03-08 10:49:00+00:00,67897.13
2026-03-08 10:50:00+00:00,67898.96
2026-03-08 10:51:00+00:00,67890.23
2026-03-08 10:52:00+00:00,67896.09
2026-03-08 10:53:00+00:00,67902.0
2026-03-08 10:54:00+00:00,67917.12
2026-03-08 10:55:00+00:00,67907.69
2026-03-08 10:56:00+00:00,67951.08
2026-03-08 10:57:00+00:00,67868.98
2026-03-08 10:58:00+00:00,67882.94
2026-03-08 10:59:00+00:00,67896.09
2026-03-08 11:00:00+00:00,67878.18
2026-03-08 11:01:00+00:00,67842.47
2026-03-08 11:02:00+00:00,67805.32
2026-03-08 11:03:00+00:00,67780.37
2026-03-08 11:04:00+00:00,67737.95
2026-03-08 11:05:00+00:00,67584.99
2026-03-08 11:06:00+00:00,67584.05
2026-03-08 11:07:00+00:00,67572.6
2026-03-08 11:08:00+00:00,67569.55
2026-03-08 11:09:00+00:00,67551.55
2026-03-08 11:10:00+00:00,67546.3
2026-03-08 11:11:00+00:00,67569.92
2026-03-08 11:12:00+00:00,67568.55
2026-03-08 11:13:00+00:00,67606.78
2026-03-08 11:14:00+00:00,67557.13
2026-03-08 11:15:00+00:00,67591.48
2026-03-08 11:16:00+00:00,67594.86
2026-03-08 11:17:00+00:00,67601.5
2026-03-08 11:18:00+00:00,67622.18
2026-03-08 11:19:00+00:00,67609.42
2026-03-08 11:20:00+00:00,67604.46
2026-03-08 11:21:00+00:00,67650.01
2026-03-08 11:22:00+00:00,67665.65
2026-03-08 11:23:00+00:00,67686.35
2026-03-08 11:24:00+00:00,67716.02
2026-03-08 11:25:00+00:00,67666.37
2026-03-08 11:26:00+00:00,67675.16
2026-03-08 11:27:00+00:00,67693.09
2026-03-08 11:28:00+00:00,67701.83
2026-03-08 11:29:00+00:00,67673.07
2026-03-08 11:30:00+00:00,67706.72
2026-03-08 11:31:00+00:00,67750.0
2026-03-08 11:32:00+00:00,67733.18
2026-03-08 11:33:00+00:00,67722.51
2026-03-08 11:34:00+00:00,67598.89
2026-03-08 11:35:00+00:00,67570.35
2026-03-08 11:36:00+00:00,67507.28
2026-03-08 11:37:00+00:00,67521.32
2026-03-08 11:38:00+00:00,67516.6
2026-03-08 11:39:00+00:00,67560.0
2026-03-08 11:40:00+00:00,67524.33
2026-03-08 11:41:00+00:00,67449.98
2026-03-08 11:42:00+00:00,67504.2
2026-03-08 11:43:00+00:00,67504.62
2026-03-08 11:44:00+00:00,67490.0
2026-03-08 11:45:00+00:00,67538.35
2026-03-08 11:46:00+00:00,67509.67
2026-03-08 11:47:00+00:00,67477.9
2026-03-08 11:48:00+00:00,67511.85
2026-03-08 11:49:00+00:00,67520.96
2026-03-08 11:50:00+00:00,67437.79
2026-03-08 11:51:00+00:00,67462.99
2026-03-08 11:52:00+00:00,67509.48
2026-03-08 11:53:00+00:00,67521.61
2026-03-08 11:54:00+00:00,67541.04
2026-03-08 11:55:00+00:00,67530.51
2026-03-08 11:56:00+00:00,67543.66
2026-03-08 11:57:00+00:00,67534.86
2026-03-08 11:58:00+00:00,67525.26
2026-03-08 11:59:00+00:00,67514.12
2026-03-08 12:00:00+00:00,67496.97
2026-03-08 12:01:00+00:00,67546.29
2026-03-08 12:02:00+00:00,67570.01
2026-03-08 12:03:00+00:00,67601.52
2026-03-08 12:04:00+00:00,67617.26
2026-03-08 12:05:00+00:00,67569.97
2026-03-08 12:06:00+00:00,67527.89
2026-03-08 12:07:00+00:00,67527.87
2026-03-08 12:08:00+00:00,67453.99
2026-03-08 12:09:00+00:00,67304.33
2026-03-08 12:10:00+00:00,67293.83
2026-03-08 12:11:00+00:00,67260.69
2026-03-08 12:12:00+00:00,67228.06
2026-03-08 12:13:00+00:00,67133.38
2026-03-08 12:14:00+00:00,67046.59
2026-03-08 12:15:00+00:00,66915.1
2026-03-08 12:16:00+00:00,67004.51
2026-03-08 12:17:00+00:00,67053.54
2026-03-08 12:18:00+00:00,67145.59
2026-03-08 12:19:00+00:00,67146.01
2026-03-08 12:20:00+00:00,67262.26
2026-03-08 12:21:00+00:00,67275.4
2026-03-08 12:22:00+00:00,67285.02
2026-03-08 12:23:00+00:00,67305.79
2026-03-08 12:24:00+00:00,67296.02
2026-03-08 12:25:00+00:00,67310.98
2026-03-08 12:26:00+00:00,67289.62
2026-03-08 12:27:00+00:00,67306.96
2026-03-08 12:28:00+00:00,67377.98
2026-03-08 12:29:00+00:00,67417.44
2026-03-08 12:30:00+00:00,67373.45
2026-03-08 12:31:00+00:00,67412.73
2026-03-08 12:32:00+00:00,67386.01
2026-03-08 12:33:00+00:00,67313.83
2026-03-08 12:34:00+00:00,67309.59
2026-03-08 12:35:00+00:00,67341.16
2026-03-08 12:36:00+00:00,67285.14
2026-03-08 12:37:00+00:00,67301.99
2026-03-08 12:38:00+00:00,67350.61
2026-03-08 12:39:00+00:00,67330.63
2026-03-08 12:40:00+00:00,67417.42
2026-03-08 12:41:00+00:00,67384.01
2026-03-08 12:42:00+00:00,67365.92
2026-03-08 12:43:00+00:00,67393.75
2026-03-08 12:44:00+00:00,67407.02
2026-03-08 12:45:00+00:00,67343.39
2026-03-08 12:46:00+00:00,67315.99
2026-03-08 12:47:00+00:00,67317.47
2026-03-08 12:48:00+00:00,67306.96
2026-03-08 12:49:00+00:00,67334.75
2026-03-08 12:50:00+00:00,67310.95
2026-03-08 12:51:00+00:00,67363.18
2026-03-08 12:52:00+00:00,67359.56
2026-03-08 12:53:00+00:00,67347.01
2026-03-08 12:54:00+00:00,67346.97
2026-03-08 12:55:00+00:00,67321.15
2026-03-08 12:56:00+00:00,67306.71
2026-03-08 12:57:00+00:00,67296.44
2026-03-08 12:58:00+00:00,67316.21
2026-03-08 12:59:00+00:00,67315.43
2026-03-08 13:00:00+00:00,67344.4
2026-03-08 13:01:00+00:00,67343.02
2026-03-08 13:02:00+00:00,67372.71
2026-03-08 13:03:00+00:00,67330.51
2026-03-08 13:04:00+00:00,67268.98
2026-03-08 13:05:00+00:00,67222.8
2026-03-08 13:06:00+00:00,67251.74
2026-03-08 13:07:00+00:00,67277.43
2026-03-08 13:08:00+00:00,67244.01
2026-03-08 13:09:00+00:00,67289.6
2026-03-08 13:10:00+00:00,67259.62
2026-03-08 13:11:00+00:00,67276.63
2026-03-08 13:12:00+00:00,67050.0
2026-03-08 13:13:00+00:00,67033.43
2026-03-08 13:14:00+00:00,66975.57
2026-03-08 13:15:00+00:00,67017.0
2026-03-08 13:16:00+00:00,67087.05
2026-03-08 13:17:00+00:00,67091.02
2026-03-08 13:18:00+00:00,67097.86
2026-03-08 13:19:00+00:00,67074.4
2026-03-08 13:20:00+00:00,67094.94
2026-03-08 13:21:00+00:00,67106.94
2026-03-08 13:22:00+00:00,67106.93
2026-03-08 13:23:00+00:00,67057.12
2026-03-08 13:24:00+00:00,67012.41
2026-03-08 13:25:00+00:00,66906.36
2026-03-08 13:26:00+00:00,67054.48
2026-03-08 13:27:00+00:00,67145.48
2026-03-08 13:28:00+00:00,67147.69
2026-03-08 13:29:00+00:00,67155.02
2026-03-08 13:30:00+00:00,67115.97
2026-03-08 13:31:00+00:00,67080.29
2026-03-08 13:32:00+00:00,67086.04
2026-03-08 13:33:00+00:00,67009.43
2026-03-08 13:34:00+00:00,67003.46
2026-03-08 13:35:00+00:00,67048.8
2026-03-08 13:36:00+00:00,67067.64
2026-03-08 13:37:00+00:00,67086.21
2026-03-08 13:38:00+00:00,67069.36
2026-03-08 13:39:00+00:00,67059.74
2026-03-08 13:40:00+00:00,67043.8
2026-03-08 13:41:00+00:00,66926.29
2026-03-08 13:42:00+00:00,66922.98
2026-03-08 13:43:00+00:00,67038.71
2026-03-08 13:44:00+00:00,67056.82
2026-03-08 13:45:00+00:00,67093.94
2026-03-08 13:46:00+00:00,67101.81
2026-03-08 13:47:00+00:00,67107.08
2026-03-08 13:48:00+00:00,67131.99
2026-03-08 13:49:00+00:00,67162.24
2026-03-08 13:50:00+00:00,67130.77
2026-03-08 13:51:00+00:00,67189.58
2026-03-08 13:52:00+00:00,67163.99
2026-03-08 13:53:00+00:00,67162.61
2026-03-08 13:54:00+00:00,67157.78
2026-03-08 13:55:00+00:00,67242.17
2026-03-08 13:56:00+00:00,67264.88
2026-03-08 13:57:00+00:00,67281.47
2026-03-08 13:58:00+00:00,67245.59
2026-03-08 13:59:00+00:00,67231.98
2026-03-08 14:00:00+00:00,67284.05
2026-03-08 14:01:00+00:00,67243.55
2026-03-08 14:02:00+00:00,67198.01
2026-03-08 14:03:00+00:00,67275.4
2026-03-08 14:04:00+00:00,67290.66
2026-03-08 14:05:00+00:00,67335.53
2026-03-08 14:06:00+00:00,67315.21
2026-03-08 14:07:00+00:00,67294.01
2026-03-08 14:08:00+00:00,67249.11
2026-03-08 14:09:00+00:00,67296.46
2026-03-08 14:10:00+00:00,67305.22
2026-03-08 14:11:00+00:00,67297.52
2026-03-08 14:12:00+00:00,67312.22
2026-03-08 14:13:00+00:00,67296.45
2026-03-08 14:14:00+00:00,67288.02
2026-03-08 14:15:00+00:00,67360.33
2026-03-08 14:16:00+00:00,67383.23
2026-03-08 14:17:00+00:00,67342.01
2026-03-08 14:18:00+00:00,67328.5
2026-03-08 14:19:00+00:00,67367.91
2026-03-08 14:20:00+00:00,67328.01
2026-03-08 14:21:00+00:00,67383.23
2026-03-08 14:22:00+00:00,67377.96
2026-03-08 14:23:00+00:00,67336.01
2026-03-08 14:24:00+00:00,67389.97
2026-03-08 14:25:00+00:00,67362.77
2026-03-08 14:26:00+00:00,67325.19
2026-03-08 14:27:00+00:00,67297.33
2026-03-08 14:28:00+00:00,67251.72
2026-03-08 14:29:00+00:00,67260.04
2026-03-08 14:30:00+00:00,67283.29
2026-03-08 14:31:00+00:00,67280.65
2026-03-08 14:32:00+00:00,67341.75
2026-03-08 14:33:00+00:00,67330.65
2026-03-08 14:34:00+00:00,67238.59
2026-03-08 14:35:00+00:00,67249.42
2026-03-08 14:36:00+00:00,67275.45
2026-03-08 14:37:00+00:00,67241.21
2026-03-08 14:38:00+00:00,67282.4
2026-03-08 14:39:00+00:00,67275.63
2026-03-08 14:40:00+00:00,67214.75
2026-03-08 14:41:00+00:00,67176.17
2026-03-08 14:42:00+00:00,67103.83
2026-03-08 14:43:00+00:00,67097.83
2026-03-08 14:44:00+00:00,67128.01
2026-03-08 14:45:00+00:00,67050.01
2026-03-08 14:46:00+00:00,67105.76
2026-03-08 14:47:00+00:00,67134.39
2026-03-08 14:48:00+00:00,67157.3
2026-03-08 14:49:00+00:00,67137.05
2026-03-08 14:50:00+00:00,67138.65
2026-03-08 14:51:00+00:00,67222.8
2026-03-08 14:52:00+00:00,67266.47
2026-03-08 14:53:00+00:00,67296.23
2026-03-08 14:54:00+00:00,67285.92
2026-03-08 14:55:00+00:00,67262.27
2026-03-08 14:56:00+00:00,67279.12
2026-03-08 14:57:00+00:00,67298.8
2026-03-08 14:58:00+00:00,67298.79
2026-03-08 14:59:00+00:00,67334.52
2026-03-08 15:00:00+00:00,67325.77
2026-03-08 15:01:00+00:00,67347.97
2026-03-08 15:02:00+00:00,67328.01
2026-03-08 15:03:00+00:00,67336.43
2026-03-08 15:04:00+00:00,67337.54
2026-03-08 15:05:00+00:00,67259.98
2026-03-08 15:06:00+00:00,67256.99
2026-03-08 15:07:00+00:00,67265.56
2026-03-08 15:08:00+00:00,67262.04
2026-03-08 15:09:00+00:00,67351.66
2026-03-08 15:10:00+00:00,67333.26
2026-03-08 15:11:00+00:00,67333.26
2026-03-08 15:12:00+00:00,67319.84
2026-03-08 15:13:00+00:00,67283.3
2026-03-08 15:14:00+00:00,67359.56
2026-03-08 15:15:00+00:00,67290.93
2026-03-08 15:16:00+00:00,67296.9
2026-03-08 15:17:00+00:00,67282.67
2026-03-08 15:18:00+00:00,67303.15
2026-03-08 15:19:00+00:00,67343.77
2026-03-08 15:20:00+00:00,67306.81
2026-03-08 15:21:00+00:00,67206.51
2026-03-08 15:22:00+00:00,67207.02
2026-03-08 15:23:00+00:00,67189.26
2026-03-08 15:24:00+00:00,67218.36
2026-03-08 15:25:00+00:00,67212.28
2026-03-08 15:26:00+00:00,67223.7
2026-03-08 15:27:00+00:00,67208.91
2026-03-08 15:28:00+00:00,67205.62
2026-03-08 15:29:00+00:00,67165.25
2026-03-08 15:30:00+00:00,67137.62
2026-03-08 15:31:00+00:00,67163.51
2026-03-08 15:32:00+00:00,67197.01
2026-03-08 15:33:00+00:00,67211.01
2026-03-08 15:34:00+00:00,67118.59
2026-03-08 15:35:00+00:00,67116.69
2026-03-08 15:36:00+00:00,67135.27
2026-03-08 15:37:00+00:00,67165.23
2026-03-08 15:38:00+00:00,67183.8
2026-03-08 15:39:00+00:00,67154.0
2026-03-08 15:40:00+00:00,67184.94
2026-03-08 15:41:00+00:00,67207.02
2026-03-08 15:42:00+00:00,67212.0
2026-03-08 15:43:00+00:00,67230.0
2026-03-08 15:44:00+00:00,67156.59
2026-03-08 15:45:00+00:00,67178.1
2026-03-08 15:46:00+00:00,67204.39
2026-03-08 15:47:00+00:00,67201.77
2026-03-08 15:48:00+00:00,67147.5
2026-03-08 15:49:00+00:00,67183.99
2026-03-08 15:50:00+00:00,67167.15
2026-03-08 15:51:00+00:00,67133.39
2026-03-08 15:52:00+00:00,67148.6
2026-03-08 15:53:00+00:00,67104.28
2026-03-08 15:54:00+00:00,67179.66
2026-03-08 15:55:00+00:00,67164.93
2026-03-08 15:56:00+00:00,67206.74
2026-03-08 15:57:00+00:00,67220.18
2026-03-08 15:58:00+00:00,67191.54
2026-03-08 15:59:00+00:00,67201.03
2026-03-08 16:00:00+00:00,67190.11
2026-03-08 16:01:00+00:00,67201.46
2026-03-08 16:02:00+00:00,67222.8
2026-03-08 16:03:00+00:00,67223.56
2026-03-08 16:04:00+00:00,67193.74
2026-03-08 16:05:00+00:00,67238.62
2026-03-08 16:06:00+00:00,67213.83
2026-03-08 16:07:00+00:00,67197.26
2026-03-08 16:08:00+00:00,67185.98
2026-03-08 16:09:00+00:00,67185.99
2026-03-08 16:10:00+00:00,67202.77
2026-03-08 16:11:00+00:00,67145.11
2026-03-08 16:12:00+00:00,67134.38
2026-03-08 16:13:00+00:00,67120.23
2026-03-08 16:14:00+00:00,67089.38
2026-03-08 16:15:00+00:00,67088.15
2026-03-08 16:16:00+00:00,67083.87
2026-03-08 16:17:00+00:00,67091.3
2026-03-08 16:18:00+00:00,67109.17
2026-03-08 16:19:00+00:00,67116.88
2026-03-08 16:20:00+00:00,67130.75
2026-03-08 16:21:00+00:00,67134.07
2026-03-08 16:22:00+00:00,67107.05
2026-03-08 16:23:00+00:00,67108.93
2026-03-08 16:24:00+00:00,67127.82
2026-03-08 16:25:00+00:00,67112.35
2026-03-08 16:26:00+00:00,67126.97
2026-03-08 16:27:00+00:00,67103.13
2026-03-08 16:28:00+00:00,67119.24
2026-03-08 16:29:00+00:00,67104.46
2026-03-08 16:30:00+00:00,67104.45
2026-03-08 16:31:00+00:00,67080.79
2026-03-08 16:32:00+00:00,66975.02
2026-03-08 16:33:00+00:00,66988.74
2026-03-08 16:34:00+00:00,66920.58
2026-03-08 16:35:00+00:00,66840.0
2026-03-08 16:36:00+00:00,66913.02
2026-03-08 16:37:00+00:00,66880.9
2026-03-08 16:38:00+00:00,66849.81
2026-03-08 16:39:00+00:00,66932.21
2026-03-08 16:40:00+00:00,66933.51
2026-03-08 16:41:00+00:00,66959.8
2026-03-08 16:42:00+00:00,66975.08
2026-03-08 16:43:00+00:00,66965.93
2026-03-08 16:44:00+00:00,66996.64
2026-03-08 16:45:00+00:00,66912.0
2026-03-08 16:46:00+00:00,66899.3
2026-03-08 16:47:00+00:00,66953.52
2026-03-08 16:48:00+00:00,66920.2
2026-03-08 16:49:00+00:00,66916.56
2026-03-08 16:50:00+00:00,66909.32
2026-03-08 16:51:00+00:00,66917.73
2026-03-08 16:52:00+00:00,66893.12
2026-03-08 16:53:00+00:00,66871.66
2026-03-08 16:54:00+00:00,66907.19
2026-03-08 16:55:00+00:00,66886.18
2026-03-08 16:56:00+00:00,66898.03
2026-03-08 16:57:00+00:00,66933.5
2026-03-08 16:58:00+00:00,66830.93
2026-03-08 16:59:00+00:00,66867.19
2026-03-08 17:00:00+00:00,66825.68
2026-03-08 17:01:00+00:00,66823.04
2026-03-08 17:02:00+00:00,66912.04
2026-03-08 17:03:00+00:00,67040.24
2026-03-08 17:04:00+00:00,67135.48
2026-03-08 17:05:00+00:00,67120.56
2026-03-08 17:06:00+00:00,67114.97
2026-03-08 17:07:00+00:00,67137.54
2026-03-08 17:08:00+00:00,67124.92
2026-03-08 17:09:00+00:00,67136.5
2026-03-08 17:10:00+00:00,67086.34
2026-03-08 17:11:00+00:00,67060.84
2026-03-08 17:12:00+00:00,67065.02
2026-03-08 17:13:00+00:00,67075.79
2026-03-08 17:14:00+00:00,67138.01
2026-03-08 17:15:00+00:00,67084.42
2026-03-08 17:16:00+00:00,67096.88
2026-03-08 17:17:00+00:00,67132.31
2026-03-08 17:18:00+00:00,67143.22
2026-03-08 17:19:00+00:00,67142.0
2026-03-08 17:20:00+00:00,67120.24
2026-03-08 17:21:00+00:00,67108.86
2026-03-08 17:22:00+00:00,67095.99
2026-03-08 17:23:00+00:00,67111.4
2026-03-08 17:24:00+00:00,67144.0
2026-03-08 17:25:00+00:00,67093.93
2026-03-08 17:26:00+00:00,67103.52
2026-03-08 17:27:00+00:00,67085.86
2026-03-08 17:28:00+00:00,67063.94
2026-03-08 17:29:00+00:00,67066.67
2026-03-08 17:30:00+00:00,67085.01
2026-03-08 17:31:00+00:00,67092.81
2026-03-08 17:32:00+00:00,67106.08
2026-03-08 17:33:00+00:00,67064.55
2026-03-08 17:34:00+00:00,66999.72
2026-03-08 17:35:00+00:00,67026.12
2026-03-08 17:36:00+00:00,67030.24
2026-03-08 17:37:00+00:00,67050.26
2026-03-08 17:38:00+00:00,67075.99
2026-03-08 17:39:00+00:00,67052.78
2026-03-08 17:40:00+00:00,67067.6
2026-03-08 17:41:00+00:00,67040.37
2026-03-08 17:42:00+00:00,67017.9
2026-03-08 17:43:00+00:00,67044.79
2026-03-08 17:44:00+00:00,67055.01
2026-03-08 17:45:00+00:00,67054.48
2026-03-08 17:46:00+00:00,67062.74
2026-03-08 17:47:00+00:00,67061.86
2026-03-08 17:48:00+00:00,67097.88
2026-03-08 17:49:00+00:00,67055.01
2026-03-08 17:50:00+00:00,67068.94
2026-03-08 17:51:00+00:00,67054.88
2026-03-08 17:52:00+00:00,67073.9
2026-03-08 17:53:00+00:00,67033.45
2026-03-08 17:54:00+00:00,67021.88
2026-03-08 17:55:00+00:00,66951.92
2026-03-08 17:56:00+00:00,66979.97
2026-03-08 17:57:00+00:00,66975.81
2026-03-08 17:58:00+00:00,66981.5
2026-03-08 17:59:00+00:00,67057.0
2026-03-08 18:00:00+00:00,67030.82
2026-03-08 18:01:00+00:00,67030.79
2026-03-08 18:02:00+00:00,67017.33
2026-03-08 18:03:00+00:00,66994.28
2026-03-08 18:04:00+00:00,66997.01
2026-03-08 18:05:00+00:00,66978.91
2026-03-08 18:06:00+00:00,66991.36
2026-03-08 18:07:00+00:00,66990.7
2026-03-08 18:08:00+00:00,66983.46
2026-03-08 18:09:00+00:00,66947.95
2026-03-08 18:10:00+00:00,66968.92
2026-03-08 18:11:00+00:00,66951.92
2026-03-08 18:12:00+00:00,66959.35
2026-03-08 18:13:00+00:00,66950.73
2026-03-08 18:14:00+00:00,66912.44
2026-03-08 18:15:00+00:00,66924.18
2026-03-08 18:16:00+00:00,66879.13
2026-03-08 18:17:00+00:00,66894.07
2026-03-08 18:18:00+00:00,66796.97
2026-03-08 18:19:00+00:00,66811.67
2026-03-08 18:20:00+00:00,66901.93
2026-03-08 18:21:00+00:00,66915.1
2026-03-08 18:22:00+00:00,66894.06
2026-03-08 18:23:00+00:00,66914.33
2026-03-08 18:24:00+00:00,66949.27
2026-03-08 18:25:00+00:00,66950.2
2026-03-08 18:26:00+00:00,66982.77
2026-03-08 18:27:00+00:00,66956.88
2026-03-08 18:28:00+00:00,66933.5
2026-03-08 18:29:00+00:00,66925.61
2026-03-08 18:30:00+00:00,66951.9
2026-03-08 18:31:00+00:00,66966.99
2026-03-08 18:32:00+00:00,66974.14
2026-03-08 18:33:00+00:00,66961.32
2026-03-08 18:34:00+00:00,66917.73
2026-03-08 18:35:00+00:00,66954.56
2026-03-08 18:36:00+00:00,66899.31
2026-03-08 18:37:00+00:00,66865.12
2026-03-08 18:38:00+00:00,66875.64
2026-03-08 18:39:00+00:00,66877.88
2026-03-08 18:40:00+00:00,66794.11
2026-03-08 18:41:00+00:00,66804.86
2026-03-08 18:42:00+00:00,66841.45
2026-03-08 18:43:00+00:00,66804.63
2026-03-08 18:44:00+00:00,66807.27
2026-03-08 18:45:00+00:00,66767.99
2026-03-08 18:46:00+00:00,66798.88
2026-03-08 18:47:00+00:00,66804.63
2026-03-08 18:48:00+00:00,66842.09
2026-03-08 18:49:00+00:00,66756.9
2026-03-08 18:50:00+00:00,66791.99
2026-03-08 18:51:00+00:00,66788.6
2026-03-08 18:52:00+00:00,66819.35
2026-03-08 18:53:00+00:00,66829.03
2026-03-08 18:54:00+00:00,66830.24
2026-03-08 18:55:00+00:00,66867.76
2026-03-08 18:56:00+00:00,66849.34
2026-03-08 18:57:00+00:00,66857.22
2026-03-08 18:58:00+00:00,66854.61
2026-03-08 18:59:00+00:00,66805.84
2026-03-08 19:00:00+00:00,66825.68
2026-03-08 19:01:00+00:00,66780.95
2026-03-08 19:02:00+00:00,66781.21
2026-03-08 19:03:00+00:00,66849.34
2026-03-08 19:04:00+00:00,66863.99
2026-03-08 19:05:00+00:00,66875.91
2026-03-08 19:06:00+00:00,66844.23
2026-03-08 19:07:00+00:00,66851.99
2026-03-08 19:08:00+00:00,66944.03
2026-03-08 19:09:00+00:00,66951.91
2026-03-08 19:10:00+00:00,66954.55
2026-03-08 19:11:00+00:00,66936.13
2026-03-08 19:12:00+00:00,66951.46
2026-03-08 19:13:00+00:00,67030.87
2026-03-08 19:14:00+00:00,67013.49
2026-03-08 19:15:00+00:00,67036.07
2026-03-08 19:16:00+00:00,67118.97
2026-03-08 19:17:00+00:00,67098.5
2026-03-08 19:18:00+00:00,67180.7
2026-03-08 19:19:00+00:00,67154.0
2026-03-08 19:20:00+00:00,67109.72
2026-03-08 19:21:00+00:00,67117.59
2026-03-08 19:22:00+00:00,67138.66
2026-03-08 19:23:00+00:00,67210.48
2026-03-08 19:24:00+00:00,67203.69
2026-03-08 19:25:00+00:00,67205.98
2026-03-08 19:26:00+00:00,67193.89
2026-03-08 19:27:00+00:00,67234.02
2026-03-08 19:28:00+00:00,67209.64
2026-03-08 19:29:00+00:00,67208.17
2026-03-08 19:30:00+00:00,67228.01
2026-03-08 19:31:00+00:00,67281.99
2026-03-08 19:32:00+00:00,67238.56
2026-03-08 19:33:00+00:00,67308.02
2026-03-08 19:34:00+00:00,67330.63
2026-03-08 19:35:00+00:00,67309.59
2026-03-08 19:36:00+00:00,67334.77
2026-03-08 19:37:00+00:00,67355.31
2026-03-08 19:38:00+00:00,67331.42
2026-03-08 19:39:00+00:00,67343.78
2026-03-08 19:40:00+00:00,67302.01
2026-03-08 19:41:00+00:00,67329.01
2026-03-08 19:42:00+00:00,67356.37
2026-03-08 19:43:00+00:00,67368.53
2026-03-08 19:44:00+00:00,67354.3
2026-03-08 19:45:00+00:00,67346.4
2026-03-08 19:46:00+00:00,67378.85
2026-03-08 19:47:00+00:00,67420.04
2026-03-08 19:48:00+00:00,67412.48
2026-03-08 19:49:00+00:00,67399.01
2026-03-08 19:50:00+00:00,67388.5
2026-03-08 19:51:00+00:00,67304.34
2026-03-08 19:52:00+00:00,67291.96
2026-03-08 19:53:00+00:00,67304.79
2026-03-08 19:54:00+00:00,67317.48
2026-03-08 19:55:00+00:00,67314.08
2026-03-08 19:56:00+00:00,67328.01
2026-03-08 19:57:00+00:00,67295.42
2026-03-08 19:58:00+00:00,67283.3
2026-03-08 19:59:00+00:00,67333.26
2026-03-08 20:00:00+00:00,67251.26
2026-03-08 20:01:00+00:00,67249.99
2026-03-08 20:02:00+00:00,67248.77
2026-03-08 20:03:00+00:00,67254.37
2026-03-08 20:04:00+00:00,67195.99
2026-03-08 20:05:00+00:00,67179.35
2026-03-08 20:06:00+00:00,67200.01
2026-03-08 20:07:00+00:00,67208.02
2026-03-08 20:08:00+00:00,67225.14
2026-03-08 20:09:00+00:00,67184.0
2026-03-08 20:10:00+00:00,67125.5
2026-03-08 20:11:00+00:00,67136.03
2026-03-08 20:12:00+00:00,67156.53
2026-03-08 20:13:00+00:00,67109.73
2026-03-08 20:14:00+00:00,67096.58
2026-03-08 20:15:00+00:00,67093.95
2026-03-08 20:16:00+00:00,67075.94
2026-03-08 20:17:00+00:00,67114.96
2026-03-08 20:18:00+00:00,67214.9
2026-03-08 20:19:00+00:00,67178.11
2026-03-08 20:20:00+00:00,67167.57
2026-03-08 20:21:00+00:00,67157.05
2026-03-08 20:22:00+00:00,67124.02
2026-03-08 20:23:00+00:00,67104.46
2026-03-08 20:24:00+00:00,67046.59
2026-03-08 20:25:00+00:00,67050.01
2026-03-08 20:26:00+00:00,67077.86
2026-03-08 20:27:00+00:00,67067.43
2026-03-08 20:28:00+00:00,67089.74
2026-03-08 20:29:00+00:00,67022.93
2026-03-08 20:30:00+00:00,67183.35
2026-03-08 20:31:00+00:00,67212.27
2026-03-08 20:32:00+00:00,67272.94
2026-03-08 20:33:00+00:00,67280.67
2026-03-08 20:34:00+00:00,67348.01
2026-03-08 20:35:00+00:00,67332.3
2026-03-08 20:36:00+00:00,67354.31
2026-03-08 20:37:00+00:00,67464.3
2026-03-08 20:38:00+00:00,67454.25
2026-03-08 20:39:00+00:00,67356.93
2026-03-08 20:40:00+00:00,67410.38
2026-03-08 20:41:00+00:00,67406.88
2026-03-08 20:42:00+00:00,67400.01
2026-03-08 20:43:00+00:00,67383.23
2026-03-08 20:44:00+00:00,67346.39
2026-03-08 20:45:00+00:00,67320.1
2026-03-08 20:46:00+00:00,67324.75
2026-03-08 20:47:00+00:00,67351.95
2026-03-08 20:48:00+00:00,67389.67
2026-03-08 20:49:00+00:00,67319.01
2026-03-08 20:50:00+00:00,67346.14
2026-03-08 20:51:00+00:00,67277.75
2026-03-08 20:52:00+00:00,67216.49
2026-03-08 20:53:00+00:00,67243.79
2026-03-08 20:54:00+00:00,67249.86
2026-03-08 20:55:00+00:00,67262.26
2026-03-08 20:56:00+00:00,67251.74
2026-03-08 20:57:00+00:00,67217.53
2026-03-08 20:58:00+00:00,67191.26
2026-03-08 20:59:00+00:00,67218.0
2026-03-08 21:00:00+00:00,67252.0
2026-03-08 21:01:00+00:00,67217.57
2026-03-08 21:02:00+00:00,67226.99
2026-03-08 21:03:00+00:00,67230.69
2026-03-08 21:04:00+00:00,67214.93
2026-03-08 21:05:00+00:00,67128.12
2026-03-08 21:06:00+00:00,67138.0
2026-03-08 21:07:00+00:00,67120.26
2026-03-08 21:08:00+00:00,67108.01
2026-03-08 21:09:00+00:00,66917.34
2026-03-08 21:10:00+00:00,66910.0
2026-03-08 21:11:00+00:00,66936.14
2026-03-08 21:12:00+00:00,66920.36
2026-03-08 21:13:00+00:00,66759.91
2026-03-08 21:14:00+00:00,66770.45
2026-03-08 21:15:00+00:00,66853.58
2026-03-08 21:16:00+00:00,66872.99
2026-03-08 21:17:00+00:00,66857.23
2026-03-08 21:18:00+00:00,66859.0
2026-03-08 21:19:00+00:00,66869.03
2026-03-08 21:20:00+00:00,66898.98
2026-03-08 21:21:00+00:00,66915.7
2026-03-08 21:22:00+00:00,66904.76
2026-03-08 21:23:00+00:00,66907.2
2026-03-08 21:24:00+00:00,66983.39
2026-03-08 21:25:00+00:00,66962.42
2026-03-08 21:26:00+00:00,66967.48
2026-03-08 21:27:00+00:00,66970.96
2026-03-08 21:28:00+00:00,66964.32
2026-03-08 21:29:00+00:00,66928.23
2026-03-08 21:30:00+00:00,66895.0
2026-03-08 21:31:00+00:00,66933.29
2026-03-08 21:32:00+00:00,66965.06
2026-03-08 21:33:00+00:00,66990.61
2026-03-08 21:34:00+00:00,66921.97
2026-03-08 21:35:00+00:00,66963.18
2026-03-08 21:36:00+00:00,66990.77
2026-03-08 21:37:00+00:00,67006.98
2026-03-08 21:38:00+00:00,66970.33
2026-03-08 21:39:00+00:00,66950.86
2026-03-08 21:40:00+00:00,66939.83
2026-03-08 21:41:00+00:00,66986.1
2026-03-08 21:42:00+00:00,66976.0
2026-03-08 21:43:00+00:00,67015.36
2026-03-08 21:44:00+00:00,67017.65
2026-03-08 21:45:00+00:00,67023.31
2026-03-08 21:46:00+00:00,67004.99
2026-03-08 21:47:00+00:00,67027.0
2026-03-08 21:48:00+00:00,67007.15
2026-03-08 21:49:00+00:00,66994.0
2026-03-08 21:50:00+00:00,66920.65
2026-03-08 21:51:00+00:00,66936.14
2026-03-08 21:52:00+00:00,66949.27
2026-03-08 21:53:00+00:00,66933.51
2026-03-08 21:54:00+00:00,67000.0
2026-03-08 21:55:00+00:00,66974.96
2026-03-08 21:56:00+00:00,66963.8
2026-03-08 21:57:00+00:00,67002.08
2026-03-08 21:58:00+00:00,66978.22
2026-03-08 21:59:00+00:00,67007.13
2026-03-08 22:00:00+00:00,66735.98
2026-03-08 22:01:00+00:00,66703.96
2026-03-08 22:02:00+00:00,66650.49
2026-03-08 22:03:00+00:00,66044.56
2026-03-08 22:04:00+00:00,65769.57
2026-03-08 22:05:00+00:00,65966.92
2026-03-08 22:06:00+00:00,66009.98
2026-03-08 22:07:00+00:00,66122.0
2026-03-08 22:08:00+00:00,66102.05
2026-03-08 22:09:00+00:00,66011.99
2026-03-08 22:10:00+00:00,65942.0
2026-03-08 22:11:00+00:00,65939.37
2026-03-08 22:12:00+00:00,65699.21
2026-03-08 22:13:00+00:00,65924.01
2026-03-08 22:14:00+00:00,66065.99
2026-03-08 22:15:00+00:00,66072.97
2026-03-08 22:16:00+00:00,66138.0
2026-03-08 22:17:00+00:00,66070.87
2026-03-08 22:18:00+00:00,65851.17
2026-03-08 22:19:00+00:00,65776.25
2026-03-08 22:20:00+00:00,65736.18
2026-03-08 22:21:00+00:00,65740.19
2026-03-08 22:22:00+00:00,65739.47
2026-03-08 22:23:00+00:00,65676.36
2026-03-08 22:24:00+00:00,65666.82
2026-03-08 22:25:00+00:00,65720.74
2026-03-08 22:26:00+00:00,65817.84
2026-03-08 22:27:00+00:00,65825.1
2026-03-08 22:28:00+00:00,65983.76
2026-03-08 22:29:00+00:00,65915.68
2026-03-08 22:30:00+00:00,65793.76
2026-03-08 22:31:00+00:00,65760.53
2026-03-08 22:32:00+00:00,65868.36
2026-03-08 22:33:00+00:00,65986.69
2026-03-08 22:34:00+00:00,66060.58
2026-03-08 22:35:00+00:00,66037.29
2026-03-08 22:36:00+00:00,66125.0
2026-03-08 22:37:00+00:00,66214.51
2026-03-08 22:38:00+00:00,66019.66
2026-03-08 22:39:00+00:00,66021.97
2026-03-08 22:40:00+00:00,66062.98
2026-03-08 22:41:00+00:00,66048.42
2026-03-08 22:42:00+00:00,66043.54
2026-03-08 22:43:00+00:00,66024.96
2026-03-08 22:44:00+00:00,66052.68
2026-03-08 22:45:00+00:00,66102.44
2026-03-08 22:46:00+00:00,66163.87
2026-03-08 22:47:00+00:00,66207.62
2026-03-08 22:48:00+00:00,66276.97
2026-03-08 22:49:00+00:00,66136.61
2026-03-08 22:50:00+00:00,66068.98
2026-03-08 22:51:00+00:00,66169.46
2026-03-08 22:52:00+00:00,66172.72
2026-03-08 22:53:00+00:00,66210.25
2026-03-08 22:54:00+00:00,66229.29
2026-03-08 22:55:00+00:00,66213.03
2026-03-08 22:56:00+00:00,66243.03
2026-03-08 22:57:00+00:00,66201.57
2026-03-08 22:58:00+00:00,66228.63
2026-03-08 22:59:00+00:00,66239.95
2026-03-08 23:00:00+00:00,66205.0
2026-03-08 23:01:00+00:00,66222.16
2026-03-08 23:02:00+00:00,66253.91
2026-03-08 23:03:00+00:00,66323.34
2026-03-08 23:04:00+00:00,66399.58
2026-03-08 23:05:00+00:00,66404.04
2026-03-08 23:06:00+00:00,66343.81
2026-03-08 23:07:00+00:00,66318.09
2026-03-08 23:08:00+00:00,66243.44
2026-03-08 23:09:00+00:00,66239.18
2026-03-08 23:10:00+00:00,66136.5
2026-03-08 23:11:00+00:00,66223.4
2026-03-08 23:12:00+00:00,66242.13
2026-03-08 23:13:00+00:00,66296.06
2026-03-08 23:14:00+00:00,66338.0
2026-03-08 23:15:00+00:00,66328.0
2026-03-08 23:16:00+00:00,66380.48
2026-03-08 23:17:00+00:00,66388.37
2026-03-08 23:18:00+00:00,66319.4
2026-03-08 23:19:00+00:00,66268.12
2026-03-08 23:20:00+00:00,66308.92
2026-03-08 23:21:00+00:00,66307.47
2026-03-08 23:22:00+00:00,66412.75
2026-03-08 23:23:00+00:00,66528.03
2026-03-08 23:24:00+00:00,66528.18
2026-03-08 23:25:00+00:00,66491.68
2026-03-08 23:26:00+00:00,66517.01
2026-03-08 23:27:00+00:00,66478.0
2026-03-08 23:28:00+00:00,66443.96
2026-03-08 23:29:00+00:00,66474.01
2026-03-08 23:30:00+00:00,66483.76
2026-03-08 23:31:00+00:00,66498.0
2026-03-08 23:32:00+00:00,66448.61
2026-03-08 23:33:00+00:00,66454.44
2026-03-08 23:34:00+00:00,66446.0
2026-03-08 23:35:00+00:00,66360.61
2026-03-08 23:36:00+00:00,66430.38
2026-03-08 23:37:00+00:00,66330.03
2026-03-08 23:38:00+00:00,66254.96
2026-03-08 23:39:00+00:00,66242.11
2026-03-08 23:40:00+00:00,66233.46
2026-03-08 23:41:00+00:00,66221.38
2026-03-08 23:42:00+00:00,66183.95
2026-03-08 23:43:00+00:00,66195.6
2026-03-08 23:44:00+00:00,66113.3
2026-03-08 23:45:00+00:00,66062.98
2026-03-08 23:46:00+00:00,66086.64
2026-03-08 23:47:00+00:00,66070.84
2026-03-08 23:48:00+00:00,66039.29
2026-03-08 23:49:00+00:00,66136.6
2026-03-08 23:50:00+00:00,66170.81
2026-03-08 23:51:00+00:00,66134.51
2026-03-08 23:52:00+00:00,66076.35
2026-03-08 23:53:00+00:00,66016.65
2026-03-08 23:54:00+00:00,66034.05
2026-03-08 23:55:00+00:00,66078.92
2026-03-08 23:56:00+00:00,66041.92
2026-03-08 23:57:00+00:00,65965.67
2026-03-08 23:58:00+00:00,65946.67
2026-03-08 23:59:00+00:00,65970.56
2026-03-09 00:00:00+00:00,66008.0
2026-03-09 00:01:00+00:00,66041.62
2026-03-09 00:02:00+00:00,66003.61
2026-03-09 00:03:00+00:00,66066.98
2026-03-09 00:04:00+00:00,66132.22
2026-03-09 00:05:00+00:00,66268.12
2026-03-09 00:06:00+00:00,66244.44
2026-03-09 00:07:00+00:00,66244.68
2026-03-09 00:08:00+00:00,66281.33
2026-03-09 00:09:00+00:00,66299.11
2026-03-09 00:10:00+00:00,66385.92
2026-03-09 00:11:00+00:00,66323.64
2026-03-09 00:12:00+00:00,66362.79
2026-03-09 00:13:00+00:00,66294.93
2026-03-09 00:14:00+00:00,66315.46
2026-03-09 00:15:00+00:00,66330.92
2026-03-09 00:16:00+00:00,66313.68
2026-03-09 00:17:00+00:00,66235.05
2026-03-09 00:18:00+00:00,66333.87
2026-03-09 00:19:00+00:00,66229.28
2026-03-09 00:20:00+00:00,66168.0
2026-03-09 00:21:00+00:00,66238.0
2026-03-09 00:22:00+00:00,66238.12
2026-03-09 00:23:00+00:00,66125.99
2026-03-09 00:24:00+00:00,65983.49
2026-03-09 00:25:00+00:00,65901.09
2026-03-09 00:26:00+00:00,66020.89
2026-03-09 00:27:00+00:00,66072.01
2026-03-09 00:28:00+00:00,66062.97
2026-03-09 00:29:00+00:00,66160.73
2026-03-09 00:30:00+00:00,66254.01
2026-03-09 00:31:00+00:00,66253.08
2026-03-09 00:32:00+00:00,66333.86
2026-03-09 00:33:00+00:00,66461.55
2026-03-09 00:34:00+00:00,66394.35
2026-03-09 00:35:00+00:00,66590.06
2026-03-09 00:36:00+00:00,66709.96
2026-03-09 00:37:00+00:00,66546.88
2026-03-09 00:38:00+00:00,66519.86
2026-03-09 00:39:00+00:00,66554.48
2026-03-09 00:40:00+00:00,66481.14
2026-03-09 00:41:00+00:00,66478.01
2026-03-09 00:42:00+00:00,66460.0
2026-03-09 00:43:00+00:00,66402.0
2026-03-09 00:44:00+00:00,66448.03
2026-03-09 00:45:00+00:00,66494.0
2026-03-09 00:46:00+00:00,66427.99
2026-03-09 00:47:00+00:00,66387.62
2026-03-09 00:48:00+00:00,66411.31
2026-03-09 00:49:00+00:00,66362.01
2026-03-09 00:50:00+00:00,66402.49
2026-03-09 00:51:00+00:00,66427.36
2026-03-09 00:52:00+00:00,66463.67
2026-03-09 00:53:00+00:00,66382.07
2026-03-09 00:54:00+00:00,66312.83
2026-03-09 00:55:00+00:00,66291.77
2026-03-09 00:56:00+00:00,66359.23
2026-03-09 00:57:00+00:00,66343.86
2026-03-09 00:58:00+00:00,66401.66
2026-03-09 00:59:00+00:00,66354.36
2026-03-09 01:00:00+00:00,66340.98
2026-03-09 01:01:00+00:00,66367.1
2026-03-09 01:02:00+00:00,66362.41
2026-03-09 01:03:00+00:00,66318.0
2026-03-09 01:04:00+00:00,66243.77
2026-03-09 01:05:00+00:00,66272.32
2026-03-09 01:06:00+00:00,66236.8
2026-03-09 01:07:00+00:00,66200.89
2026-03-09 01:08:00+00:00,66162.92
2026-03-09 01:09:00+00:00,66234.0
2026-03-09 01:10:00+00:00,66243.05
2026-03-09 01:11:00+00:00,66359.99
2026-03-09 01:12:00+00:00,66354.9
2026-03-09 01:13:00+00:00,66262.0
2026-03-09 01:14:00+00:00,66352.27
2026-03-09 01:15:00+00:00,66308.18
2026-03-09 01:16:00+00:00,66360.02
2026-03-09 01:17:00+00:00,66344.0
2026-03-09 01:18:00+00:00,66399.61
2026-03-09 01:19:00+00:00,66336.0
2026-03-09 01:20:00+00:00,66284.01
2026-03-09 01:21:00+00:00,66302.3
2026-03-09 01:22:00+00:00,66333.84
2026-03-09 01:23:00+00:00,66336.5
2026-03-09 01:24:00+00:00,66482.11
2026-03-09 01:25:00+00:00,66562.69
2026-03-09 01:26:00+00:00,66598.0
2026-03-09 01:27:00+00:00,66502.43
2026-03-09 01:28:00+00:00,66467.99
2026-03-09 01:29:00+00:00,66475.87
2026-03-09 01:30:00+00:00,66506.0
2026-03-09 01:31:00+00:00,66412.75
2026-03-09 01:32:00+00:00,66533.22
2026-03-09 01:33:00+00:00,66650.0
2026-03-09 01:34:00+00:00,66616.55
2026-03-09 01:35:00+00:00,66679.01
2026-03-09 01:36:00+00:00,66658.99
2026-03-09 01:37:00+00:00,66635.92
2026-03-09 01:38:00+00:00,66563.35
2026-03-09 01:39:00+00:00,66571.49
2026-03-09 01:40:00+00:00,66567.93
2026-03-09 01:41:00+00:00,66575.8
2026-03-09 01:42:00+00:00,66596.99
2026-03-09 01:43:00+00:00,66573.97
2026-03-09 01:44:00+00:00,66615.28
2026-03-09 01:45:00+00:00,66610.0
2026-03-09 01:46:00+00:00,66594.24
2026-03-09 01:47:00+00:00,66533.98
2026-03-09 01:48:00+00:00,66479.55
2026-03-09 01:49:00+00:00,66494.28
2026-03-09 01:50:00+00:00,66458.54
2026-03-09 01:51:00+00:00,66433.7
2026-03-09 01:52:00+00:00,66439.03
2026-03-09 01:53:00+00:00,66431.99
2026-03-09 01:54:00+00:00,66415.41
2026-03-09 01:55:00+00:00,66349.6
2026-03-09 01:56:00+00:00,66282.44
2026-03-09 01:57:00+00:00,66224.51
2026-03-09 01:58:00+00:00,66249.64
2026-03-09 01:59:00+00:00,66194.01
2026-03-09 02:00:00+00:00,66168.42
2026-03-09 02:01:00+00:00,66229.37
2026-03-09 02:02:00+00:00,66224.4
2026-03-09 02:03:00+00:00,66205.99
2026-03-09 02:04:00+00:00,66182.32
2026-03-09 02:05:00+00:00,66149.76
2026-03-09 02:06:00+00:00,66126.0
2026-03-09 02:07:00+00:00,66173.45
2026-03-09 02:08:00+00:00,66260.77
2026-03-09 02:09:00+00:00,66230.99
2026-03-09 02:10:00+00:00,66267.32
2026-03-09 02:11:00+00:00,66247.54
2026-03-09 02:12:00+00:00,66208.85
2026-03-09 02:13:00+00:00,66157.66
2026-03-09 02:14:00+00:00,66171.4
2026-03-09 02:15:00+00:00,66084.15
2026-03-09 02:16:00+00:00,66054.26
2026-03-09 02:17:00+00:00,66004.01
2026-03-09 02:18:00+00:00,66014.0
2026-03-09 02:19:00+00:00,66026.18
2026-03-09 02:20:00+00:00,65998.82
2026-03-09 02:21:00+00:00,66031.42
2026-03-09 02:22:00+00:00,66062.97
2026-03-09 02:23:00+00:00,66113.04
2026-03-09 02:24:00+00:00,66126.23
2026-03-09 02:25:00+00:00,66085.62
2026-03-09 02:26:00+00:00,66120.66
2026-03-09 02:27:00+00:00,66119.64
2026-03-09 02:28:00+00:00,66094.81
2026-03-09 02:29:00+00:00,66112.95
2026-03-09 02:30:00+00:00,66130.02
2026-03-09 02:31:00+00:00,66118.92
2026-03-09 02:32:00+00:00,66178.0
2026-03-09 02:33:00+00:00,66191.83
2026-03-09 02:34:00+00:00,66264.0
2026-03-09 02:35:00+00:00,66292.47
2026-03-09 02:36:00+00:00,66483.77
2026-03-09 02:37:00+00:00,66517.02
2026-03-09 02:38:00+00:00,66494.93
2026-03-09 02:39:00+00:00,66457.48
2026-03-09 02:40:00+00:00,66514.45
2026-03-09 02:41:00+00:00,66487.32
2026-03-09 02:42:00+00:00,66527.04
2026-03-09 02:43:00+00:00,66514.0
2026-03-09 02:44:00+00:00,66564.13
2026-03-09 02:45:00+00:00,66573.18
2026-03-09 02:46:00+00:00,66553.3
2026-03-09 02:47:00+00:00,66560.05
2026-03-09 02:48:00+00:00,66569.65
2026-03-09 02:49:00+00:00,66609.13
2026-03-09 02:50:00+00:00,66630.76
2026-03-09 02:51:00+00:00,66640.98
2026-03-09 02:52:00+00:00,66605.37
2026-03-09 02:53:00+00:00,66643.0
2026-03-09 02:54:00+00:00,66610.72
2026-03-09 02:55:00+00:00,66613.45
2026-03-09 02:56:00+00:00,66636.07
2026-03-09 02:57:00+00:00,66567.94
2026-03-09 02:58:00+00:00,66579.41
2026-03-09 02:59:00+00:00,66533.43
2026-03-09 03:00:00+00:00,66613.51
2026-03-09 03:01:00+00:00,66773.1
2026-03-09 03:02:00+00:00,66779.67
2026-03-09 03:03:00+00:00,66845.27
2026-03-09 03:04:00+00:00,66868.58
2026-03-09 03:05:00+00:00,66881.84
2026-03-09 03:06:00+00:00,66837.99
2026-03-09 03:07:00+00:00,66857.99
2026-03-09 03:08:00+00:00,67087.13
2026-03-09 03:09:00+00:00,67107.39
2026-03-09 03:10:00+00:00,67301.79
2026-03-09 03:11:00+00:00,67396.01
2026-03-09 03:12:00+00:00,67401.28
2026-03-09 03:13:00+00:00,67349.31
2026-03-09 03:14:00+00:00,67454.01
2026-03-09 03:15:00+00:00,67412.01
2026-03-09 03:16:00+00:00,67404.06
2026-03-09 03:17:00+00:00,67412.17
2026-03-09 03:18:00+00:00,67449.67
2026-03-09 03:19:00+00:00,67633.08
2026-03-09 03:20:00+00:00,67306.08
2026-03-09 03:21:00+00:00,67243.35
2026-03-09 03:22:00+00:00,67205.99
2026-03-09 03:23:00+00:00,67153.35
2026-03-09 03:24:00+00:00,67140.7
2026-03-09 03:25:00+00:00,67186.99
2026-03-09 03:26:00+00:00,67164.19
2026-03-09 03:27:00+00:00,67183.49
2026-03-09 03:28:00+00:00,67209.96
2026-03-09 03:29:00+00:00,67220.18
2026-03-09 03:30:00+00:00,67235.94
2026-03-09 03:31:00+00:00,67272.39
2026-03-09 03:32:00+00:00,67315.0
2026-03-09 03:33:00+00:00,67344.81
2026-03-09 03:34:00+00:00,67300.02
2026-03-09 03:35:00+00:00,67246.48
2026-03-09 03:36:00+00:00,67251.73
2026-03-09 03:37:00+00:00,67249.1
2026-03-09 03:38:00+00:00,67185.41
2026-03-09 03:39:00+00:00,67120.51
2026-03-09 03:40:00+00:00,67092.13
2026-03-09 03:41:00+00:00,67098.04
2026-03-09 03:42:00+00:00,67103.97
2026-03-09 03:43:00+00:00,67096.01
2026-03-09 03:44:00+00:00,67096.55
2026-03-09 03:45:00+00:00,67090.14
2026-03-09 03:46:00+00:00,67057.12
2026-03-09 03:47:00+00:00,67149.15
2026-03-09 03:48:00+00:00,67115.25
2026-03-09 03:49:00+00:00,67128.12
2026-03-09 03:50:00+00:00,67112.54
2026-03-09 03:51:00+00:00,67196.5
2026-03-09 03:52:00+00:00,67223.15
2026-03-09 03:53:00+00:00,67068.65
2026-03-09 03:54:00+00:00,67082.56
2026-03-09 03:55:00+00:00,67150.4
2026-03-09 03:56:00+00:00,67154.67
2026-03-09 03:57:00+00:00,67201.31
2026-03-09 03:58:00+00:00,67203.02
2026-03-09 03:59:00+00:00,67201.76
2026-03-09 04:00:00+00:00,67217.04
2026-03-09 04:01:00+00:00,67242.0
2026-03-09 04:02:00+00:00,67266.04
2026-03-09 04:03:00+00:00,67222.0
2026-03-09 04:04:00+00:00,67219.65
2026-03-09 04:05:00+00:00,67230.04
2026-03-09 04:06:00+00:00,67276.39
2026-03-09 04:07:00+00:00,67235.15
2026-03-09 04:08:00+00:00,67220.16
2026-03-09 04:09:00+00:00,67205.02
2026-03-09 04:10:00+00:00,67220.17
2026-03-09 04:11:00+00:00,67219.19
2026-03-09 04:12:00+00:00,67211.12
2026-03-09 04:13:00+00:00,67201.22
2026-03-09 04:14:00+00:00,67180.73
2026-03-09 04:15:00+00:00,67194.01
2026-03-09 04:16:00+00:00,67197.6
2026-03-09 04:17:00+00:00,67197.69
2026-03-09 04:18:00+00:00,67210.27
2026-03-09 04:19:00+00:00,67254.36
2026-03-09 04:20:00+00:00,67336.88
2026-03-09 04:21:00+00:00,67358.78
2026-03-09 04:22:00+00:00,67349.99
2026-03-09 04:23:00+00:00,67370.09
2026-03-09 04:24:00+00:00,67370.41
2026-03-09 04:25:00+00:00,67446.0
2026-03-09 04:26:00+00:00,67541.03
2026-03-09 04:27:00+00:00,67597.34
2026-03-09 04:28:00+00:00,67564.7
2026-03-09 04:29:00+00:00,67565.37
2026-03-09 04:30:00+00:00,67507.78
2026-03-09 04:31:00+00:00,67503.33
2026-03-09 04:32:00+00:00,67505.31
2026-03-09 04:33:00+00:00,67498.0
2026-03-09 04:34:00+00:00,67510.0
2026-03-09 04:35:00+00:00,67524.59
2026-03-09 04:36:00+00:00,67504.05
2026-03-09 04:37:00+00:00,67528.93
2026-03-09 04:38:00+00:00,67531.36
2026-03-09 04:39:00+00:00,67522.84
2026-03-09 04:40:00+00:00,67424.02
2026-03-09 04:41:00+00:00,67420.35
2026-03-09 04:42:00+00:00,67453.24
2026-03-09 04:43:00+00:00,67469.15
2026-03-09 04:44:00+00:00,67504.6
2026-03-09 04:45:00+00:00,67525.49
2026-03-09 04:46:00+00:00,67460.0
2026-03-09 04:47:00+00:00,67442.47
2026-03-09 04:48:00+00:00,67426.78
2026-03-09 04:49:00+00:00,67454.63
2026-03-09 04:50:00+00:00,67482.6
2026-03-09 04:51:00+00:00,67446.09
2026-03-09 04:52:00+00:00,67379.54
2026-03-09 04:53:00+00:00,67378.24
2026-03-09 04:54:00+00:00,67384.05
2026-03-09 04:55:00+00:00,67236.14
2026-03-09 04:56:00+00:00,67200.96
2026-03-09 04:57:00+00:00,67202.04
2026-03-09 04:58:00+00:00,67180.01
2026-03-09 04:59:00+00:00,67150.63
2026-03-09 05:00:00+00:00,67148.0
2026-03-09 05:01:00+00:00,67154.41
2026-03-09 05:02:00+00:00,67153.69
2026-03-09 05:03:00+00:00,67186.58
2026-03-09 05:04:00+00:00,67214.3
2026-03-09 05:05:00+00:00,67206.91
2026-03-09 05:06:00+00:00,67166.45
2026-03-09 05:07:00+00:00,67146.53
2026-03-09 05:08:00+00:00,67168.45
2026-03-09 05:09:00+00:00,67202.23
2026-03-09 05:10:00+00:00,67145.99
2026-03-09 05:11:00+00:00,67151.75
2026-03-09 05:12:00+00:00,67139.43
2026-03-09 05:13:00+00:00,67155.69
2026-03-09 05:14:00+00:00,67159.77
2026-03-09 05:15:00+00:00,67159.66
2026-03-09 05:16:00+00:00,67170.63
2026-03-09 05:17:00+00:00,67178.09
2026-03-09 05:18:00+00:00,67199.12
2026-03-09 05:19:00+00:00,67185.99
2026-03-09 05:20:00+00:00,67171.79
2026-03-09 05:21:00+00:00,67334.0
2026-03-09 05:22:00+00:00,67391.11
2026-03-09 05:23:00+00:00,67285.57
2026-03-09 05:24:00+00:00,67296.32
2026-03-09 05:25:00+00:00,67325.37
2026-03-09 05:26:00+00:00,67333.27
2026-03-09 05:27:00+00:00,67350.31
2026-03-09 05:28:00+00:00,67386.71
2026-03-09 05:29:00+00:00,67382.09
2026-03-09 05:30:00+00:00,67434.26
2026-03-09 05:31:00+00:00,67550.01
2026-03-09 05:32:00+00:00,67593.38
2026-03-09 05:33:00+00:00,67611.95
2026-03-09 05:34:00+00:00,67582.87
2026-03-09 05:35:00+00:00,67527.88
2026-03-09 05:36:00+00:00,67534.0
2026-03-09 05:37:00+00:00,67575.22
2026-03-09 05:38:00+00:00,67514.21
2026-03-09 05:39:00+00:00,67579.92
2026-03-09 05:40:00+00:00,67609.71
2026-03-09 05:41:00+00:00,67704.9
2026-03-09 05:42:00+00:00,67847.65
2026-03-09 05:43:00+00:00,67885.56
2026-03-09 05:44:00+00:00,67914.27
2026-03-09 05:45:00+00:00,67899.98
2026-03-09 05:46:00+00:00,67873.09
2026-03-09 05:47:00+00:00,67798.01
2026-03-09 05:48:00+00:00,67826.0
2026-03-09 05:49:00+00:00,68016.01
2026-03-09 05:50:00+00:00,68011.85
2026-03-09 05:51:00+00:00,67993.5
2026-03-09 05:52:00+00:00,67934.35
2026-03-09 05:53:00+00:00,67852.93
2026-03-09 05:54:00+00:00,67827.27
2026-03-09 05:55:00+00:00,67834.03
2026-03-09 05:56:00+00:00,67856.63
2026-03-09 05:57:00+00:00,67840.85
2026-03-09 05:58:00+00:00,67893.21
2026-03-09 05:59:00+00:00,67901.55
2026-03-09 06:00:00+00:00,67842.25
2026-03-09 06:01:00+00:00,67851.37
2026-03-09 06:02:00+00:00,67806.91
2026-03-09 06:03:00+00:00,67777.98
2026-03-09 06:04:00+00:00,67755.99
2026-03-09 06:05:00+00:00,67680.05
2026-03-09 06:06:00+00:00,67660.28
2026-03-09 06:07:00+00:00,67640.99
2026-03-09 06:08:00+00:00,67621.99
2026-03-09 06:09:00+00:00,67629.44
2026-03-09 06:10:00+00:00,67698.01
2026-03-09 06:11:00+00:00,67607.04
2026-03-09 06:12:00+00:00,67629.35
2026-03-09 06:13:00+00:00,67664.24
2026-03-09 06:14:00+00:00,67613.71
2026-03-09 06:15:00+00:00,67585.18
2026-03-09 06:16:00+00:00,67618.01
2026-03-09 06:17:00+00:00,67688.3
2026-03-09 06:18:00+00:00,67655.99
2026-03-09 06:19:00+00:00,67589.33
2026-03-09 06:20:00+00:00,67526.43
2026-03-09 06:21:00+00:00,67593.61
2026-03-09 06:22:00+00:00,67554.18
2026-03-09 06:23:00+00:00,67563.31
2026-03-09 06:24:00+00:00,67567.32
2026-03-09 06:25:00+00:00,67594.19
2026-03-09 06:26:00+00:00,67523.14
2026-03-09 06:27:00+00:00,67525.26
2026-03-09 06:28:00+00:00,67483.17
2026-03-09 06:29:00+00:00,67497.99
2026-03-09 06:30:00+00:00,67496.0
2026-03-09 06:31:00+00:00,67545.01
2026-03-09 06:32:00+00:00,67498.01
2026-03-09 06:33:00+00:00,67450.77
2026-03-09 06:34:00+00:00,67462.13
2026-03-09 06:35:00+00:00,67423.6
2026-03-09 06:36:00+00:00,67422.68
2026-03-09 06:37:00+00:00,67378.72
2026-03-09 06:38:00+00:00,67388.48
2026-03-09 06:39:00+00:00,67403.99
2026-03-09 06:40:00+00:00,67356.64
2026-03-09 06:41:00+00:00,67317.48
2026-03-09 06:42:00+00:00,67344.8
2026-03-09 06:43:00+00:00,67375.4
2026-03-09 06:44:00+00:00,67351.93
2026-03-09 06:45:00+00:00,67320.0
2026-03-09 06:46:00+00:00,67277.07
2026-03-09 06:47:00+00:00,67258.45
2026-03-09 06:48:00+00:00,67309.58
2026-03-09 06:49:00+00:00,67335.89
2026-03-09 06:50:00+00:00,67324.63
2026-03-09 06:51:00+00:00,67359.98
2026-03-09 06:52:00+00:00,67267.52
2026-03-09 06:53:00+00:00,67300.87
2026-03-09 06:54:00+00:00,67318.1
2026-03-09 06:55:00+00:00,67288.33
2026-03-09 06:56:00+00:00,67285.74
2026-03-09 06:57:00+00:00,67267.23
2026-03-09 06:58:00+00:00,67283.23
2026-03-09 06:59:00+00:00,67255.0
2026-03-09 07:00:00+00:00,67266.2
2026-03-09 07:01:00+00:00,67252.87
2026-03-09 07:02:00+00:00,67196.5
2026-03-09 07:03:00+00:00,67136.69
2026-03-09 07:04:00+00:00,67180.0
2026-03-09 07:05:00+00:00,67118.0
2026-03-09 07:06:00+00:00,67186.0
2026-03-09 07:07:00+00:00,67209.22
2026-03-09 07:08:00+00:00,67192.37
2026-03-09 07:09:00+00:00,67235.41
2026-03-09 07:10:00+00:00,67237.02
2026-03-09 07:11:00+00:00,67288.41
2026-03-09 07:12:00+00:00,67206.77
2026-03-09 07:13:00+00:00,67167.87
2026-03-09 07:14:00+00:00,67178.09
2026-03-09 07:15:00+00:00,67250.0
2026-03-09 07:16:00+00:00,67198.59
2026-03-09 07:17:00+00:00,67090.0
2026-03-09 07:18:00+00:00,66901.99
2026-03-09 07:19:00+00:00,66989.89
2026-03-09 07:20:00+00:00,67049.22
2026-03-09 07:21:00+00:00,67025.28
2026-03-09 07:22:00+00:00,67097.04
2026-03-09 07:23:00+00:00,67107.0
2026-03-09 07:24:00+00:00,67141.26
2026-03-09 07:25:00+00:00,67196.51
2026-03-09 07:26:00+00:00,67216.81
2026-03-09 07:27:00+00:00,67254.01
2026-03-09 07:28:00+00:00,67234.31
2026-03-09 07:29:00+00:00,67193.86
2026-03-09 07:30:00+00:00,67235.95
2026-03-09 07:31:00+00:00,67297.22
2026-03-09 07:32:00+00:00,67280.67
2026-03-09 07:33:00+00:00,67261.16
2026-03-09 07:34:00+00:00,67281.16
2026-03-09 07:35:00+00:00,67325.15
2026-03-09 07:36:00+00:00,67420.05
2026-03-09 07:37:00+00:00,67434.09
2026-03-09 07:38:00+00:00,67396.37
2026-03-09 07:39:00+00:00,67372.71
2026-03-09 07:40:00+00:00,67385.86
2026-03-09 07:41:00+00:00,67376.18
2026-03-09 07:42:00+00:00,67451.62
2026-03-09 07:43:00+00:00,67439.99
2026-03-09 07:44:00+00:00,67409.27
2026-03-09 07:45:00+00:00,67380.6
2026-03-09 07:46:00+00:00,67446.35
2026-03-09 07:47:00+00:00,67429.96
2026-03-09 07:48:00+00:00,67429.47
2026-03-09 07:49:00+00:00,67456.87
2026-03-09 07:50:00+00:00,67458.26
2026-03-09 07:51:00+00:00,67420.89
2026-03-09 07:52:00+00:00,67446.0
2026-03-09 07:53:00+00:00,67480.26
2026-03-09 07:54:00+00:00,67495.01
2026-03-09 07:55:00+00:00,67501.99
2026-03-09 07:56:00+00:00,67513.06
2026-03-09 07:57:00+00:00,67529.99
2026-03-09 07:58:00+00:00,67525.25
2026-03-09 07:59:00+00:00,67533.14
2026-03-09 08:00:00+00:00,67556.06
2026-03-09 08:01:00+00:00,67566.28
2026-03-09 08:02:00+00:00,67495.38
2026-03-09 08:03:00+00:00,67493.18
2026-03-09 08:04:00+00:00,67476.45
2026-03-09 08:05:00+00:00,67501.14
2026-03-09 08:06:00+00:00,67500.01
2026-03-09 08:07:00+00:00,67515.26
2026-03-09 08:08:00+00:00,67645.51
2026-03-09 08:09:00+00:00,67594.15
2026-03-09 08:10:00+00:00,67529.4
2026-03-09 08:11:00+00:00,67530.51
2026-03-09 08:12:00+00:00,67572.0
2026-03-09 08:13:00+00:00,67531.45
2026-03-09 08:14:00+00:00,67549.99
2026-03-09 08:15:00+00:00,67501.57
2026-03-09 08:16:00+00:00,67422.67
2026-03-09 08:17:00+00:00,67493.68
2026-03-09 08:18:00+00:00,67512.36
2026-03-09 08:19:00+00:00,67451.61
2026-03-09 08:20:00+00:00,67476.88
2026-03-09 08:21:00+00:00,67549.94
2026-03-09 08:22:00+00:00,67635.0
2026-03-09 08:23:00+00:00,67738.28
2026-03-09 08:24:00+00:00,67704.14
2026-03-09 08:25:00+00:00,67691.02
2026-03-09 08:26:00+00:00,67804.03
2026-03-09 08:27:00+00:00,67775.1
2026-03-09 08:28:00+00:00,67807.95
2026-03-09 08:29:00+00:00,67799.03
2026-03-09 08:30:00+00:00,67796.8
2026-03-09 08:31:00+00:00,67768.32
2026-03-09 08:32:00+00:00,67811.91
2026-03-09 08:33:00+00:00,67813.15
2026-03-09 08:34:00+00:00,67842.04
2026-03-09 08:35:00+00:00,67809.56
2026-03-09 08:36:00+00:00,67831.0
2026-03-09 08:37:00+00:00,67746.17
2026-03-09 08:38:00+00:00,67724.74
2026-03-09 08:39:00+00:00,67714.75
2026-03-09 08:40:00+00:00,67691.25
2026-03-09 08:41:00+00:00,67701.45
2026-03-09 08:42:00+00:00,67765.99
2026-03-09 08:43:00+00:00,67756.71
2026-03-09 08:44:00+00:00,67778.14
2026-03-09 08:45:00+00:00,67756.69
2026-03-09 08:46:00+00:00,67817.44
2026-03-09 08:47:00+00:00,67798.77
2026-03-09 08:48:00+00:00,67835.59
2026-03-09 08:49:00+00:00,67736.46
2026-03-09 08:50:00+00:00,67772.73
2026-03-09 08:51:00+00:00,67832.96
2026-03-09 08:52:00+00:00,67884.84
2026-03-09 08:53:00+00:00,67898.71
2026-03-09 08:54:00+00:00,67880.31
2026-03-09 08:55:00+00:00,67843.91
2026-03-09 08:56:00+00:00,67867.16
2026-03-09 08:57:00+00:00,67822.45
2026-03-09 08:58:00+00:00,67820.4
2026-03-09 08:59:00+00:00,67806.0
2026-03-09 09:00:00+00:00,67785.62
2026-03-09 09:01:00+00:00,67814.54
2026-03-09 09:02:00+00:00,67775.1
2026-03-09 09:03:00+00:00,67772.2
2026-03-09 09:04:00+00:00,67756.69
2026-03-09 09:05:00+00:00,67725.13
2026-03-09 09:06:00+00:00,67565.68
2026-03-09 09:07:00+00:00,67592.34
2026-03-09 09:08:00+00:00,67654.02
2026-03-09 09:09:00+00:00,67641.08
2026-03-09 09:10:00+00:00,67604.16
2026-03-09 09:11:00+00:00,67641.99
2026-03-09 09:12:00+00:00,67710.82
2026-03-09 09:13:00+00:00,67733.02
2026-03-09 09:14:00+00:00,67820.95
2026-03-09 09:15:00+00:00,67859.25
2026-03-09 09:16:00+00:00,67846.45
2026-03-09 09:17:00+00:00,67914.49
2026-03-09 09:18:00+00:00,67914.05
2026-03-09 09:19:00+00:00,67813.65
2026-03-09 09:20:00+00:00,67846.04
2026-03-09 09:21:00+00:00,67882.93
2026-03-09 09:22:00+00:00,67895.69
2026-03-09 09:23:00+00:00,67925.01
2026-03-09 09:24:00+00:00,67976.02
2026-03-09 09:25:00+00:00,67948.68
2026-03-09 09:26:00+00:00,67976.39
2026-03-09 09:27:00+00:00,68017.06
2026-03-09 09:28:00+00:00,68008.0
2026-03-09 09:29:00+00:00,68001.3
2026-03-09 09:30:00+00:00,67903.96
2026-03-09 09:31:00+00:00,67972.34
2026-03-09 09:32:00+00:00,68109.19
2026-03-09 09:33:00+00:00,68238.15
2026-03-09 09:34:00+00:00,68163.54
2026-03-09 09:35:00+00:00,68337.92
2026-03-09 09:36:00+00:00,68289.86
2026-03-09 09:37:00+00:00,68269.55
2026-03-09 09:38:00+00:00,68285.32
2026-03-09 09:39:00+00:00,68290.55
2026-03-09 09:40:00+00:00,68239.09
2026-03-09 09:41:00+00:00,68322.14
2026-03-09 09:42:00+00:00,68381.31
2026-03-09 09:43:00+00:00,68380.0
2026-03-09 09:44:00+00:00,68348.58
2026-03-09 09:45:00+00:00,68408.93
2026-03-09 09:46:00+00:00,68326.0
2026-03-09 09:47:00+00:00,68269.97
2026-03-09 09:48:00+00:00,68272.17
2026-03-09 09:49:00+00:00,68261.66
2026-03-09 09:50:00+00:00,68209.06
2026-03-09 09:51:00+00:00,68206.42
2026-03-09 09:52:00+00:00,68146.89
2026-03-09 09:53:00+00:00,68135.42
2026-03-09 09:54:00+00:00,68106.7
2026-03-09 09:55:00+00:00,68080.17
2026-03-09 09:56:00+00:00,68026.76
2026-03-09 09:57:00+00:00,67944.5
2026-03-09 09:58:00+00:00,68003.48
2026-03-09 09:59:00+00:00,67974.97
2026-03-09 10:00:00+00:00,68018.01
2026-03-09 10:01:00+00:00,67996.02
2026-03-09 10:02:00+00:00,67905.48
2026-03-09 10:03:00+00:00,68043.35
2026-03-09 10:04:00+00:00,68024.95
2026-03-09 10:05:00+00:00,68001.3
2026-03-09 10:06:00+00:00,68037.6
2026-03-09 10:07:00+00:00,68032.99
2026-03-09 10:08:00+00:00,67938.14
2026-03-09 10:09:00+00:00,68021.52
2026-03-09 10:10:00+00:00,67975.88
2026-03-09 10:11:00+00:00,67961.03
2026-03-09 10:12:00+00:00,67975.57
2026-03-09 10:13:00+00:00,67891.96
2026-03-09 10:14:00+00:00,67921.99
2026-03-09 10:15:00+00:00,67834.44
2026-03-09 10:16:00+00:00,67900.0
2026-03-09 10:17:00+00:00,67870.95
2026-03-09 10:18:00+00:00,67831.59
2026-03-09 10:19:00+00:00,67843.2
2026-03-09 10:20:00+00:00,67878.82
2026-03-09 10:21:00+00:00,67916.79
2026-03-09 10:22:00+00:00,67896.08
2026-03-09 10:23:00+00:00,67863.48
2026-03-09 10:24:00+00:00,67871.88
2026-03-09 10:25:00+00:00,67879.61
2026-03-09 10:26:00+00:00,67903.79
2026-03-09 10:27:00+00:00,67878.2
2026-03-09 10:28:00+00:00,67843.97
2026-03-09 10:29:00+00:00,67780.39
2026-03-09 10:30:00+00:00,67753.03
2026-03-09 10:31:00+00:00,67756.0
2026-03-09 10:32:00+00:00,67763.35
2026-03-09 10:33:00+00:00,67751.76
2026-03-09 10:34:00+00:00,67813.99
2026-03-09 10:35:00+00:00,67801.99
2026-03-09 10:36:00+00:00,67803.99
2026-03-09 10:37:00+00:00,67809.21
2026-03-09 10:38:00+00:00,67651.16
2026-03-09 10:39:00+00:00,67701.31
2026-03-09 10:40:00+00:00,67686.98
2026-03-09 10:41:00+00:00,67682.71
2026-03-09 10:42:00+00:00,67669.69
2026-03-09 10:43:00+00:00,67605.55
2026-03-09 10:44:00+00:00,67670.0
2026-03-09 10:45:00+00:00,67595.25
2026-03-09 10:46:00+00:00,67638.47
2026-03-09 10:47:00+00:00,67669.68
2026-03-09 10:48:00+00:00,67660.9
2026-03-09 10:49:00+00:00,67657.2
2026-03-09 10:50:00+00:00,67613.53
2026-03-09 10:51:00+00:00,67652.0
2026-03-09 10:52:00+00:00,67625.99
2026-03-09 10:53:00+00:00,67632.23
2026-03-09 10:54:00+00:00,67651.91
2026-03-09 10:55:00+00:00,67607.28
2026-03-09 10:56:00+00:00,67579.2
2026-03-09 10:57:00+00:00,67593.89
2026-03-09 10:58:00+00:00,67607.53
2026-03-09 10:59:00+00:00,67592.67
2026-03-09 11:00:00+00:00,67591.89
2026-03-09 11:01:00+00:00,67662.27
2026-03-09 11:02:00+00:00,67719.6
2026-03-09 11:03:00+00:00,67648.03
2026-03-09 11:04:00+00:00,67645.89
2026-03-09 11:05:00+00:00,67664.04
2026-03-09 11:06:00+00:00,67732.1
2026-03-09 11:07:00+00:00,67721.07
2026-03-09 11:08:00+00:00,67706.43
2026-03-09 11:09:00+00:00,67707.13
2026-03-09 11:10:00+00:00,67675.92
2026-03-09 11:11:00+00:00,67682.16
2026-03-09 11:12:00+00:00,67717.72
2026-03-09 11:13:00+00:00,67703.43
2026-03-09 11:14:00+00:00,67682.17
2026-03-09 11:15:00+00:00,67679.41
2026-03-09 11:16:00+00:00,67607.28
2026-03-09 11:17:00+00:00,67476.21
2026-03-09 11:18:00+00:00,67436.34
2026-03-09 11:19:00+00:00,67421.93
2026-03-09 11:20:00+00:00,67348.98
2026-03-09 11:21:00+00:00,67377.0
2026-03-09 11:22:00+00:00,67450.0
2026-03-09 11:23:00+00:00,67485.6
2026-03-09 11:24:00+00:00,67498.0
2026-03-09 11:25:00+00:00,67516.8
2026-03-09 11:26:00+00:00,67490.18
2026-03-09 11:27:00+00:00,67505.32
2026-03-09 11:28:00+00:00,67461.95
2026-03-09 11:29:00+00:00,67461.84
2026-03-09 11:30:00+00:00,67489.9
2026-03-09 11:31:00+00:00,67491.84
2026-03-09 11:32:00+00:00,67461.93
2026-03-09 11:33:00+00:00,67481.99
2026-03-09 11:34:00+00:00,67576.09
2026-03-09 11:35:00+00:00,67610.79
2026-03-09 11:36:00+00:00,67584.47
2026-03-09 11:37:00+00:00,67642.99
2026-03-09 11:38:00+00:00,67601.06
2026-03-09 11:39:00+00:00,67643.64
2026-03-09 11:40:00+00:00,67607.55
2026-03-09 11:41:00+00:00,67595.48
2026-03-09 11:42:00+00:00,67615.96
2026-03-09 11:43:00+00:00,67606.11
2026-03-09 11:44:00+00:00,67626.93
2026-03-09 11:45:00+00:00,67613.99
2026-03-09 11:46:00+00:00,67675.01
2026-03-09 11:47:00+00:00,67666.23
2026-03-09 11:48:00+00:00,67640.84
2026-03-09 11:49:00+00:00,67592.0
2026-03-09 11:50:00+00:00,67591.67
2026-03-09 11:51:00+00:00,67631.72
2026-03-09 11:52:00+00:00,67683.17
2026-03-09 11:53:00+00:00,67728.23
2026-03-09 11:54:00+00:00,67767.85
2026-03-09 11:55:00+00:00,67816.31
2026-03-09 11:56:00+00:00,67814.0
2026-03-09 11:57:00+00:00,67772.18
2026-03-09 11:58:00+00:00,67775.76
2026-03-09 11:59:00+00:00,67755.33
2026-03-09 12:00:00+00:00,67769.53
2026-03-09 12:01:00+00:00,67816.62
2026-03-09 12:02:00+00:00,67813.19
2026-03-09 12:03:00+00:00,67850.93
2026-03-09 12:04:00+00:00,67869.29
2026-03-09 12:05:00+00:00,67855.64
2026-03-09 12:06:00+00:00,67880.0
2026-03-09 12:07:00+00:00,67864.93
2026-03-09 12:08:00+00:00,67844.4
2026-03-09 12:09:00+00:00,67836.5
2026-03-09 12:10:00+00:00,67810.0
2026-03-09 12:11:00+00:00,67778.89
2026-03-09 12:12:00+00:00,67808.04
2026-03-09 12:13:00+00:00,67848.11
2026-03-09 12:14:00+00:00,67895.67
2026-03-09 12:15:00+00:00,67934.52
2026-03-09 12:16:00+00:00,67897.45
2026-03-09 12:17:00+00:00,67891.81
2026-03-09 12:18:00+00:00,67895.1
2026-03-09 12:19:00+00:00,67985.08
2026-03-09 12:20:00+00:00,68000.42
2026-03-09 12:21:00+00:00,67966.08
2026-03-09 12:22:00+00:00,68069.04
2026-03-09 12:23:00+00:00,68035.45
2026-03-09 12:24:00+00:00,68078.86
2026-03-09 12:25:00+00:00,68016.0
2026-03-09 12:26:00+00:00,68012.89
2026-03-09 12:27:00+00:00,68087.75
2026-03-09 12:28:00+00:00,68109.6
2026-03-09 12:29:00+00:00,68139.69
2026-03-09 12:30:00+00:00,68138.01
2026-03-09 12:31:00+00:00,68114.85
2026-03-09 12:32:00+00:00,68072.03
2026-03-09 12:33:00+00:00,67994.02
2026-03-09 12:34:00+00:00,67998.72
2026-03-09 12:35:00+00:00,68000.41
2026-03-09 12:36:00+00:00,68052.61
2026-03-09 12:37:00+00:00,68245.16
2026-03-09 12:38:00+00:00,68250.0
2026-03-09 12:39:00+00:00,68270.38
2026-03-09 12:40:00+00:00,68252.0
2026-03-09 12:41:00+00:00,68331.01
2026-03-09 12:42:00+00:00,68202.83
2026-03-09 12:43:00+00:00,68140.8
2026-03-09 12:44:00+00:00,68118.55
2026-03-09 12:45:00+00:00,68147.89
2026-03-09 12:46:00+00:00,68121.45
2026-03-09 12:47:00+00:00,68112.72
2026-03-09 12:48:00+00:00,68091.71
2026-03-09 12:49:00+00:00,68099.73
2026-03-09 12:50:00+00:00,68073.47
2026-03-09 12:51:00+00:00,68103.36
2026-03-09 12:52:00+00:00,68076.98
2026-03-09 12:53:00+00:00,68103.35
2026-03-09 12:54:00+00:00,68081.52
2026-03-09 12:55:00+00:00,68095.98
2026-03-09 12:56:00+00:00,68127.53
2026-03-09 12:57:00+00:00,68149.53
2026-03-09 12:58:00+00:00,68206.62
2026-03-09 12:59:00+00:00,68150.04
2026-03-09 13:00:00+00:00,68166.35
2026-03-09 13:01:00+00:00,68184.75
2026-03-09 13:02:00+00:00,68238.34
2026-03-09 13:03:00+00:00,68237.53
2026-03-09 13:04:00+00:00,68262.48
2026-03-09 13:05:00+00:00,68310.54
2026-03-09 13:06:00+00:00,68271.84
2026-03-09 13:07:00+00:00,68263.26
2026-03-09 13:08:00+00:00,68250.61
2026-03-09 13:09:00+00:00,68284.32
2026-03-09 13:10:00+00:00,68441.95
2026-03-09 13:11:00+00:00,68515.2
2026-03-09 13:12:00+00:00,68508.0
2026-03-09 13:13:00+00:00,68455.02
2026-03-09 13:14:00+00:00,68468.23
2026-03-09 13:15:00+00:00,68403.91
2026-03-09 13:16:00+00:00,68388.11
2026-03-09 13:17:00+00:00,68378.58
2026-03-09 13:18:00+00:00,68304.69
2026-03-09 13:19:00+00:00,68290.57
2026-03-09 13:20:00+00:00,68234.39
2026-03-09 13:21:00+00:00,68219.25
2026-03-09 13:22:00+00:00,68209.45
2026-03-09 13:23:00+00:00,68212.67
2026-03-09 13:24:00+00:00,68215.99
2026-03-09 13:25:00+00:00,68524.56
2026-03-09 13:26:00+00:00,68687.71
2026-03-09 13:27:00+00:00,68684.0
2026-03-09 13:28:00+00:00,68742.07
2026-03-09 13:29:00+00:00,68770.01
2026-03-09 13:30:00+00:00,68785.04
2026-03-09 13:31:00+00:00,68753.46
2026-03-09 13:32:00+00:00,68861.52
2026-03-09 13:33:00+00:00,68755.45
2026-03-09 13:34:00+00:00,69009.91
2026-03-09 13:35:00+00:00,68956.91
2026-03-09 13:36:00+00:00,68756.13
2026-03-09 13:37:00+00:00,68772.91
2026-03-09 13:38:00+00:00,68791.16
2026-03-09 13:39:00+00:00,68749.99
2026-03-09 13:40:00+00:00,68816.0
2026-03-09 13:41:00+00:00,68796.07
2026-03-09 13:42:00+00:00,68870.03
2026-03-09 13:43:00+00:00,69179.89
2026-03-09 13:44:00+00:00,69238.0
2026-03-09 13:45:00+00:00,69050.01
2026-03-09 13:46:00+00:00,69173.52
2026-03-09 13:47:00+00:00,69299.48
2026-03-09 13:48:00+00:00,69184.0
2026-03-09 13:49:00+00:00,68958.23
2026-03-09 13:50:00+00:00,68912.17
2026-03-09 13:51:00+00:00,69020.0
2026-03-09 13:52:00+00:00,69035.99
2026-03-09 13:53:00+00:00,68845.0
2026-03-09 13:54:00+00:00,68902.53
2026-03-09 13:55:00+00:00,69026.65
2026-03-09 13:56:00+00:00,69022.41
2026-03-09 13:57:00+00:00,69066.18
2026-03-09 13:58:00+00:00,69028.25
2026-03-09 13:59:00+00:00,68988.3
2026-03-09 14:00:00+00:00,68964.48
2026-03-09 14:01:00+00:00,69001.92
2026-03-09 14:02:00+00:00,69173.86
2026-03-09 14:03:00+00:00,69107.99
2026-03-09 14:04:00+00:00,69078.21
2026-03-09 14:05:00+00:00,68825.8
2026-03-09 14:06:00+00:00,68797.34
2026-03-09 14:07:00+00:00,68817.99
2026-03-09 14:08:00+00:00,68771.19
2026-03-09 14:09:00+00:00,68770.43
2026-03-09 14:10:00+00:00,68755.19
2026-03-09 14:11:00+00:00,68746.01
2026-03-09 14:12:00+00:00,68783.52
2026-03-09 14:13:00+00:00,68815.77
2026-03-09 14:14:00+00:00,68856.0
2026-03-09 14:15:00+00:00,68876.02
2026-03-09 14:16:00+00:00,69235.92
2026-03-09 14:17:00+00:00,69269.15
2026-03-09 14:18:00+00:00,69158.32
2026-03-09 14:19:00+00:00,69083.99
2026-03-09 14:20:00+00:00,69138.17
2026-03-09 14:21:00+00:00,69016.26
2026-03-09 14:22:00+00:00,69229.98
2026-03-09 14:23:00+00:00,69185.99
2026-03-09 14:24:00+00:00,69194.12
2026-03-09 14:25:00+00:00,69280.07
2026-03-09 14:26:00+00:00,69252.03
2026-03-09 14:27:00+00:00,69075.51
2026-03-09 14:28:00+00:00,69181.6
2026-03-09 14:29:00+00:00,69189.12
2026-03-09 14:30:00+00:00,69243.8
2026-03-09 14:31:00+00:00,69337.35
2026-03-09 14:32:00+00:00,69179.77
2026-03-09 14:33:00+00:00,69160.0
2026-03-09 14:34:00+00:00,69289.5
2026-03-09 14:35:00+00:00,69285.35
2026-03-09 14:36:00+00:00,69280.08
2026-03-09 14:37:00+00:00,69349.73
2026-03-09 14:38:00+00:00,69387.45
2026-03-09 14:39:00+00:00,69369.14
2026-03-09 14:40:00+00:00,69389.35
2026-03-09 14:41:00+00:00,69416.88
2026-03-09 14:42:00+00:00,69376.76
2026-03-09 14:43:00+00:00,69349.85
2026-03-09 14:44:00+00:00,69439.34
2026-03-09 14:45:00+00:00,69405.49
2026-03-09 14:46:00+00:00,69364.02
